Africa	6th of October City	29.8167	31.0500	Africa/Cairo	eg
Africa	Aba	5.1066	7.3667	Africa/Lagos	ng
Africa	Abakaliki	6.3248	8.1137	Africa/Lagos	ng
Africa	Abengourou	6.7297	-3.4964	Africa/Abidjan	ci
Africa	Abeokuta	7.1557	3.3451	Africa/Lagos	ng
Africa	Abnūb	27.2688	31.1523	Africa/Cairo	eg
Africa	Abobo	5.4161	-4.0159	Africa/Abidjan	ci
Africa	Abomey	7.1829	1.9912	Africa/Porto-Novo	bj
Africa	Abomey-Calavi	6.4485	2.3557	Africa/Porto-Novo	bj
Africa	Abéché	13.8292	20.8324	Africa/Ndjamena	td
Africa	Abū Kabīr	30.7251	31.6715	Africa/Cairo	eg
Africa	Abū Tīj	27.0451	31.3184	Africa/Cairo	eg
Africa	Ad-Damazin	11.7891	34.3592	Africa/Khartoum	sd
Africa	Ad-Damir	17.5990	33.9721	Africa/Khartoum	sd
Africa	Ado-Ekiti	7.6233	5.2209	Africa/Lagos	ng
Africa	Agadez	16.9733	7.9911	Africa/Niamey	ne
Africa	Agadir	30.4202	-9.5982	Africa/Casablanca	ma
Africa	Agege	6.6156	3.3334	Africa/Lagos	ng
Africa	Ait Melloul	30.3416	-9.5036	Africa/Casablanca	ma
Africa	Ajdabiya	30.7554	20.2263	Africa/Tripoli	ly
Africa	Ajegunle	6.4520	3.3312	Africa/Lagos	ng
Africa	Akure	7.2526	5.1931	Africa/Lagos	ng
Africa	Al Ajaylat	32.7572	12.3763	Africa/Tripoli	ly
Africa	Al Bayḑā’	32.7627	21.7551	Africa/Tripoli	ly
Africa	Al Fashn	28.8231	30.8990	Africa/Cairo	eg
Africa	Al Fayyum	29.3100	30.8418	Africa/Cairo	eg
Africa	Al Fqih Ben Çalah	32.5021	-6.6877	Africa/Casablanca	ma
Africa	Al Hoceïma	35.2516	-3.9372	Africa/Casablanca	ma
Africa	Al Jumayl	32.8529	12.0612	Africa/Tripoli	ly
Africa	Al Khums	32.6486	14.2619	Africa/Tripoli	ly
Africa	Al Khuşūş	30.1529	31.3150	Africa/Cairo	eg
Africa	Al Mansurah	31.0364	31.3807	Africa/Cairo	eg
Africa	Al Manzalah	31.1582	31.9360	Africa/Cairo	eg
Africa	Al Manāqil	14.2459	32.9891	Africa/Khartoum	sd
Africa	Al Maţarīyah	31.1829	32.0311	Africa/Cairo	eg
Africa	Al Maḩallah al Kubrá	30.9706	31.1669	Africa/Cairo	eg
Africa	Al Qadarif	14.0349	35.3834	Africa/Khartoum	sd
Africa	Al Ḩawāmidīyah	29.9000	31.2500	Africa/Cairo	eg
Africa	Al ‘Āshir min Ramaḑān	30.2964	31.7463	Africa/Cairo	eg
Africa	Al-'Ubūr	30.2289	31.4815	Africa/Cairo	eg
Africa	Al-Junaynah	13.4526	22.4473	Africa/Khartoum	sd
Africa	Amaigbo	5.7892	7.8383	Africa/Lagos	ng
Africa	Amanfrom	5.5353	-0.3983	Africa/Accra	gh
Africa	An Nuhūd	12.7000	28.4333	Africa/Khartoum	sd
Africa	Angoche	-16.2325	39.9086	Africa/Maputo	mz
Africa	Annaba	36.9000	7.7667	Africa/Algiers	dz
Africa	Antsirabe	-19.8659	47.0333	Indian/Antananarivo	mg
Africa	Antsiranana	-12.3173	49.2919	Indian/Antananarivo	mg
Africa	Anyama	5.4946	-4.0518	Africa/Abidjan	ci
Africa	Arba Minch	6.0333	37.5500	Africa/Addis_Ababa	et
Africa	Arlit	18.7369	7.3853	Africa/Niamey	ne
Africa	Arusha	-3.3667	36.6833	Africa/Dar_es_Salaam	tz
Africa	Arīsh	31.1316	33.7984	Africa/Cairo	eg
Africa	As Sinbillāwayn	30.8825	31.4627	Africa/Cairo	eg
Africa	Ashaiman	5.6995	-0.0348	Africa/Accra	gh
Africa	Ashmūn	30.2974	30.9764	Africa/Cairo	eg
Africa	Assiut	27.1810	31.1837	Africa/Cairo	eg
Africa	Aswān	24.0908	32.8994	Africa/Cairo	eg
Africa	Atani	6.0128	6.7477	Africa/Lagos	ng
Africa	Atbara	17.7022	33.9864	Africa/Khartoum	sd
Africa	Atsiaman	5.6978	-0.3282	Africa/Accra	gh
Africa	Awasa	7.0621	38.4763	Africa/Addis_Ababa	et
Africa	Awka	6.2127	7.0720	Africa/Lagos	ng
Africa	Az Zāwīyah	32.7571	12.7276	Africa/Tripoli	ly
Africa	Azare	11.6748	10.1907	Africa/Lagos	ng
Africa	Aïn Beïda	35.7964	7.3928	Africa/Algiers	dz
Africa	Bab Ezzouar	36.7261	3.1829	Africa/Algiers	dz
Africa	Bafoussam	5.4778	10.4176	Africa/Douala	cm
Africa	Bahir Dar	11.5936	37.3908	Africa/Addis_Ababa	et
Africa	Baidoa	3.1138	43.6498	Africa/Mogadishu	so
Africa	Bakwa	4.1263	27.3953	Africa/Lubumbashi	cd
Africa	Balombo	-12.3543	14.7723	Africa/Luanda	ao
Africa	Bama	11.5213	13.6895	Africa/Lagos	ng
Africa	Bamenda	5.9597	10.1460	Africa/Douala	cm
Africa	Bandundu Province	-3.3169	17.3806	Africa/Kinshasa	cd
Africa	Banfora	10.6406	-4.7528	Africa/Ouagadougou	bf
Africa	Banhā	30.4598	31.1842	Africa/Cairo	eg
Africa	Banī Mazār	28.4946	30.8053	Africa/Cairo	eg
Africa	Banī Suwayf	29.0744	31.0979	Africa/Cairo	eg
Africa	Baraki	36.6666	3.0961	Africa/Algiers	dz
Africa	Bariadi	-2.8000	33.9833	Africa/Dar_es_Salaam	tz
Africa	Bata	1.8639	9.7658	Africa/Malabo	gq
Africa	Batna	35.5560	6.1741	Africa/Algiers	dz
Africa	Bauchi	10.3103	9.8439	Africa/Lagos	ng
Africa	Baía Farta	-12.6042	13.1967	Africa/Luanda	ao
Africa	Beau Bassin-Rose Hill	-20.2333	57.4661	Indian/Mauritius	mu
Africa	Beira	-19.8436	34.8389	Africa/Maputo	mz
Africa	Benghazi	32.1149	20.0686	Africa/Tripoli	ly
Africa	Benguela	-12.5767	13.4027	Africa/Luanda	ao
Africa	Beni	0.4911	29.4731	Africa/Lubumbashi	cd
Africa	Beni Mellal	32.3372	-6.3498	Africa/Casablanca	ma
Africa	Benin City	6.3381	5.6258	Africa/Lagos	ng
Africa	Benoni	-26.1885	28.3208	Africa/Johannesburg	za
Africa	Berbera	10.4396	45.0143	Africa/Mogadishu	so
Africa	Berbérati	4.2612	15.7922	Africa/Bangui	cf
Africa	Berkane	34.9200	-2.3200	Africa/Casablanca	ma
Africa	Berrechid	33.2655	-7.5875	Africa/Casablanca	ma
Africa	Bertoua	4.5773	13.6846	Africa/Douala	cm
Africa	Bhisho	-32.8472	27.4422	Africa/Johannesburg	za
Africa	Bida	9.0804	6.0099	Africa/Lagos	ng
Africa	Bilbeis	30.4204	31.5622	Africa/Cairo	eg
Africa	Bilqās	31.2145	31.3580	Africa/Cairo	eg
Africa	Bimbo	4.2567	18.4158	Africa/Bangui	cf
Africa	Birnin Kebbi	12.4539	4.1975	Africa/Lagos	ng
Africa	Bishoftu	8.7523	38.9785	Africa/Addis_Ababa	et
Africa	Biskra	34.8504	5.7280	Africa/Algiers	dz
Africa	Bizerte	37.2744	9.8739	Africa/Tunis	tn
Africa	Blantyre	-15.7850	35.0085	Africa/Blantyre	mw
Africa	Blida	36.4700	2.8277	Africa/Algiers	dz
Africa	Bloemfontein	-29.1211	26.2140	Africa/Johannesburg	za
Africa	Bo	7.9647	-11.7383	Africa/Freetown	sl
Africa	Bobo-Dioulasso	11.1806	-4.2949	Africa/Ouagadougou	bf
Africa	Bocoio	-12.4702	14.1369	Africa/Luanda	ao
Africa	Boksburg	-26.2120	28.2596	Africa/Johannesburg	za
Africa	Boma	-5.8510	13.0536	Africa/Kinshasa	cd
Africa	Bondoukou	8.0402	-2.8000	Africa/Abidjan	ci
Africa	Bonon	6.9268	-6.0489	Africa/Abidjan	ci
Africa	Borama	9.9361	43.1828	Africa/Mogadishu	so
Africa	Bordj Bou Arreridj	36.0739	4.7614	Africa/Algiers	dz
Africa	Botshabelo	-29.2674	26.7260	Africa/Johannesburg	za
Africa	Bou Saâda	35.2086	4.1740	Africa/Algiers	dz
Africa	Bouaflé	6.9904	-5.7442	Africa/Abidjan	ci
Africa	Bouaké	7.6939	-5.0303	Africa/Abidjan	ci
Africa	Bouskoura	33.4498	-7.6524	Africa/Casablanca	ma
Africa	Brits	-25.6347	27.7802	Africa/Johannesburg	za
Africa	Buea	4.1534	9.2423	Africa/Douala	cm
Africa	Buguma	4.7361	6.8624	Africa/Lagos	ng
Africa	Bukama	-9.2044	25.8547	Africa/Lubumbashi	cd
Africa	Bukavu	-2.4908	28.8428	Africa/Lubumbashi	cd
Africa	Bukoba	-1.3317	31.8122	Africa/Dar_es_Salaam	tz
Africa	Bulawayo	-20.1500	28.5833	Africa/Harare	zw
Africa	Bumba	2.1877	22.4683	Africa/Kinshasa	cd
Africa	Bunamwaya	0.2534	32.5572	Africa/Kampala	ug
Africa	Bunda	-2.0215	33.8711	Africa/Dar_es_Salaam	tz
Africa	Bunia	1.5594	30.2522	Africa/Lubumbashi	cd
Africa	Burayu	9.0353	38.6608	Africa/Addis_Ababa	et
Africa	Butembo	0.1416	29.2912	Africa/Lubumbashi	cd
Africa	Béchar	31.6167	-2.2167	Africa/Algiers	dz
Africa	Bégoua	4.4544	18.5347	Africa/Bangui	cf
Africa	Béjaïa	36.7559	5.0843	Africa/Algiers	dz
Africa	Būsh	29.1482	31.1273	Africa/Cairo	eg
Africa	Cabinda	-5.5620	12.1948	Africa/Luanda	ao
Africa	Cabudwaaq	6.2458	46.2247	Africa/Addis_Ababa	so
Africa	Calabar	4.9589	8.3270	Africa/Lagos	ng
Africa	Calumbo	-9.1469	13.4194	Africa/Luanda	ao
Africa	Camama	-8.9361	13.2652	Africa/Luanda	ao
Africa	Camayenne	9.5350	-13.6878	Africa/Conakry	gn
Africa	Cape Coast	5.1053	-1.2466	Africa/Accra	gh
Africa	Carletonville	-26.3609	27.3977	Africa/Johannesburg	za
Africa	Carnot	4.9427	15.8773	Africa/Bangui	cf
Africa	Catchiungo	-12.5660	16.2259	Africa/Luanda	ao
Africa	Caála	-12.8525	15.5606	Africa/Luanda	ao
Africa	Centurion	-25.8589	28.1858	Africa/Johannesburg	za
Africa	Chakwama	11.5596	9.6641	Africa/Lagos	ng
Africa	Chililabombwe	-12.3648	27.8229	Africa/Lusaka	zm
Africa	Chimoio	-19.1164	33.4833	Africa/Maputo	mz
Africa	Chingola	-12.5290	27.8838	Africa/Lusaka	zm
Africa	Chipata	-13.6333	32.6500	Africa/Lusaka	zm
Africa	Chitato	-7.3000	20.7333	Africa/Luanda	ao
Africa	Chitungwiza	-18.0127	31.0755	Africa/Harare	zw
Africa	Chlef	36.1653	1.3345	Africa/Algiers	dz
Africa	Chunga	-15.3174	28.2687	Africa/Lusaka	zm
Africa	Constantine	36.3650	6.6147	Africa/Algiers	dz
Africa	Cotonou	6.3654	2.4183	Africa/Porto-Novo	bj
Africa	Cuíto	-12.3833	16.9333	Africa/Luanda	ao
Africa	Dabou	5.3256	-4.3769	Africa/Abidjan	ci
Africa	Dakhla	23.6848	-15.9580	Africa/El_Aaiun	eh
Africa	Daloa	6.8773	-6.4502	Africa/Abidjan	ci
Africa	Damanhur	31.0341	30.4682	Africa/Cairo	eg
Africa	Damietta	31.4165	31.8133	Africa/Cairo	eg
Africa	Daoukro	7.0591	-3.9631	Africa/Abidjan	ci
Africa	Dar Bouazza	33.5153	-7.8168	Africa/Casablanca	ma
Africa	Dar es Salaam	-6.8235	39.2695	Africa/Dar_es_Salaam	tz
Africa	Darnah	32.7670	22.6367	Africa/Tripoli	ly
Africa	Dayrūţ	27.5564	30.8106	Africa/Cairo	eg
Africa	Debre Birhan	9.6795	39.5326	Africa/Addis_Ababa	et
Africa	Debre Mark’os	10.3500	37.7333	Africa/Addis_Ababa	et
Africa	Debre Tabor	11.8500	38.0167	Africa/Addis_Ababa	et
Africa	Dessie	11.1333	39.6333	Africa/Addis_Ababa	et
Africa	Dikirnis	31.0890	31.5948	Africa/Cairo	eg
Africa	Diourbel	14.6479	-16.2436	Africa/Dakar	sn
Africa	Dire Dawa	9.5931	41.8661	Africa/Addis_Ababa	et
Africa	Disūq	31.1326	30.6478	Africa/Cairo	eg
Africa	Divo	5.8374	-5.3572	Africa/Abidjan	ci
Africa	Djelfa	34.6728	3.2630	Africa/Algiers	dz
Africa	Dolisie	-4.1983	12.6666	Africa/Brazzaville	cg
Africa	Douala	4.0483	9.7043	Africa/Douala	cm
Africa	Dubréka	9.7911	-13.5233	Africa/Conakry	gn
Africa	Duekoué	6.7420	-7.3492	Africa/Abidjan	ci
Africa	Dundo	-7.3664	20.8156	Africa/Luanda	ao
Africa	Dīla	6.4167	38.3167	Africa/Addis_Ababa	et
Africa	East London	-33.0153	27.9116	Africa/Johannesburg	za
Africa	Ebute Ikorodu	6.6009	3.4882	Africa/Lagos	ng
Africa	Ede	7.7363	4.4354	Africa/Lagos	ng
Africa	Edéa	3.8000	10.1333	Africa/Douala	cm
Africa	Efon-Alaaye	7.6565	4.9223	Africa/Lagos	ng
Africa	Ejigbo	7.9030	4.3136	Africa/Lagos	ng
Africa	El Achir	36.0639	4.6274	Africa/Algiers	dz
Africa	El Daein	11.4619	26.1258	Africa/Khartoum	sd
Africa	El Dibir	11.7667	51.2167	Africa/Mogadishu	so
Africa	El Eulma	36.1528	5.6902	Africa/Algiers	dz
Africa	El Fasher	13.6279	25.3494	Africa/Khartoum	sd
Africa	El Jadida	33.2568	-8.5088	Africa/Casablanca	ma
Africa	El Kelaa des Srarhna	32.0512	-7.4108	Africa/Casablanca	ma
Africa	El Mourouj	36.7136	10.2096	Africa/Tunis	tn
Africa	El Obeid	13.1842	30.2167	Africa/Khartoum	sd
Africa	El Oued	33.3561	6.8632	Africa/Algiers	dz
Africa	Eldoret	0.5204	35.2699	Africa/Nairobi	ke
Africa	Emalahleni	-25.8713	29.2332	Africa/Johannesburg	za
Africa	Enugu	6.4413	7.4988	Africa/Lagos	ng
Africa	Ermelo	-26.5333	29.9833	Africa/Johannesburg	za
Africa	Errachidia	31.9314	-4.4266	Africa/Casablanca	ma
Africa	Esna	25.2934	32.5540	Africa/Cairo	eg
Africa	Esuk Oron	4.8029	8.2534	Africa/Lagos	ng
Africa	Etwatwa	-26.1252	28.4547	Africa/Johannesburg	za
Africa	Evaton	-26.5333	27.8500	Africa/Johannesburg	za
Africa	Fes	34.0331	-5.0003	Africa/Casablanca	ma
Africa	Fianarantsoa	-21.4527	47.0857	Indian/Antananarivo	mg
Africa	Foumban	5.7266	10.8986	Africa/Douala	cm
Africa	Franceville	-1.6333	13.5836	Africa/Libreville	ga
Africa	Francistown	-21.1700	27.5078	Africa/Gaborone	bw
Africa	Funtua	11.5235	7.3117	Africa/Lagos	ng
Africa	Fāqūs	30.7282	31.7970	Africa/Cairo	eg
Africa	Gabela	-10.8515	14.3799	Africa/Luanda	ao
Africa	Gabès	33.8815	10.0982	Africa/Tunis	tn
Africa	Gagnoa	6.1319	-5.9506	Africa/Abidjan	ci
Africa	Gandajika	-6.7450	23.9533	Africa/Lubumbashi	cd
Africa	Gao	16.2717	-0.0447	Africa/Bamako	ml
Africa	Garissa	-0.4527	39.6460	Africa/Nairobi	ke
Africa	Gashua	12.8740	11.0406	Africa/Lagos	ng
Africa	Gboko	7.3228	9.0011	Africa/Lagos	ng
Africa	Gbongan	7.4773	4.3535	Africa/Lagos	ng
Africa	Geita	-2.8725	32.2325	Africa/Dar_es_Salaam	tz
Africa	Gemena	3.2565	19.7723	Africa/Kinshasa	cd
Africa	George	-33.9630	22.4617	Africa/Johannesburg	za
Africa	Gereida	11.2754	25.1403	Africa/Khartoum	sd
Africa	Germiston	-26.2348	28.1766	Africa/Johannesburg	za
Africa	Ghardaïa	32.4909	3.6735	Africa/Algiers	dz
Africa	Girga	26.3372	31.8929	Africa/Cairo	eg
Africa	Godomè	6.3895	2.3458	Africa/Porto-Novo	bj
Africa	Goma	-1.6741	29.2284	Africa/Lubumbashi	cd
Africa	Gombe	10.2897	11.1673	Africa/Lagos	ng
Africa	Gonder	12.6000	37.4667	Africa/Addis_Ababa	et
Africa	Gqeberha	-33.9611	25.6149	Africa/Johannesburg	za
Africa	Guelma	36.4621	7.4261	Africa/Algiers	dz
Africa	Guelmim	28.9870	-10.0574	Africa/Casablanca	ma
Africa	Gulu	2.7746	32.2990	Africa/Kampala	ug
Africa	Gurúè	-15.4669	36.9778	Africa/Maputo	mz
Africa	Gusau	12.1702	6.6641	Africa/Lagos	ng
Africa	Gweru	-19.4500	29.8167	Africa/Harare	zw
Africa	Hadejia	12.4535	10.0412	Africa/Lagos	ng
Africa	Hammamet	36.4000	10.6167	Africa/Tunis	tn
Africa	Hammanskraal	-25.4089	28.2870	Africa/Johannesburg	za
Africa	Handeni	-5.4333	38.0167	Africa/Dar_es_Salaam	tz
Africa	Harar	9.3139	42.1181	Africa/Addis_Ababa	et
Africa	Hargeysa	9.5600	44.0650	Africa/Mogadishu	so
Africa	Ho	6.6008	0.4713	Africa/Accra	gh
Africa	Hoima	1.4331	31.3524	Africa/Kampala	ug
Africa	Hosa’ina	7.5498	37.8537	Africa/Addis_Ababa	et
Africa	Huambo	-12.7761	15.7392	Africa/Luanda	ao
Africa	Hurghada	27.2574	33.8129	Africa/Cairo	eg
Africa	Ibadan	7.3776	3.9059	Africa/Lagos	ng
Africa	Ibanda	-0.1340	30.4962	Africa/Kampala	ug
Africa	Idkū	31.3073	30.2981	Africa/Cairo	eg
Africa	Ifakara	-8.1333	36.6833	Africa/Dar_es_Salaam	tz
Africa	Igboho	8.8378	3.7563	Africa/Lagos	ng
Africa	Ijebu Ode	6.8194	3.9173	Africa/Lagos	ng
Africa	Ijebu-Igbo	6.9720	3.9994	Africa/Lagos	ng
Africa	Ijero-Ekiti	7.8151	5.0672	Africa/Lagos	ng
Africa	Ikare	7.5259	5.7534	Africa/Lagos	ng
Africa	Ikere-Ekiti	7.4975	5.2304	Africa/Lagos	ng
Africa	Ikire	7.3698	4.1863	Africa/Lagos	ng
Africa	Ikirun	7.9128	4.6674	Africa/Lagos	ng
Africa	Ikot Ekpene	5.1819	7.7148	Africa/Lagos	ng
Africa	Ila Orangun	8.0171	4.9042	Africa/Lagos	ng
Africa	Ile-Ife	7.4824	4.5603	Africa/Lagos	ng
Africa	Ilebo	-4.3311	20.5864	Africa/Lubumbashi	cd
Africa	Ilesa	7.6279	4.7416	Africa/Lagos	ng
Africa	Ilobu	7.8388	4.4867	Africa/Lagos	ng
Africa	Ilorin	8.4966	4.5421	Africa/Lagos	ng
Africa	Inda Silasē	14.1031	38.2829	Africa/Addis_Ababa	et
Africa	Inisa	7.8486	4.3298	Africa/Lagos	ng
Africa	Inkisi	-5.1312	15.0541	Africa/Kinshasa	cd
Africa	Irewe	6.4169	3.1406	Africa/Lagos	ng
Africa	Iringa	-7.7667	35.7000	Africa/Dar_es_Salaam	tz
Africa	Ise-Ekiti	7.4648	5.4233	Africa/Lagos	ng
Africa	Iseyin	7.9702	3.5963	Africa/Lagos	ng
Africa	Isiro	2.7739	27.6160	Africa/Lubumbashi	cd
Africa	Ismailia	30.6043	32.2722	Africa/Cairo	eg
Africa	Iwo	7.6353	4.1816	Africa/Lagos	ng
Africa	Jalingo	8.8937	11.3596	Africa/Lagos	ng
Africa	Janzūr	32.8187	13.0173	Africa/Tripoli	ly
Africa	Jijel	36.8210	5.7635	Africa/Algiers	dz
Africa	Jijiga	9.3500	42.8000	Africa/Addis_Ababa	et
Africa	Jimeta	9.2795	12.4582	Africa/Lagos	ng
Africa	Jimma	7.6734	36.8344	Africa/Addis_Ababa	et
Africa	Jomvu	-3.9862	39.6082	Africa/Nairobi	ke
Africa	Jos	9.9285	8.8921	Africa/Lagos	ng
Africa	Juja	-1.1015	37.0132	Africa/Nairobi	ke
Africa	Kabinda	-6.1379	24.4818	Africa/Lubumbashi	cd
Africa	Kabwe	-14.4469	28.4464	Africa/Lusaka	zm
Africa	Kadoma	-18.3333	29.9153	Africa/Harare	zw
Africa	Kaduna	10.5264	7.4388	Africa/Lagos	ng
Africa	Kafr ad Dawwār	31.1338	30.1297	Africa/Cairo	eg
Africa	Kafr ash Shaykh	31.1117	30.9399	Africa/Cairo	eg
Africa	Kafue	-15.7691	28.1814	Africa/Lusaka	zm
Africa	Kahama	-3.8333	32.6000	Africa/Dar_es_Salaam	tz
Africa	Kairouan	35.6781	10.0963	Africa/Tunis	tn
Africa	Kakamega	0.2842	34.7523	Africa/Nairobi	ke
Africa	Kalaban Koro	12.5733	-8.0291	Africa/Bamako	ml
Africa	Kalemie	-5.9475	29.1947	Africa/Lubumbashi	cd
Africa	Kalulushi	-12.8415	28.0948	Africa/Lusaka	zm
Africa	Kamina	-8.7351	24.9980	Africa/Lubumbashi	cd
Africa	Kamsar	10.6500	-14.6167	Africa/Conakry	gn
Africa	Kananga	-5.8962	22.4166	Africa/Lubumbashi	cd
Africa	Kankan	10.3854	-9.3057	Africa/Conakry	gn
Africa	Kaolack	14.1520	-16.0726	Africa/Dakar	sn
Africa	Kara	9.5511	1.1861	Africa/Lome	tg
Africa	Kariega	-33.7556	25.4007	Africa/Johannesburg	za
Africa	Karuri	-1.1764	36.7564	Africa/Nairobi	ke
Africa	Karuri (KE)	-0.7000	37.1833	Africa/Nairobi	ke
Africa	Kasama	-10.2129	31.1808	Africa/Lusaka	zm
Africa	Kasese	0.1833	30.0833	Africa/Kampala	ug
Africa	Kassala	15.4510	36.4000	Africa/Khartoum	sd
Africa	Kasulu	-4.5767	30.1025	Africa/Dar_es_Salaam	tz
Africa	Katabi	0.0841	32.4697	Africa/Kampala	ug
Africa	Kati	12.7441	-8.0726	Africa/Bamako	ml
Africa	Katsina	12.9908	7.6018	Africa/Lagos	ng
Africa	Katumba	-9.2333	33.6167	Africa/Dar_es_Salaam	tz
Africa	Kaya	13.0883	-1.0837	Africa/Ouagadougou	bf
Africa	Kayes	14.4478	-11.4439	Africa/Bamako	ml
Africa	Kenema	7.8769	-11.1903	Africa/Freetown	sl
Africa	Kenitra	34.2610	-6.5802	Africa/Casablanca	ma
Africa	Khartoum North	15.6493	32.5346	Africa/Khartoum	sd
Africa	Khemisset	33.8240	-6.0663	Africa/Casablanca	ma
Africa	Khenchela	35.4358	7.1433	Africa/Algiers	dz
Africa	Khenifra	32.9349	-5.6617	Africa/Casablanca	ma
Africa	Khouribga	32.8811	-6.9063	Africa/Casablanca	ma
Africa	Khwisero	0.1712	34.5947	Africa/Nairobi	ke
Africa	Kiambu	-1.1714	36.8356	Africa/Nairobi	ke
Africa	Kibaha	-6.7667	38.9167	Africa/Dar_es_Salaam	tz
Africa	Kigoma	-4.8769	29.6267	Africa/Dar_es_Salaam	tz
Africa	Kikolo	-8.7815	13.3338	Africa/Luanda	ao
Africa	Kikuyu	-1.2463	36.6629	Africa/Nairobi	ke
Africa	Kikwit	-5.0410	18.8162	Africa/Kinshasa	cd
Africa	Kimberley	-28.7323	24.7623	Africa/Johannesburg	za
Africa	Kindia	10.0569	-12.8658	Africa/Conakry	gn
Africa	Kindu	-2.9437	25.9224	Africa/Lubumbashi	cd
Africa	Kipushi	-11.7610	27.2513	Africa/Lubumbashi	cd
Africa	Kira	0.4000	32.6333	Africa/Kampala	ug
Africa	Kirdāsah	30.0310	31.1111	Africa/Cairo	eg
Africa	Kisangani	0.5153	25.1910	Africa/Lubumbashi	cd
Africa	Kisi	9.0830	3.8520	Africa/Lagos	ng
Africa	Kisii	-0.6817	34.7667	Africa/Nairobi	ke
Africa	Kismayo	-0.3582	42.5454	Africa/Mogadishu	so
Africa	Kissidougou	9.1848	-10.0999	Africa/Conakry	gn
Africa	Kisumu	-0.1022	34.7617	Africa/Nairobi	ke
Africa	Kitale	1.0157	35.0062	Africa/Nairobi	ke
Africa	Kitengela	-1.4761	36.9614	Africa/Nairobi	ke
Africa	Kitwe	-12.8024	28.2132	Africa/Lusaka	zm
Africa	Klerksdorp	-26.8521	26.6667	Africa/Johannesburg	za
Africa	Koforidua	6.0941	-0.2591	Africa/Accra	gh
Africa	Koidu	8.6439	-10.9714	Africa/Freetown	sl
Africa	Kolda	12.8939	-14.9413	Africa/Dakar	sn
Africa	Kolwezi	-10.7148	25.4667	Africa/Lubumbashi	cd
Africa	Kom Ombo	24.4767	32.9463	Africa/Cairo	eg
Africa	Kombolcha	11.0816	39.7434	Africa/Addis_Ababa	et
Africa	Korhogo	9.4580	-5.6296	Africa/Abidjan	ci
Africa	Kosti	13.1629	32.6635	Africa/Khartoum	sd
Africa	Koudougou	12.2519	-2.3669	Africa/Ouagadougou	bf
Africa	Koumassi	5.2972	-3.9675	Africa/Abidjan	ci
Africa	Kousséri	12.0769	15.0306	Africa/Douala	cm
Africa	Koutiala	12.3872	-5.4651	Africa/Bamako	ml
Africa	Kroonstad	-27.6504	27.2349	Africa/Johannesburg	za
Africa	Krugersdorp	-26.0858	27.7752	Africa/Johannesburg	za
Africa	Ksar El Kebir	35.0004	-5.9038	Africa/Casablanca	ma
Africa	Kumasi	6.6885	-1.6244	Africa/Accra	gh
Africa	Kumba	4.6363	9.4469	Africa/Douala	cm
Africa	Kumbo	6.2000	10.6667	Africa/Douala	cm
Africa	KwaDukuza	-29.3282	31.2895	Africa/Johannesburg	za
Africa	Kwekwe	-18.9281	29.8149	Africa/Harare	zw
Africa	Kyengera	0.2952	32.5016	Africa/Kampala	ug
Africa	Laayoune	27.1418	-13.1880	Africa/El_Aaiun	eh
Africa	Labé	11.3182	-12.2833	Africa/Conakry	gn
Africa	Ladysmith	-28.5587	29.7790	Africa/Johannesburg	za
Africa	Lafia	8.4939	8.5153	Africa/Lagos	ng
Africa	Lafiagi	8.8530	5.4164	Africa/Lagos	ng
Africa	Laghouat	33.8000	2.8651	Africa/Algiers	dz
Africa	Larache	35.1932	-6.1557	Africa/Casablanca	ma
Africa	Lekki	6.4463	3.4772	Africa/Lagos	ng
Africa	Lichinga	-13.3128	35.2406	Africa/Maputo	mz
Africa	Likasi	-10.9830	26.7384	Africa/Lubumbashi	cd
Africa	Limbe	4.0236	9.2061	Africa/Douala	cm
Africa	Limuru	-1.1136	36.6420	Africa/Nairobi	ke
Africa	Lira	2.2499	32.8999	Africa/Kampala	ug
Africa	Lisala	2.1513	21.5167	Africa/Kinshasa	cd
Africa	Livingstone	-17.8419	25.8543	Africa/Lusaka	zm
Africa	Lobito	-12.3644	13.5360	Africa/Luanda	ao
Africa	Louga	15.6187	-16.2244	Africa/Dakar	sn
Africa	Luanshya	-13.1367	28.4166	Africa/Lusaka	zm
Africa	Lubango	-14.9172	13.4925	Africa/Luanda	ao
Africa	Lucapa	-8.4192	20.7447	Africa/Luanda	ao
Africa	Luena	-11.7833	19.9167	Africa/Luanda	ao
Africa	Lugazi	0.3679	32.9376	Africa/Kampala	ug
Africa	Luxor	25.6989	32.6421	Africa/Cairo	eg
Africa	M'Sila	35.7089	4.5372	Africa/Algiers	dz
Africa	Maghāghah	28.6478	30.8410	Africa/Cairo	eg
Africa	Mahajanga	-15.7167	46.3167	Indian/Antananarivo	mg
Africa	Maianga	-8.8469	13.2370	Africa/Luanda	ao
Africa	Maiduguri	11.8469	13.1571	Africa/Lagos	ng
Africa	Makumbako	-8.8500	34.8333	Africa/Dar_es_Salaam	tz
Africa	Makurdi	7.7337	8.5214	Africa/Lagos	ng
Africa	Malakal	9.5334	31.6605	Africa/Juba	ss
Africa	Malanje	-9.5402	16.3410	Africa/Luanda	ao
Africa	Malindi	-3.2180	40.1169	Africa/Nairobi	ke
Africa	Mallawī	27.7326	30.8413	Africa/Cairo	eg
Africa	Man	7.4125	-7.5538	Africa/Abidjan	ci
Africa	Mandera	3.9373	41.8569	Africa/Nairobi	ke
Africa	Mandimba	-14.3525	35.6506	Africa/Maputo	mz
Africa	Manfalūţ	27.3126	30.9699	Africa/Cairo	eg
Africa	Mansa	-11.1998	28.8943	Africa/Lusaka	zm
Africa	Manzini	-26.4988	31.3800	Africa/Mbabane	sz
Africa	Manéah	9.7333	-13.4167	Africa/Conakry	gn
Africa	Maradi	13.5000	7.1017	Africa/Niamey	ne
Africa	Marka	1.7159	44.7717	Africa/Mogadishu	so
Africa	Maroua	10.5909	14.3159	Africa/Douala	cm
Africa	Marsá Maţrūḩ	31.3529	27.2372	Africa/Cairo	eg
Africa	Masaka	-0.3338	31.7341	Africa/Kampala	ug
Africa	Mascara	35.3966	0.1403	Africa/Algiers	dz
Africa	Masina	-4.3836	15.3914	Africa/Kinshasa	cd
Africa	Masindi	1.6744	31.7150	Africa/Kampala	ug
Africa	Matadi	-5.8386	13.4631	Africa/Kinshasa	cd
Africa	Matola	-25.9622	32.4589	Africa/Maputo	mz
Africa	Matuga	-4.1680	39.5707	Africa/Nairobi	ke
Africa	Maxixe	-23.8597	35.3472	Africa/Maputo	mz
Africa	Mazabuka	-15.8560	27.7480	Africa/Lusaka	zm
Africa	Mbaké	14.7903	-15.9080	Africa/Dakar	sn
Africa	Mbale	1.0821	34.1750	Africa/Kampala	ug
Africa	Mbandaka	0.0486	18.2603	Africa/Kinshasa	cd
Africa	Mbanza Kongo	-6.2667	14.2383	Africa/Luanda	ao
Africa	Mbanza-Ngungu	-5.2584	14.8584	Africa/Kinshasa	cd
Africa	Mbarara	-0.6047	30.6485	Africa/Kampala	ug
Africa	Mbeya	-8.9000	33.4500	Africa/Dar_es_Salaam	tz
Africa	Mbombela	-25.4751	30.9693	Africa/Johannesburg	za
Africa	Mbour	14.4220	-16.9638	Africa/Dakar	sn
Africa	Mbuji-Mayi	-6.1360	23.5898	Africa/Lubumbashi	cd
Africa	Mdantsane	-32.9332	27.7766	Africa/Johannesburg	za
Africa	Medina Estates	5.6658	-0.1631	Africa/Accra	gh
Africa	Mek'ele	13.4967	39.4753	Africa/Addis_Ababa	et
Africa	Meknes	33.8935	-5.5473	Africa/Casablanca	ma
Africa	Menongue	-14.6585	17.6910	Africa/Luanda	ao
Africa	Middelburg	-25.7751	29.4648	Africa/Johannesburg	za
Africa	Minna	9.6152	6.5478	Africa/Lagos	ng
Africa	Minya	28.0919	30.7581	Africa/Cairo	eg
Africa	Misratah	32.3753	15.0925	Africa/Tripoli	ly
Africa	Mityana	0.4175	32.0228	Africa/Kampala	ug
Africa	Mlolongo	-1.3964	36.9403	Africa/Nairobi	ke
Africa	Moanda	-5.9275	12.3715	Africa/Kinshasa	cd
Africa	Mocuba	-16.8375	36.9856	Africa/Maputo	mz
Africa	Modakeke	7.3830	4.2603	Africa/Lagos	ng
Africa	Mohammedia	33.6861	-7.3830	Africa/Casablanca	ma
Africa	Mokopane	-24.1944	29.0097	Africa/Johannesburg	za
Africa	Mongu	-15.2484	23.1274	Africa/Lusaka	zm
Africa	Mopti	14.4843	-4.1830	Africa/Bamako	ml
Africa	Morogoro	-6.8210	37.6612	Africa/Dar_es_Salaam	tz
Africa	Moshi	-3.3500	37.3333	Africa/Dar_es_Salaam	tz
Africa	Mossamedes	-15.1961	12.1522	Africa/Luanda	ao
Africa	Mostaganem	35.9312	0.0892	Africa/Algiers	dz
Africa	Moundou	8.5744	16.0772	Africa/Ndjamena	td
Africa	Mpanda	-6.3438	31.0695	Africa/Dar_es_Salaam	tz
Africa	Mpumalanga	-29.8129	30.6365	Africa/Johannesburg	za
Africa	Mthatha	-31.5889	28.7844	Africa/Johannesburg	za
Africa	Mtwara	-10.2667	40.1833	Africa/Dar_es_Salaam	tz
Africa	Mubende	0.5585	31.3949	Africa/Kampala	ug
Africa	Mubi	10.2686	13.2670	Africa/Lagos	ng
Africa	Mufulira	-12.5498	28.2407	Africa/Lusaka	zm
Africa	Mukono	0.3533	32.7553	Africa/Kampala	ug
Africa	Munūf	30.4660	30.9320	Africa/Cairo	eg
Africa	Musanze	-1.4998	29.6350	Africa/Kigali	rw
Africa	Musoma	-1.5000	33.8000	Africa/Dar_es_Salaam	tz
Africa	Mutare	-18.9707	32.6709	Africa/Harare	zw
Africa	Mwala	-1.3525	37.4548	Africa/Nairobi	ke
Africa	Mwanza	-2.5167	32.9000	Africa/Dar_es_Salaam	tz
Africa	Mwene	-9.8170	22.8702	Africa/Lubumbashi	cd
Africa	Mwene-Ditu	-7.0091	23.4528	Africa/Lubumbashi	cd
Africa	Mzuzu	-11.4656	34.0207	Africa/Blantyre	mw
Africa	Médéa	36.2642	2.7539	Africa/Algiers	dz
Africa	Mīt Ghamr	30.7152	31.2592	Africa/Cairo	eg
Africa	N'dalatando	-9.2978	14.9116	Africa/Luanda	ao
Africa	Nacala	-14.5626	40.6854	Africa/Maputo	mz
Africa	Nador	35.1681	-2.9335	Africa/Casablanca	ma
Africa	Naivasha	-0.7138	36.4326	Africa/Nairobi	ke
Africa	Nakuru	-0.3072	36.0722	Africa/Nairobi	ke
Africa	Nampula	-15.1165	39.2666	Africa/Maputo	mz
Africa	Nansana	0.3639	32.5286	Africa/Kampala	ug
Africa	Nazrēt	8.5500	39.2667	Africa/Addis_Ababa	et
Africa	Ndola	-12.9587	28.6366	Africa/Lusaka	zm
Africa	Nek’emtē	9.0833	36.5500	Africa/Addis_Ababa	et
Africa	New Cairo	30.0300	31.4700	Africa/Cairo	eg
Africa	Newcastle (ZA)	-27.7580	29.9318	Africa/Johannesburg	za
Africa	Ngaoundéré	7.3277	13.5847	Africa/Douala	cm
Africa	Ngong	-1.3527	36.6699	Africa/Nairobi	ke
Africa	Nguru	12.8770	10.4554	Africa/Lagos	ng
Africa	Nigel	-26.4314	28.4771	Africa/Johannesburg	za
Africa	Njeru	0.4417	33.1792	Africa/Kampala	ug
Africa	Nkayi	-4.1840	13.2859	Africa/Brazzaville	cg
Africa	Nkongsamba	4.9547	9.9404	Africa/Douala	cm
Africa	Nnewi	6.0196	6.9173	Africa/Lagos	ng
Africa	Nouadhibou	20.9419	-17.0384	Africa/Nouakchott	mr
Africa	Nsukka	6.8578	7.3958	Africa/Lagos	ng
Africa	Ntuzuma	-29.7390	30.9490	Africa/Johannesburg	za
Africa	Nyala	12.0489	24.8807	Africa/Khartoum	sd
Africa	Nzega	-4.2167	33.1833	Africa/Dar_es_Salaam	tz
Africa	Nzérékoré	7.7562	-8.8179	Africa/Conakry	gn
Africa	Obalende	6.4469	3.4153	Africa/Lagos	ng
Africa	Obuase	6.2023	-1.6680	Africa/Accra	gh
Africa	Offa	8.1491	4.7207	Africa/Lagos	ng
Africa	Ogbomoso	8.1337	4.2401	Africa/Lagos	ng
Africa	Okene	7.5512	6.2359	Africa/Lagos	ng
Africa	Okigwe	5.8292	7.3506	Africa/Lagos	ng
Africa	Okrika	4.7421	7.0837	Africa/Lagos	ng
Africa	Omdurman	15.6445	32.4777	Africa/Khartoum	sd
Africa	Ondjiva	-17.0667	15.7333	Africa/Luanda	ao
Africa	Ondo	7.0932	4.8353	Africa/Lagos	ng
Africa	Ongata Rongai	-1.3953	36.7640	Africa/Nairobi	ke
Africa	Onitsha	6.1498	6.7857	Africa/Lagos	ng
Africa	Orkney	-26.9802	26.6727	Africa/Johannesburg	za
Africa	Osogbo	7.7710	4.5570	Africa/Lagos	ng
Africa	Ota	6.6887	3.2320	Africa/Lagos	ng
Africa	Ouahigouya	13.5769	-2.4179	Africa/Ouagadougou	bf
Africa	Ouargla	31.9493	5.3250	Africa/Algiers	dz
Africa	Oued Zem	32.8627	-6.5736	Africa/Casablanca	ma
Africa	Oujda	34.6814	-1.9086	Africa/Casablanca	ma
Africa	Owerri	5.4836	7.0332	Africa/Lagos	ng
Africa	Owo	7.1962	5.5868	Africa/Lagos	ng
Africa	Oyo	7.8537	3.9324	Africa/Lagos	ng
Africa	Paarl	-33.7338	18.9752	Africa/Johannesburg	za
Africa	Panguíla	-8.6934	13.4491	Africa/Luanda	ao
Africa	Parakou	9.3372	2.6303	Africa/Porto-Novo	bj
Africa	Pemba	-12.9740	40.5177	Africa/Maputo	mz
Africa	Phalaborwa	-23.9430	31.1411	Africa/Johannesburg	za
Africa	Pietermaritzburg	-29.6168	30.3928	Africa/Johannesburg	za
Africa	Pikine	14.7646	-17.3907	Africa/Dakar	sn
Africa	Pindiga	9.9843	10.9523	Africa/Lagos	ng
Africa	Pinetown	-29.8207	30.8867	Africa/Johannesburg	za
Africa	Pointe-Noire	-4.7761	11.8635	Africa/Brazzaville	cg
Africa	Polokwane	-23.9045	29.4688	Africa/Johannesburg	za
Africa	Port Harcourt	4.7774	7.0134	Africa/Lagos	ng
Africa	Port Said	31.2653	32.3019	Africa/Cairo	eg
Africa	Port Sudan	19.6175	37.2164	Africa/Khartoum	sd
Africa	Port-Gentil	-0.7193	8.7815	Africa/Libreville	ga
Africa	Potchefstroom	-26.7167	27.1000	Africa/Johannesburg	za
Africa	Qalyub	30.1792	31.2056	Africa/Cairo	eg
Africa	Qaşr Bin Ghashīr	32.6833	13.1833	Africa/Tripoli	ly
Africa	Qina	26.1642	32.7267	Africa/Cairo	eg
Africa	Queenstown	-31.8976	26.8753	Africa/Johannesburg	za
Africa	Quelimane	-17.8786	36.8883	Africa/Maputo	mz
Africa	Rabak	13.1809	32.7400	Africa/Khartoum	sd
Africa	Ramiros	-9.0626	13.0456	Africa/Luanda	ao
Africa	Randburg	-26.0941	28.0012	Africa/Johannesburg	za
Africa	Randfontein	-26.1844	27.7020	Africa/Johannesburg	za
Africa	Relizane	35.7373	0.5560	Africa/Algiers	dz
Africa	Ressano Garcia	-25.4428	31.9953	Africa/Maputo	mz
Africa	Richards Bay	-28.7830	32.0377	Africa/Johannesburg	za
Africa	Roodepoort	-26.1625	27.8725	Africa/Johannesburg	za
Africa	Rosetta	31.3995	30.4172	Africa/Cairo	eg
Africa	Rouiba	36.7383	3.2808	Africa/Algiers	dz
Africa	Rufisque	14.7154	-17.2733	Africa/Dakar	sn
Africa	Ruiru	-1.1466	36.9609	Africa/Nairobi	ke
Africa	Ruqi	9.9729	43.4276	Africa/Mogadishu	so
Africa	Rustenburg	-25.6676	27.2421	Africa/Johannesburg	za
Africa	Saaba	12.3714	-1.4147	Africa/Ouagadougou	bf
Africa	Sabha	27.0377	14.4283	Africa/Tripoli	ly
Africa	Safi	32.2994	-9.2372	Africa/Casablanca	ma
Africa	Saint-Denis	-20.8823	55.4504	Indian/Reunion	re
Africa	Saint-Louis	16.0179	-16.4896	Africa/Dakar	sn
Africa	Saint-Paul (RE)	-21.0096	55.2713	Indian/Reunion	re
Africa	Saki	8.6676	3.3939	Africa/Lagos	ng
Africa	Sakiet ed Daier	34.7944	10.8062	Africa/Tunis	tn
Africa	Salé Al Jadida	33.9972	-6.7405	Africa/Casablanca	ma
Africa	Sambizanga	-8.7888	13.2751	Africa/Luanda	ao
Africa	Samālūţ	28.3121	30.7101	Africa/Cairo	eg
Africa	San	13.2970	-4.8963	Africa/Bamako	ml
Africa	San-Pédro	4.7485	-6.6363	Africa/Abidjan	ci
Africa	Sapele	5.8941	5.6767	Africa/Lagos	ng
Africa	Sarh	9.1456	18.3833	Africa/Ndjamena	td
Africa	Sasolburg	-26.8136	27.8169	Africa/Johannesburg	za
Africa	Saurimo	-9.6608	20.3915	Africa/Luanda	ao
Africa	Saïda	34.8303	0.1517	Africa/Algiers	dz
Africa	Sebeta	8.9167	38.6167	Africa/Addis_Ababa	et
Africa	Sejoumi	36.7558	10.1183	Africa/Tunis	tn
Africa	Sengerema	-2.6667	32.6500	Africa/Dar_es_Salaam	tz
Africa	Sennar	13.5691	33.5672	Africa/Khartoum	sd
Africa	Serekunda	13.4383	-16.6781	Africa/Banjul	gm
Africa	Settat	33.0010	-7.6166	Africa/Casablanca	ma
Africa	Sfax	34.7406	10.7603	Africa/Tunis	tn
Africa	Shagamu	6.8485	3.6463	Africa/Lagos	ng
Africa	Shashamane	7.2000	38.6000	Africa/Addis_Ababa	et
Africa	Shibīn al Kawm	30.5526	31.0090	Africa/Cairo	eg
Africa	Shinyanga	-3.6639	33.4212	Africa/Dar_es_Salaam	tz
Africa	Shubrā al Khaymah	30.1251	31.2505	Africa/Cairo	eg
Africa	Sidi Bel Abbes	35.1899	-0.6309	Africa/Algiers	dz
Africa	Sidi Slimane	34.2648	-5.9260	Africa/Casablanca	ma
Africa	Siguiri	11.4228	-9.1685	Africa/Conakry	gn
Africa	Sikasso	11.3176	-5.6665	Africa/Bamako	ml
Africa	Sinfra	6.6210	-5.9114	Africa/Abidjan	ci
Africa	Singa	13.1483	33.9312	Africa/Khartoum	sd
Africa	Singida	-4.8163	34.7436	Africa/Dar_es_Salaam	tz
Africa	Sinnūris	29.4135	30.8658	Africa/Cairo	eg
Africa	Sirte	31.2089	16.5887	Africa/Tripoli	ly
Africa	Skikda	36.8762	6.9092	Africa/Algiers	dz
Africa	Sodo	6.8600	37.7616	Africa/Addis_Ababa	et
Africa	Sohag	26.5570	31.6948	Africa/Cairo	eg
Africa	Sokodé	8.9833	1.1333	Africa/Lome	tg
Africa	Sokoto	13.0627	5.2432	Africa/Lagos	ng
Africa	Solwezi	-12.1688	26.3894	Africa/Lusaka	zm
Africa	Somaroboro	-25.3460	28.8343	Africa/Johannesburg	za
Africa	Somerset West	-34.0840	18.8211	Africa/Johannesburg	za
Africa	Songea	-10.6833	35.6500	Africa/Dar_es_Salaam	tz
Africa	Soshanguve	-25.4729	28.0992	Africa/Johannesburg	za
Africa	Soubré	5.7838	-6.5939	Africa/Abidjan	ci
Africa	Souk Ahras	36.2864	7.9511	Africa/Algiers	dz
Africa	Sousse	35.8254	10.6370	Africa/Tunis	tn
Africa	Soweto	-26.2678	27.8585	Africa/Johannesburg	za
Africa	Soyo	-6.1349	12.3689	Africa/Luanda	ao
Africa	Standerton	-26.9337	29.2415	Africa/Johannesburg	za
Africa	Suez	29.9737	32.5263	Africa/Cairo	eg
Africa	Sukrah	36.8774	10.2468	Africa/Tunis	tn
Africa	Suleja	9.1806	7.1794	Africa/Lagos	ng
Africa	Sumbawanga	-7.9667	31.6167	Africa/Dar_es_Salaam	tz
Africa	Sumbe	-11.2060	13.8437	Africa/Luanda	ao
Africa	Ségou	13.4403	-6.2595	Africa/Bamako	ml
Africa	Séguéla	7.9611	-6.6731	Africa/Abidjan	ci
Africa	Sétif	36.1911	5.4137	Africa/Algiers	dz
Africa	Tabora	-5.0162	32.8266	Africa/Dar_es_Salaam	tz
Africa	Tahoua	14.8888	5.2692	Africa/Niamey	ne
Africa	Takoradi	4.8982	-1.7603	Africa/Accra	gh
Africa	Talatona	-8.9178	13.1856	Africa/Luanda	ao
Africa	Tamale	9.4008	-0.8393	Africa/Accra	gh
Africa	Tambacounda	13.7707	-13.6673	Africa/Dakar	sn
Africa	Tanga	-5.0689	39.0988	Africa/Dar_es_Salaam	tz
Africa	Tangier	35.7673	-5.7998	Africa/Casablanca	ma
Africa	Tanta	30.7885	31.0019	Africa/Cairo	eg
Africa	Taourirt	34.4073	-2.8973	Africa/Casablanca	ma
Africa	Tarime	-1.3500	34.3667	Africa/Dar_es_Salaam	tz
Africa	Taza	34.2100	-4.0100	Africa/Casablanca	ma
Africa	Temara	33.9287	-6.9066	Africa/Casablanca	ma
Africa	Tete	-16.1564	33.5867	Africa/Maputo	mz
Africa	Thembisa	-25.9964	28.2268	Africa/Johannesburg	za
Africa	Thika	-1.0333	37.0693	Africa/Nairobi	ke
Africa	Thiès	14.7894	-16.9260	Africa/Dakar	sn
Africa	Thohoyandou	-22.9456	30.4850	Africa/Johannesburg	za
Africa	Tiaret	35.3710	1.3170	Africa/Algiers	dz
Africa	Tivaouane	14.9519	-16.8152	Africa/Dakar	sn
Africa	Tizi Ouzou	36.7118	4.0459	Africa/Algiers	dz
Africa	Tlemcen	34.8783	-1.3150	Africa/Algiers	dz
Africa	Toamasina	-18.1492	49.4023	Indian/Antananarivo	mg
Africa	Tobruk	32.0896	23.9538	Africa/Tripoli	ly
Africa	Tokoza	-26.3600	28.1290	Africa/Johannesburg	za
Africa	Toliara	-23.3500	43.6667	Indian/Antananarivo	mg
Africa	Touba	14.8623	-15.8753	Africa/Dakar	sn
Africa	Touggourt	33.1108	6.0700	Africa/Algiers	dz
Africa	Tshikapa	-6.4162	20.7999	Africa/Lubumbashi	cd
Africa	Tshilenge	-10.9667	22.9000	Africa/Lubumbashi	cd
Africa	Tunduma	-9.3000	32.7667	Africa/Dar_es_Salaam	tz
Africa	Twifu Praso	5.6141	-1.5502	Africa/Accra	gh
Africa	Tébessa	35.4042	8.1242	Africa/Algiers	dz
Africa	Tétouan	35.5784	-5.3684	Africa/Casablanca	ma
Africa	Ugep	5.8087	8.0810	Africa/Lagos	ng
Africa	Umuahia	5.5249	7.4946	Africa/Lagos	ng
Africa	Uromi	6.7000	6.3333	Africa/Lagos	ng
Africa	Uvira	-3.3953	29.1378	Africa/Lubumbashi	cd
Africa	Uyo	5.0513	7.9335	Africa/Lagos	ng
Africa	Uíge	-7.6087	15.0613	Africa/Luanda	ao
Africa	Vacoas	-20.2981	57.4783	Indian/Mauritius	mu
Africa	Vanderbijlpark	-26.7117	27.8379	Africa/Johannesburg	za
Africa	Vereeniging	-26.6731	27.9261	Africa/Johannesburg	za
Africa	Viana	-8.9055	13.3750	Africa/Luanda	ao
Africa	Virginia	-28.1039	26.8659	Africa/Johannesburg	za
Africa	Vryheid	-27.7695	30.7917	Africa/Johannesburg	za
Africa	Wad Medani	14.4012	33.5199	Africa/Khartoum	sd
Africa	Warder	6.9744	45.3408	Africa/Addis_Ababa	et
Africa	Warri	5.5174	5.7501	Africa/Lagos	ng
Africa	Wau	7.7011	27.9897	Africa/Juba	ss
Africa	Weldiya	11.8277	39.5916	Africa/Addis_Ababa	et
Africa	Welkom	-27.9774	26.7351	Africa/Johannesburg	za
Africa	Westonaria	-26.3191	27.6486	Africa/Johannesburg	za
Africa	Winejok	9.0122	27.5708	Africa/Juba	ss
Africa	Worcester (ZA)	-33.6465	19.4485	Africa/Johannesburg	za
Africa	Xai-Xai	-25.0519	33.6442	Africa/Maputo	mz
Africa	Yamoussoukro	6.8205	-5.2767	Africa/Abidjan	ci
Africa	Yei	4.0944	30.6764	Africa/Juba	ss
Africa	Yenagoa	4.9268	6.2676	Africa/Lagos	ng
Africa	Yola	9.2084	12.4815	Africa/Lagos	ng
Africa	Zagazig	30.5877	31.5020	Africa/Cairo	eg
Africa	Zango	-9.0121	13.3844	Africa/Luanda	ao
Africa	Zanzibar	-6.1639	39.1979	Africa/Dar_es_Salaam	tz
Africa	Zaria	11.1113	7.7227	Africa/Lagos	ng
Africa	Ziguinchor	12.5680	-16.2733	Africa/Dakar	sn
Africa	Zinder	13.8072	8.9881	Africa/Niamey	ne
Africa	Zliten	32.4674	14.5687	Africa/Tripoli	ly
Africa	Zomba	-15.3860	35.3188	Africa/Blantyre	mw
Africa	eMbalenhle	-26.5333	29.0667	Africa/Johannesburg	za
Africa	Ébolowa	2.9000	11.1500	Africa/Douala	cm
Africa	Ādīgrat	14.2770	39.4620	Africa/Addis_Ababa	et
Africa	Ārabī	9.9628	42.4928	Africa/Addis_Ababa	et
Africa	Āsela	7.9500	39.1333	Africa/Addis_Ababa	et
Africa	Ţahţā	26.7687	31.5020	Africa/Cairo	eg
Africa	Ţimā	26.9084	31.4347	Africa/Cairo	eg
Africa	Ḩalwān	29.8414	31.3008	Africa/Cairo	eg
Asia	Abbottabad	34.1463	73.2117	Asia/Karachi	pk
Asia	Aberdeen (HK)	22.2480	114.1529	Asia/Hong_Kong	hk
Asia	Abohar	30.1445	74.1955	Asia/Kolkata	in
Asia	Achalpur	21.2567	77.5101	Asia/Kolkata	in
Asia	Acheng	45.5456	126.9519	Asia/Shanghai	cn
Asia	Adiwerna	-6.9375	109.1325	Asia/Jakarta	id
Asia	Adoni	15.6279	77.2750	Asia/Kolkata	in
Asia	Agartala	23.8361	91.2794	Asia/Kolkata	in
Asia	Ageo	35.9714	139.6138	Asia/Tokyo	jp
Asia	Agra	27.1833	78.0167	Asia/Kolkata	in
Asia	Ahilyanagar	19.0946	74.7384	Asia/Kolkata	in
Asia	Ahmadpur East	29.1427	71.2577	Asia/Karachi	pk
Asia	Ahmedabad	23.0258	72.5873	Asia/Kolkata	in
Asia	Aihara	35.6000	139.3167	Asia/Tokyo	jp
Asia	Aihui	49.9795	127.4812	Asia/Shanghai	cn
Asia	Aizawl	23.7289	92.7179	Asia/Kolkata	in
Asia	Aizu-Wakamatsu	37.4914	139.9455	Asia/Tokyo	jp
Asia	Ajmer	26.4521	74.6387	Asia/Kolkata	in
Asia	Akashi	34.6552	135.0069	Asia/Tokyo	jp
Asia	Akita	39.7167	140.1167	Asia/Tokyo	jp
Asia	Akola	20.7096	76.9981	Asia/Kolkata	in
Asia	Aktau	43.6611	51.1739	Asia/Aqtau	kz
Asia	Aktobe	50.2797	57.2072	Asia/Aqtobe	kz
Asia	Alappuzha	9.4900	76.3264	Asia/Kolkata	in
Asia	Alor Setar	6.1210	100.3601	Asia/Kuala_Lumpur	my
Asia	Alwar	27.5625	76.6250	Asia/Kolkata	in
Asia	Alīgarh	27.8815	78.0746	Asia/Kolkata	in
Asia	Amagasaki	34.7167	135.4167	Asia/Tokyo	jp
Asia	Amarapura	21.9071	96.0489	Asia/Yangon	mm
Asia	Amaravati	16.5140	80.5160	Asia/Kolkata	in
Asia	Ambala Sadar	30.3354	76.8627	Asia/Kolkata	in
Asia	Ambattur	13.0982	80.1615	Asia/Kolkata	in
Asia	Ambikāpur	23.1189	83.1954	Asia/Kolkata	in
Asia	Ambon	-3.6958	128.1833	Asia/Jayapura	id
Asia	Ambur	12.7916	78.7164	Asia/Kolkata	in
Asia	Ambāla	30.3610	76.7978	Asia/Kolkata	in
Asia	Ampang	3.1500	101.7667	Asia/Kuala_Lumpur	my
Asia	Amravati	20.9333	77.7500	Asia/Kolkata	in
Asia	Amreli	21.5998	71.2117	Asia/Kolkata	in
Asia	Amritsar	31.6223	74.8753	Asia/Kolkata	in
Asia	Amroha	28.9031	78.4698	Asia/Kolkata	in
Asia	An Nhơn	13.8858	109.1082	Asia/Ho_Chi_Minh	vn
Asia	Anand	22.5525	72.9552	Asia/Kolkata	in
Asia	Anantapur	14.6778	77.6081	Asia/Kolkata	in
Asia	Anantnag	33.7307	75.1542	Asia/Kolkata	in
Asia	Anbu	23.4489	116.6809	Asia/Shanghai	cn
Asia	Anda	46.4487	125.3016	Asia/Shanghai	cn
Asia	Andijon	40.7834	72.3507	Asia/Tashkent	uz
Asia	Andong	36.5664	128.7227	Asia/Seoul	kr
Asia	Angeles City	15.1500	120.5833	Asia/Manila	ph
Asia	Angren	41.0167	70.1436	Asia/Tashkent	uz
Asia	Anjō	34.9583	137.0805	Asia/Tokyo	jp
Asia	Ankang	32.6800	109.0172	Asia/Shanghai	cn
Asia	Anliu	23.6982	115.6795	Asia/Shanghai	cn
Asia	Ann	19.7954	94.0479	Asia/Yangon	mm
Asia	Anning	24.9227	102.4850	Asia/Shanghai	cn
Asia	Anqing	30.5136	117.0472	Asia/Shanghai	cn
Asia	Anqiu	36.4342	119.1925	Asia/Shanghai	cn
Asia	Ansan-si	37.3236	126.8219	Asia/Seoul	kr
Asia	Anshan	41.1236	122.9900	Asia/Shanghai	cn
Asia	Anshun	26.2500	105.9333	Asia/Shanghai	cn
Asia	Antipolo	14.6258	121.1225	Asia/Manila	ph
Asia	Anyang	36.0960	114.3828	Asia/Shanghai	cn
Asia	Anyang-si	37.3925	126.9269	Asia/Seoul	kr
Asia	Aomori	40.8167	140.7333	Asia/Tokyo	jp
Asia	Aqsu	41.1842	80.2792	Asia/Urumqi	cn
Asia	Arif Wala	26.3248	66.2959	Asia/Karachi	pk
Asia	Arifwala	30.2906	73.0657	Asia/Karachi	pk
Asia	Arjawinangun	-6.6453	108.4103	Asia/Jakarta	id
Asia	Arrah	25.5563	84.6633	Asia/Kolkata	in
Asia	Artux	39.7084	76.1797	Asia/Urumqi	cn
Asia	Asahikawa	43.7706	142.3649	Asia/Tokyo	jp
Asia	Ashikaga	36.3333	139.4500	Asia/Tokyo	jp
Asia	Ashuganj City	24.0402	91.0117	Asia/Dhaka	bd
Asia	Astanajapura	-6.8017	108.6311	Asia/Jakarta	id
Asia	Atsugi	35.4427	139.3693	Asia/Tokyo	jp
Asia	Attock City	33.7667	72.3598	Asia/Karachi	pk
Asia	Atyrau	47.1048	51.8843	Asia/Atyrau	kz
Asia	Aurangabad	19.8776	75.3423	Asia/Kolkata	in
Asia	Aurangābād (IN)	24.7520	84.3742	Asia/Kolkata	in
Asia	Avadi	13.1147	80.1098	Asia/Kolkata	in
Asia	Azamgarh	26.0683	83.1836	Asia/Kolkata	in
Asia	Ba Vì	21.0833	105.3833	Asia/Bangkok	vn
Asia	Ba Đồn	17.7535	106.4236	Asia/Bangkok	vn
Asia	Bachuan	29.8486	106.0505	Asia/Shanghai	cn
Asia	Bacolod City	10.6667	122.9500	Asia/Manila	ph
Asia	Bade	24.9298	121.2837	Asia/Taipei	tw
Asia	Badin	24.6560	68.8370	Asia/Karachi	pk
Asia	Badlapur	19.1552	73.2655	Asia/Kolkata	in
Asia	Bagaha	27.0992	84.0900	Asia/Kolkata	in
Asia	Bagalkot	16.1867	75.6961	Asia/Kolkata	in
Asia	Bagerhat	22.6566	89.7912	Asia/Dhaka	bd
Asia	Baghlān	36.1307	68.7083	Asia/Kabul	af
Asia	Bago	17.3352	96.4814	Asia/Yangon	mm
Asia	Bago City	10.5333	122.8333	Asia/Manila	ph
Asia	Baguio	16.4164	120.5931	Asia/Manila	ph
Asia	Bahadurgarh	28.6929	76.9356	Asia/Kolkata	in
Asia	Baharampur	24.1047	88.2515	Asia/Kolkata	in
Asia	Bahawalnagar	29.9983	73.2527	Asia/Karachi	pk
Asia	Bahawalnagar (PK)	30.5508	73.3908	Asia/Karachi	pk
Asia	Bahawalpur	29.3978	71.6752	Asia/Karachi	pk
Asia	Bahraigh	27.5743	81.5947	Asia/Kolkata	in
Asia	Baicheng	45.6175	122.8330	Asia/Shanghai	cn
Asia	Baise	23.8901	106.6268	Asia/Shanghai	cn
Asia	Baisha	29.0623	106.1189	Asia/Shanghai	cn
Asia	Baishan	41.9385	126.4197	Asia/Shanghai	cn
Asia	Baiyin	36.5470	104.1702	Asia/Shanghai	cn
Asia	Balasore	21.4927	86.9335	Asia/Kolkata	in
Asia	Balikpapan	-1.2675	116.8289	Asia/Makassar	id
Asia	Baliuag	14.9547	120.8969	Asia/Manila	ph
Asia	Balkh	36.7563	66.8972	Asia/Kabul	af
Asia	Ballari	15.1420	76.9240	Asia/Kolkata	in
Asia	Ban I Chang	13.7106	99.8962	Asia/Bangkok	th
Asia	Ban Khlong Prawet	13.7190	100.6815	Asia/Bangkok	th
Asia	Ban Samae Dam	13.5896	100.3873	Asia/Bangkok	th
Asia	Banan	29.3786	106.5400	Asia/Shanghai	cn
Asia	Banda Aceh	5.5417	95.3333	Asia/Jakarta	id
Asia	Bandar Lampung	-5.4292	105.2611	Asia/Jakarta	id
Asia	Bandar Tasik Puteri	3.2853	101.4741	Asia/Kuala_Lumpur	my
Asia	Bandung	-6.9222	107.6069	Asia/Jakarta	id
Asia	Bang Khae	13.6930	100.4076	Asia/Bangkok	th
Asia	Bangaon	23.0455	88.8308	Asia/Kolkata	in
Asia	Banjar	-7.1955	107.4313	Asia/Jakarta	id
Asia	Banjaran	-7.0453	107.5878	Asia/Jakarta	id
Asia	Banjarbaru	-3.4406	114.8365	Asia/Makassar	id
Asia	Banjarmasin	-3.3199	114.5907	Asia/Makassar	id
Asia	Bannu	32.9853	70.6040	Asia/Karachi	pk
Asia	Banyuwangi	-8.2325	114.3576	Asia/Jakarta	id
Asia	Bao'an	22.5521	113.8829	Asia/Shanghai	cn
Asia	Baoding	38.8729	115.4625	Asia/Shanghai	cn
Asia	Baoji	34.3678	107.2370	Asia/Shanghai	cn
Asia	Baoshan	31.4084	121.4896	Asia/Shanghai	cn
Asia	Baoshan (CN)	25.1163	99.1637	Asia/Shanghai	cn
Asia	Baotou	40.6516	109.8439	Asia/Shanghai	cn
Asia	Barddhamān	23.2557	87.8569	Asia/Kolkata	in
Asia	Bareilly	28.3668	79.4317	Asia/Kolkata	in
Asia	Baripāda	21.9346	86.7285	Asia/Kolkata	in
Asia	Barishal	22.7050	90.3701	Asia/Dhaka	bd
Asia	Barnāla	30.3745	75.5487	Asia/Kolkata	in
Asia	Barshi	18.2345	75.6928	Asia/Kolkata	in
Asia	Bashan	27.7682	116.0502	Asia/Shanghai	cn
Asia	Basirhat City	22.6614	88.8548	Asia/Kolkata	in
Asia	Bastī	26.7882	82.7162	Asia/Kolkata	in
Asia	Basuo	19.1027	108.6656	Asia/Shanghai	cn
Asia	Batam	1.1494	104.0249	Asia/Jakarta	id
Asia	Batang	-6.4846	110.7083	Asia/Jakarta	id
Asia	Batangas	13.7567	121.0584	Asia/Manila	ph
Asia	Bathinda	30.2075	74.9389	Asia/Kolkata	in
Asia	Battagram	34.6772	73.0233	Asia/Karachi	pk
Asia	Battambang	13.1027	103.1982	Asia/Phnom_Penh	kh
Asia	Batu	-7.8700	112.5283	Asia/Jakarta	id
Asia	Batu Pahat	1.8548	102.9325	Asia/Kuala_Lumpur	my
Asia	Batumi	41.6408	41.6306	Asia/Tbilisi	ge
Asia	Baturaja	-4.1289	104.1669	Asia/Jakarta	id
Asia	Batāla	31.8092	75.2029	Asia/Kolkata	in
Asia	Baubau	-5.4633	122.6024	Asia/Makassar	id
Asia	Bayambang	15.8127	120.4557	Asia/Manila	ph
Asia	Bayan Lepas	5.2999	100.2605	Asia/Kuala_Lumpur	my
Asia	Bayan Nur	40.7414	107.3860	Asia/Shanghai	cn
Asia	Bayawan	9.3649	122.8040	Asia/Manila	ph
Asia	Bayugan	8.7561	125.7675	Asia/Manila	ph
Asia	Bazhong	31.8694	106.7443	Asia/Shanghai	cn
Asia	Beed	18.9892	75.7563	Asia/Kolkata	in
Asia	Begusarai	25.4185	86.1339	Asia/Kolkata	in
Asia	Beibei	29.8274	106.4364	Asia/Shanghai	cn
Asia	Beihai	21.4835	109.1155	Asia/Shanghai	cn
Asia	Beiliu	22.7072	110.3492	Asia/Shanghai	cn
Asia	Beining	41.5956	121.7928	Asia/Shanghai	cn
Asia	Beipiao	41.7919	120.7792	Asia/Shanghai	cn
Asia	Bei’an	48.2667	126.6000	Asia/Shanghai	cn
Asia	Bekasi	-6.2349	106.9896	Asia/Jakarta	id
Asia	Belagavi	15.8521	74.5045	Asia/Kolkata	in
Asia	Belawan	3.7755	98.6832	Asia/Jakarta	id
Asia	Bengbu	32.9408	117.3608	Asia/Shanghai	cn
Asia	Bengkulu	-3.8004	102.2655	Asia/Jakarta	id
Asia	Benxi	41.2886	123.7650	Asia/Shanghai	cn
Asia	Beppu	33.2794	131.4975	Asia/Tokyo	jp
Asia	Bercham	4.6411	101.1393	Asia/Kuala_Lumpur	my
Asia	Bettiah	26.8023	84.5031	Asia/Kolkata	in
Asia	Betūl	21.9006	77.9023	Asia/Kolkata	in
Asia	Beāwar	26.1012	74.3203	Asia/Kolkata	in
Asia	Bhadrak	21.0545	86.5156	Asia/Kolkata	in
Asia	Bhadreswar	22.8245	88.3384	Asia/Kolkata	in
Asia	Bhadrāvati	13.8485	75.7050	Asia/Kolkata	in
Asia	Bhakkar	31.6269	71.0647	Asia/Karachi	pk
Asia	Bharatpur	27.6803	84.4365	Asia/Kathmandu	np
Asia	Bharatpur (IN)	27.2173	77.4901	Asia/Kolkata	in
Asia	Bharūch	21.6948	72.9805	Asia/Kolkata	in
Asia	Bhavnagar	21.7629	72.1533	Asia/Kolkata	in
Asia	Bhawana	31.5688	72.6492	Asia/Karachi	pk
Asia	Bhayandar	19.3016	72.8511	Asia/Kolkata	in
Asia	Bhilai	21.2092	81.4285	Asia/Kolkata	in
Asia	Bhilwara	25.3471	74.6408	Asia/Kolkata	in
Asia	Bhimavaram	16.5408	81.5232	Asia/Kolkata	in
Asia	Bhind	26.5667	78.7873	Asia/Kolkata	in
Asia	Bhiwadi	28.2102	76.8606	Asia/Kolkata	in
Asia	Bhiwandi	19.3002	73.0588	Asia/Kolkata	in
Asia	Bhiwāni	28.7930	76.1397	Asia/Kolkata	in
Asia	Bhopal	23.2547	77.4029	Asia/Kolkata	in
Asia	Bhubaneswar	20.2724	85.8338	Asia/Kolkata	in
Asia	Bhuj	23.2540	69.6693	Asia/Kolkata	in
Asia	Bhusawal	21.0436	75.7851	Asia/Kolkata	in
Asia	Bhāgalpur	25.2445	86.9718	Asia/Kolkata	in
Asia	Bhālswa Jahangirpur	28.7356	77.1668	Asia/Kolkata	in
Asia	Bhātpāra	22.8664	88.4011	Asia/Kolkata	in
Asia	Bidar	17.9080	77.5152	Asia/Kolkata	in
Asia	Bihār Sharīf	25.2008	85.5239	Asia/Kolkata	in
Asia	Bijie	27.3019	105.2863	Asia/Shanghai	cn
Asia	Bikaner	28.0176	73.3149	Asia/Kolkata	in
Asia	Bilimora	20.7696	72.9613	Asia/Kolkata	in
Asia	Bilāspur	22.0800	82.1554	Asia/Kolkata	in
Asia	Bima	-8.4601	118.7267	Asia/Makassar	id
Asia	Binangonan	14.4646	121.1929	Asia/Manila	ph
Asia	Binjai	3.6001	98.4854	Asia/Jakarta	id
Asia	Bintulu	3.1667	113.0333	Asia/Kuching	my
Asia	Binzhou	37.3667	118.0167	Asia/Shanghai	cn
Asia	Biratnagar	26.4550	87.2701	Asia/Kathmandu	np
Asia	Birendranagar	28.5967	81.6166	Asia/Kathmandu	np
Asia	Birgañj	27.0174	84.8805	Asia/Kathmandu	np
Asia	Bishan	29.5949	106.2248	Asia/Shanghai	cn
Asia	Bitung	1.4406	125.1282	Asia/Makassar	id
Asia	Biên Hòa	10.9447	106.8243	Asia/Ho_Chi_Minh	vn
Asia	Blitar	-8.0983	112.1681	Asia/Jakarta	id
Asia	Bogor	-6.5944	106.7892	Asia/Jakarta	id
Asia	Bogra	24.8510	89.3711	Asia/Dhaka	bd
Asia	Bokhtar	37.8365	68.7776	Asia/Dushanbe	tj
Asia	Bokāro	23.6693	86.1516	Asia/Kolkata	in
Asia	Bole	44.8933	82.0699	Asia/Shanghai	cn
Asia	Bontang	0.1324	117.4854	Asia/Makassar	id
Asia	Borivli	19.2350	72.8598	Asia/Kolkata	in
Asia	Boshan	36.4833	117.8333	Asia/Shanghai	cn
Asia	Botad	22.1692	71.6667	Asia/Kolkata	in
Asia	Bozhou	33.8772	115.7703	Asia/Shanghai	cn
Asia	Brahmapur	19.3115	84.7929	Asia/Kolkata	in
Asia	Brāhmanbāria	23.9746	91.1123	Asia/Dhaka	bd
Asia	Bucheon-si	37.4989	126.7831	Asia/Seoul	kr
Asia	Budaun	28.0381	79.1267	Asia/Kolkata	in
Asia	Budta	7.2042	124.4397	Asia/Manila	ph
Asia	Bueng Kum	13.7853	100.6696	Asia/Bangkok	th
Asia	Buhe	30.2876	112.2298	Asia/Shanghai	cn
Asia	Bukhara	39.7703	64.4307	Asia/Samarkand	uz
Asia	Bukit Jalil	3.0491	101.6804	Asia/Kuala_Lumpur	my
Asia	Bukit Mertajam	5.3630	100.4667	Asia/Kuala_Lumpur	my
Asia	Bukit Rahman Putra	3.2173	101.5608	Asia/Kuala_Lumpur	my
Asia	Bukittinggi	-0.3091	100.3705	Asia/Jakarta	id
Asia	Bulandshahr	28.4039	77.8577	Asia/Kolkata	in
Asia	Burewala	30.1667	72.6500	Asia/Karachi	pk
Asia	Burhānpur	21.3087	76.2303	Asia/Kolkata	in
Asia	Busan	35.1017	129.0300	Asia/Seoul	kr
Asia	Butuan	8.9492	125.5436	Asia/Manila	ph
Asia	Butwāl	27.6912	83.4525	Asia/Kathmandu	np
Asia	Buxar	25.5755	83.9804	Asia/Kolkata	in
Asia	Buôn Hồ	12.9523	108.2962	Asia/Ho_Chi_Minh	vn
Asia	Buôn Ma Thuột	12.6675	108.0378	Asia/Ho_Chi_Minh	vn
Asia	Bālurghāt	25.2210	88.7773	Asia/Kolkata	in
Asia	Bānda	25.4776	80.3349	Asia/Kolkata	in
Asia	Bāndarban	22.1953	92.2195	Asia/Dhaka	bd
Asia	Bānkura	23.2324	87.0716	Asia/Kolkata	in
Asia	Bānswāra	23.5411	74.4425	Asia/Kolkata	in
Asia	Bārān	25.1000	76.5167	Asia/Kolkata	in
Asia	Bārāsat	22.7215	88.4820	Asia/Kolkata	in
Asia	Būndi	25.4385	75.6373	Asia/Kolkata	in
Asia	Bạc Liêu	9.2941	105.7278	Asia/Ho_Chi_Minh	vn
Asia	Bảo Lộc	11.5480	107.8077	Asia/Ho_Chi_Minh	vn
Asia	Bắc Giang	21.2731	106.1946	Asia/Bangkok	vn
Asia	Bắc Ninh	21.1861	106.0763	Asia/Bangkok	vn
Asia	Bắc Quang	22.4833	104.8667	Asia/Ho_Chi_Minh	vn
Asia	Bắc Từ Liêm	21.0653	105.7466	Asia/Ho_Chi_Minh	vn
Asia	Bến Cát	11.1500	106.6000	Asia/Ho_Chi_Minh	vn
Asia	Bến Tre	10.2415	106.3758	Asia/Ho_Chi_Minh	vn
Asia	Cabanatuan City	15.4859	120.9665	Asia/Manila	ph
Asia	Cabuyao	14.2726	121.1262	Asia/Manila	ph
Asia	Cadiz	10.9465	123.2880	Asia/Manila	ph
Asia	Cagayan de Oro	8.4822	124.6472	Asia/Manila	ph
Asia	Cai Lậy	10.4000	106.1167	Asia/Ho_Chi_Minh	vn
Asia	Calamba	14.2117	121.1653	Asia/Manila	ph
Asia	Caloocan	14.6495	120.9679	Asia/Manila	ph
Asia	Calumpit	14.9164	120.7658	Asia/Manila	ph
Asia	Cam Ranh	11.9214	109.1591	Asia/Ho_Chi_Minh	vn
Asia	Candelaria	13.9311	121.4233	Asia/Manila	ph
Asia	Cangzhou	38.3112	116.8533	Asia/Shanghai	cn
Asia	Cao Lãnh	10.4602	105.6329	Asia/Ho_Chi_Minh	vn
Asia	Capas	15.3312	120.5898	Asia/Manila	ph
Asia	Carmona	14.3132	121.0576	Asia/Manila	ph
Asia	Catbalogan	11.7753	124.8861	Asia/Manila	ph
Asia	Cavite City	14.4837	120.8988	Asia/Manila	ph
Asia	Cebu City	10.3167	123.8907	Asia/Manila	ph
Asia	Chaeryŏng-ni	38.7358	125.2308	Asia/Pyongyang	kp
Asia	Chak Jhumra	31.5681	73.1832	Asia/Karachi	pk
Asia	Chakwal	32.9329	72.8539	Asia/Karachi	pk
Asia	Chaman	30.9177	66.4526	Asia/Karachi	pk
Asia	Chandigarh	30.7363	76.7884	Asia/Kolkata	in
Asia	Chanduasi	28.4518	78.7828	Asia/Kolkata	in
Asia	Chang-hua	24.0733	120.5628	Asia/Taipei	tw
Asia	Changam-ch’on	40.6061	128.7819	Asia/Pyongyang	kp
Asia	Changchun	43.8800	125.3228	Asia/Shanghai	cn
Asia	Changde	29.0321	111.6984	Asia/Shanghai	cn
Asia	Changji	44.0078	87.3046	Asia/Urumqi	cn
Asia	Changle	36.7058	118.8275	Asia/Shanghai	cn
Asia	Changsha	28.1987	112.9709	Asia/Shanghai	cn
Asia	Changsha (CN)	22.3812	112.6849	Asia/Shanghai	cn
Asia	Changshu	31.6461	120.7422	Asia/Shanghai	cn
Asia	Changwon	35.2281	128.6811	Asia/Seoul	kr
Asia	Changyi	36.8536	119.3908	Asia/Shanghai	cn
Asia	Changyuan	29.4050	105.5883	Asia/Shanghai	cn
Asia	Changzhi	36.1839	113.1053	Asia/Shanghai	cn
Asia	Changzhi (CN)	35.2089	111.7386	Asia/Shanghai	cn
Asia	Changzhou	31.7736	119.9540	Asia/Shanghai	cn
Asia	Chaohu	31.6000	117.8667	Asia/Shanghai	cn
Asia	Chaoyang	41.5703	120.4586	Asia/Shanghai	cn
Asia	Chaozhou	23.6540	116.6226	Asia/Shanghai	cn
Asia	Charsadda	34.1482	71.7406	Asia/Karachi	pk
Asia	Chattogram	22.3384	91.8317	Asia/Dhaka	bd
Asia	Chengde	40.9519	117.9588	Asia/Shanghai	cn
Asia	Chenggu	33.1492	107.3258	Asia/Shanghai	cn
Asia	Chenghua	23.4613	116.7701	Asia/Shanghai	cn
Asia	Chengqiao	31.6308	121.3925	Asia/Shanghai	cn
Asia	Chengtangcun	35.0836	117.1907	Asia/Shanghai	cn
Asia	Chengzhong	30.9445	113.5528	Asia/Shanghai	cn
Asia	Chenzhou	25.8000	113.0333	Asia/Shanghai	cn
Asia	Cheonan	36.8065	127.1522	Asia/Seoul	kr
Asia	Cheongju-si	36.6372	127.4897	Asia/Seoul	kr
Asia	Chhatarpur	24.9177	79.5887	Asia/Kolkata	in
Asia	Chhindwāra	22.0570	78.9396	Asia/Kolkata	in
Asia	Chiang Mai	18.7904	98.9847	Asia/Bangkok	th
Asia	Chiayi City	23.4792	120.4489	Asia/Taipei	tw
Asia	Chiba	35.6000	140.1167	Asia/Tokyo	jp
Asia	Chichawatni	30.5301	72.6916	Asia/Karachi	pk
Asia	Chifeng	42.2683	118.9636	Asia/Shanghai	cn
Asia	Chigasaki	35.3364	139.4043	Asia/Tokyo	jp
Asia	Chikmagalūr	13.3223	75.7740	Asia/Kolkata	in
Asia	Chikusei	36.3160	139.9824	Asia/Tokyo	jp
Asia	Chilakalūrupet	16.0899	80.1671	Asia/Kolkata	in
Asia	Chiniot	31.7209	72.9784	Asia/Karachi	pk
Asia	Chinju	35.1928	128.0847	Asia/Seoul	kr
Asia	Chirchiq	41.4689	69.5822	Asia/Tashkent	uz
Asia	Chirmiri	23.1907	82.3531	Asia/Kolkata	in
Asia	Chishtian	29.7971	72.8577	Asia/Karachi	pk
Asia	Chitradurga	14.2226	76.4004	Asia/Kolkata	in
Asia	Chittoor	13.2105	79.0956	Asia/Kolkata	in
Asia	Chittorgarh	24.8896	74.6240	Asia/Kolkata	in
Asia	Chizhou	30.6613	117.4778	Asia/Shanghai	cn
Asia	Chon Buri	13.3622	100.9835	Asia/Bangkok	th
Asia	Chongjin	41.7956	129.7758	Asia/Pyongyang	kp
Asia	Chongming	31.6185	121.6962	Asia/Shanghai	cn
Asia	Chongqing	29.5603	106.5577	Asia/Shanghai	cn
Asia	Chongzuo	22.3816	107.3683	Asia/Shanghai	cn
Asia	Chuncheon	37.8747	127.7342	Asia/Seoul	kr
Asia	Chungju	36.9767	127.9287	Asia/Seoul	kr
Asia	Chunian	30.9662	73.9791	Asia/Karachi	pk
Asia	Chust	41.0033	71.2379	Asia/Tashkent	uz
Asia	Chuxiong	25.0364	101.5456	Asia/Shanghai	cn
Asia	Chuzhou	32.3219	118.2978	Asia/Shanghai	cn
Asia	Chéngguān Qū	29.6384	91.0444	Asia/Shanghai	cn
Asia	Chí Linh	21.0667	106.3167	Asia/Ho_Chi_Minh	vn
Asia	Chóngfú	30.5311	120.4309	Asia/Shanghai	cn
Asia	Chānda	19.9508	79.2952	Asia/Kolkata	in
Asia	Chāndpur	23.2271	90.6543	Asia/Dhaka	bd
Asia	Chāpra	25.7803	84.7471	Asia/Kolkata	in
Asia	Chōfu	35.6592	139.5484	Asia/Tokyo	jp
Asia	Chũ	21.3738	106.5665	Asia/Bangkok	vn
Asia	Chūru	28.3041	74.9672	Asia/Kolkata	in
Asia	Chơn Thành	11.4282	106.6354	Asia/Ho_Chi_Minh	vn
Asia	Ch’ŏngdan-ŭp	37.9703	125.9375	Asia/Pyongyang	kp
Asia	Ciamis	-7.3257	108.3534	Asia/Jakarta	id
Asia	Ciampea	-6.5547	106.7008	Asia/Jakarta	id
Asia	Cianjur	-6.8222	107.1394	Asia/Jakarta	id
Asia	Cibinong	-6.4817	106.8542	Asia/Jakarta	id
Asia	Cikampek	-6.4197	107.4558	Asia/Jakarta	id
Asia	Cikarang	-6.2611	107.1528	Asia/Jakarta	id
Asia	Cilacap	-7.7264	109.0094	Asia/Jakarta	id
Asia	Cilegon	-6.0144	106.0542	Asia/Jakarta	id
Asia	Cileungsir	-6.3947	106.9592	Asia/Jakarta	id
Asia	Cileunyi	-6.9389	107.7528	Asia/Jakarta	id
Asia	Cimahi	-6.8722	107.5425	Asia/Jakarta	id
Asia	Ciputat	-6.2375	106.6956	Asia/Jakarta	id
Asia	Cirebon	-6.7063	108.5570	Asia/Jakarta	id
Asia	Cixi	30.1764	121.2457	Asia/Shanghai	cn
Asia	Coimbatore	11.0055	76.9661	Asia/Kolkata	in
Asia	Comilla	23.4619	91.1850	Asia/Dhaka	bd
Asia	Concepcion (PH)	15.3255	120.6572	Asia/Manila	ph
Asia	Cotabato	7.2236	124.2464	Asia/Manila	ph
Asia	Cox’s Bāzār	21.4397	92.0096	Asia/Dhaka	bd
Asia	Cuddalore	11.7562	79.7669	Asia/Kolkata	in
Asia	Curug	-6.2658	106.5564	Asia/Jakarta	id
Asia	Cuttack	20.4650	85.8793	Asia/Kolkata	in
Asia	Cà Mau	9.1768	105.1524	Asia/Ho_Chi_Minh	vn
Asia	Cần Giuộc	10.6086	106.6714	Asia/Ho_Chi_Minh	vn
Asia	Cần Thơ	10.0371	105.7883	Asia/Ho_Chi_Minh	vn
Asia	Cẩm Phả	21.0100	107.2734	Asia/Bangkok	vn
Asia	Cờ Đỏ	10.0938	105.4292	Asia/Ho_Chi_Minh	vn
Asia	Da Nang	16.0678	108.2208	Asia/Ho_Chi_Minh	vn
Asia	Dachang	31.3087	121.4153	Asia/Shanghai	cn
Asia	Dadu	26.7303	67.7769	Asia/Karachi	pk
Asia	Daegu	35.8703	128.5911	Asia/Seoul	kr
Asia	Daejeon	36.3491	127.3849	Asia/Seoul	kr
Asia	Dagupan	16.0431	120.3333	Asia/Manila	ph
Asia	Dajal	29.5577	70.3761	Asia/Karachi	pk
Asia	Dali	25.5847	100.2123	Asia/Shanghai	cn
Asia	Dalian	38.9122	121.6022	Asia/Shanghai	cn
Asia	Daliang	22.8407	113.2503	Asia/Shanghai	cn
Asia	Dam Dam	22.6334	88.4229	Asia/Kolkata	in
Asia	Damoh	23.8331	79.4419	Asia/Kolkata	in
Asia	Dandong	40.1292	124.3947	Asia/Shanghai	cn
Asia	Danshui	25.1720	121.4429	Asia/Taipei	tw
Asia	Danshui (CN)	22.7984	114.4672	Asia/Shanghai	cn
Asia	Daqing	46.5833	125.0000	Asia/Shanghai	cn
Asia	Darbhanga	26.1522	85.8971	Asia/Kolkata	in
Asia	Dasha	23.1104	113.4418	Asia/Shanghai	cn
Asia	Dasmariñas	14.3294	120.9367	Asia/Manila	ph
Asia	Datia	25.6731	78.4591	Asia/Kolkata	in
Asia	Datong	40.0936	113.2914	Asia/Shanghai	cn
Asia	Datun	34.8092	116.9017	Asia/Shanghai	cn
Asia	Daur	26.4553	68.3183	Asia/Karachi	pk
Asia	Davangere	14.4669	75.9269	Asia/Kolkata	in
Asia	Davao	7.0731	125.6128	Asia/Manila	ph
Asia	Dawei	14.0823	98.1915	Asia/Yangon	mm
Asia	Dawukou	39.0419	106.3958	Asia/Shanghai	cn
Asia	Daxing	39.7403	116.3269	Asia/Shanghai	cn
Asia	Daxing’anling	52.3338	124.7124	Asia/Shanghai	cn
Asia	Daye	30.0833	114.9500	Asia/Shanghai	cn
Asia	Dazhou	31.2106	107.4631	Asia/Shanghai	cn
Asia	Daşoguz	41.8362	59.9666	Asia/Ashgabat	tm
Asia	Deesa	24.2561	72.1793	Asia/Kolkata	in
Asia	Dehiwala-Mount Lavinia	6.8402	79.8712	Asia/Colombo	lk
Asia	Dehradun	30.3244	78.0339	Asia/Kolkata	in
Asia	Dehui	44.5367	125.6943	Asia/Shanghai	cn
Asia	Delhi Cantonment	28.6000	77.1333	Asia/Kolkata	in
Asia	Dengzhou	32.6827	112.0887	Asia/Shanghai	cn
Asia	Denpasar	-8.6500	115.2167	Asia/Makassar	id
Asia	Deoghar	24.4898	86.6990	Asia/Kolkata	in
Asia	Deoli	28.5025	77.2312	Asia/Kolkata	in
Asia	Deoria	26.5017	83.7794	Asia/Kolkata	in
Asia	Depok	-6.4000	106.8186	Asia/Jakarta	id
Asia	Depok (ID)	-7.7625	110.4317	Asia/Jakarta	id
Asia	Dera Ghazi Khan	30.0459	70.6403	Asia/Karachi	pk
Asia	Dera Ismail Khan	31.8313	70.9017	Asia/Karachi	pk
Asia	Dera Murad Jamali	28.5466	68.2231	Asia/Karachi	pk
Asia	Dewas	22.9658	76.0553	Asia/Kolkata	in
Asia	Deyang	31.1302	104.3820	Asia/Shanghai	cn
Asia	Dezhou	37.4466	116.3671	Asia/Shanghai	cn
Asia	Dhamtari	20.7072	81.5487	Asia/Kolkata	in
Asia	Dhanbad	23.7976	86.4299	Asia/Kolkata	in
Asia	Dhangaḍhi̇̄	28.7016	80.5899	Asia/Kathmandu	np
Asia	Dharashiv	18.1816	76.0389	Asia/Kolkata	in
Asia	Dharmavaram	14.4144	77.7203	Asia/Kolkata	in
Asia	Dharān	26.8144	87.2797	Asia/Kathmandu	np
Asia	Dhaulpur	26.6929	77.8797	Asia/Kolkata	in
Asia	Dhirkot	34.0392	73.5769	Asia/Karachi	pk
Asia	Dhule	20.9013	74.7774	Asia/Kolkata	in
Asia	Dibrugarh	27.4799	94.9084	Asia/Kolkata	in
Asia	Didao	45.3473	130.8369	Asia/Shanghai	cn
Asia	Digos	6.7497	125.3572	Asia/Manila	ph
Asia	Digri	25.1566	69.1110	Asia/Karachi	pk
Asia	Dimāpur	25.9117	93.7217	Asia/Kolkata	in
Asia	Din Daeng	13.7904	100.5701	Asia/Bangkok	th
Asia	Dinaig	7.1699	124.2084	Asia/Manila	ph
Asia	Dinajpur	25.6274	88.6378	Asia/Dhaka	bd
Asia	Dinapur Nizamat	25.6385	85.0512	Asia/Kolkata	in
Asia	Dindigul	10.3690	77.9804	Asia/Kolkata	in
Asia	Dingxi	35.5709	104.6230	Asia/Shanghai	cn
Asia	Dingzhou	38.5147	114.9868	Asia/Shanghai	cn
Asia	Dohad	22.8328	74.2599	Asia/Kolkata	in
Asia	Dokri	27.3742	68.0971	Asia/Karachi	pk
Asia	Dongguan	23.0180	113.7487	Asia/Shanghai	cn
Asia	Donghae City	37.5439	129.1069	Asia/Seoul	kr
Asia	Donghai	22.9459	115.6420	Asia/Shanghai	cn
Asia	Dongling	41.8144	123.5758	Asia/Shanghai	cn
Asia	Dongtai	32.8523	120.3095	Asia/Shanghai	cn
Asia	Dongyang	29.2678	120.2253	Asia/Shanghai	cn
Asia	Dongying	37.4627	118.4917	Asia/Shanghai	cn
Asia	Douliu	23.7094	120.5433	Asia/Taipei	tw
Asia	Dumaguete	9.3065	123.3077	Asia/Manila	ph
Asia	Dumai	1.6671	101.4432	Asia/Jakarta	id
Asia	Dunhua	43.3695	128.2286	Asia/Shanghai	cn
Asia	Dunhuang	40.1667	94.6833	Asia/Shanghai	cn
Asia	Durg	21.1915	81.2762	Asia/Kolkata	in
Asia	Durgapur	23.5158	87.3080	Asia/Kolkata	in
Asia	Duyun	26.2667	107.5167	Asia/Shanghai	cn
Asia	Dārjiling	27.0333	88.2667	Asia/Kolkata	in
Asia	Dĩ An	10.9068	106.7694	Asia/Ho_Chi_Minh	vn
Asia	Ebetsu	43.1081	141.5506	Asia/Tokyo	jp
Asia	Ekibastuz	51.7237	75.3229	Asia/Almaty	kz
Asia	Eluru	16.7131	81.1044	Asia/Kolkata	in
Asia	Eminabad	32.0424	74.2600	Asia/Karachi	pk
Asia	Encheng	22.1866	112.3042	Asia/Shanghai	cn
Asia	Enshi	30.3000	109.4833	Asia/Shanghai	cn
Asia	Erode	11.3428	77.7274	Asia/Kolkata	in
Asia	Etah	27.5588	78.6569	Asia/Kolkata	in
Asia	Etāwah	26.7762	79.0213	Asia/Kolkata	in
Asia	E’zhou	30.3961	114.8865	Asia/Shanghai	cn
Asia	Faisalabad	31.4155	73.0897	Asia/Karachi	pk
Asia	Fangchenggang	21.7694	108.3566	Asia/Shanghai	cn
Asia	Faridabad	28.4112	77.3132	Asia/Kolkata	in
Asia	Farrukhābād	27.3913	79.5793	Asia/Kolkata	in
Asia	Farīdpur	23.6061	89.8406	Asia/Dhaka	bd
Asia	Fatehpur	25.9277	80.8127	Asia/Kolkata	in
Asia	Fengcheng	29.8259	107.0602	Asia/Shanghai	cn
Asia	Fengcheng (CN)	34.7039	116.5872	Asia/Shanghai	cn
Asia	Fenghuang	27.9356	109.5996	Asia/Shanghai	cn
Asia	Fengxiang	30.8584	121.4678	Asia/Shanghai	cn
Asia	Fergana	40.3842	71.7843	Asia/Tashkent	uz
Asia	Firozpur	30.9257	74.6131	Asia/Kolkata	in
Asia	Foshan	23.0268	113.1315	Asia/Shanghai	cn
Asia	Fuchū	35.6745	139.4822	Asia/Tokyo	jp
Asia	Fuding	27.3273	120.2140	Asia/Shanghai	cn
Asia	Fuji	35.1667	138.6833	Asia/Tokyo	jp
Asia	Fuji (CN)	29.1482	105.3739	Asia/Shanghai	cn
Asia	Fujieda	34.8667	138.2667	Asia/Tokyo	jp
Asia	Fujinomiya	35.2167	138.6167	Asia/Tokyo	jp
Asia	Fujisawa	35.3493	139.4767	Asia/Tokyo	jp
Asia	Fukui-shi	36.0644	136.2226	Asia/Tokyo	jp
Asia	Fukuoka	33.6000	130.4167	Asia/Tokyo	jp
Asia	Fukushima	37.7500	140.4667	Asia/Tokyo	jp
Asia	Fukuyama	34.4833	133.3667	Asia/Tokyo	jp
Asia	Fuling	29.7100	107.3939	Asia/Shanghai	cn
Asia	Fushun	41.8867	123.9436	Asia/Shanghai	cn
Asia	Fuxin	42.0156	121.6589	Asia/Shanghai	cn
Asia	Fuyang	32.9000	115.8167	Asia/Shanghai	cn
Asia	Fuyu	45.1833	124.8167	Asia/Shanghai	cn
Asia	Fuzhou	26.0614	119.3061	Asia/Shanghai	cn
Asia	Fuzhou (CN)	27.9600	116.3333	Asia/Shanghai	cn
Asia	Fu’an	27.0913	119.6445	Asia/Shanghai	cn
Asia	Fyzābād	26.7755	82.1502	Asia/Kolkata	in
Asia	Fīrozābād	27.1509	78.3978	Asia/Kolkata	in
Asia	Gadag-Betageri	15.4167	75.6167	Asia/Kolkata	in
Asia	Gandhinagar	23.2167	72.6833	Asia/Kolkata	in
Asia	Gangavati	15.4313	76.5293	Asia/Kolkata	in
Asia	Gangneung	37.7527	128.8724	Asia/Seoul	kr
Asia	Gangtok	27.3257	88.6122	Asia/Kolkata	in
Asia	Gangu Chengguanzhen	34.7356	105.3263	Asia/Shanghai	cn
Asia	Gangāpur	26.4725	76.7174	Asia/Kolkata	in
Asia	Ganja	40.6816	46.3613	Asia/Baku	az
Asia	Ganzhou	25.8466	114.9326	Asia/Shanghai	cn
Asia	Gaojing	31.3223	121.4751	Asia/Shanghai	cn
Asia	Gaomi	36.3833	119.7528	Asia/Shanghai	cn
Asia	Gaozhou	21.9197	110.8568	Asia/Shanghai	cn
Asia	Gapan	15.3072	120.9464	Asia/Manila	ph
Asia	Gardez	33.5974	69.2259	Asia/Kabul	af
Asia	Garhi Khairo	28.0572	67.9790	Asia/Karachi	pk
Asia	Garut	-7.2450	107.9210	Asia/Jakarta	id
Asia	Gaya	24.7969	85.0038	Asia/Kolkata	in
Asia	Gazipur	23.9984	90.4223	Asia/Dhaka	bd
Asia	Gejiu	23.3608	103.1537	Asia/Shanghai	cn
Asia	General Santos	6.1128	125.1717	Asia/Manila	ph
Asia	Geoje	34.8138	128.7056	Asia/Seoul	kr
Asia	George Town	5.4112	100.3354	Asia/Kuala_Lumpur	my
Asia	Ghazni	33.5539	68.4210	Asia/Kabul	af
Asia	Ghazīpur	25.5833	83.5853	Asia/Kolkata	in
Asia	Ghotki	28.0044	69.3157	Asia/Karachi	pk
Asia	Ghulja	43.9151	81.3215	Asia/Urumqi	cn
Asia	Ghāziābād	28.6654	77.4391	Asia/Kolkata	in
Asia	Gia Lâm	21.0200	105.9390	Asia/Bangkok	vn
Asia	Gifu	35.4229	136.7604	Asia/Tokyo	jp
Asia	Gijang	35.2442	129.2139	Asia/Seoul	kr
Asia	Gilgit	35.9187	74.3124	Asia/Karachi	pk
Asia	Gimcheon	36.1218	128.1198	Asia/Seoul	kr
Asia	Gimpo-si	37.6236	126.7142	Asia/Seoul	kr
Asia	Gingoog	8.8278	125.0997	Asia/Manila	ph
Asia	Ginowan	26.2627	127.7615	Asia/Tokyo	jp
Asia	Giridih	24.1862	86.3088	Asia/Kolkata	in
Asia	Giá Rai	9.2344	105.4583	Asia/Ho_Chi_Minh	vn
Asia	Godhra	22.7755	73.6149	Asia/Kolkata	in
Asia	Gojra	31.1493	72.6832	Asia/Karachi	pk
Asia	Gondal	21.9607	70.8025	Asia/Kolkata	in
Asia	Gondiā	21.4603	80.1920	Asia/Kolkata	in
Asia	Gondā City	27.1318	81.9533	Asia/Kolkata	in
Asia	Gongzhuling	43.5007	124.8198	Asia/Shanghai	cn
Asia	Gorakhpur	29.4477	75.6721	Asia/Kolkata	in
Asia	Gorakhpur (IN)	26.7663	83.3689	Asia/Kolkata	in
Asia	Gorontalo	0.5375	123.0625	Asia/Makassar	id
Asia	Goyang-si	37.6564	126.8350	Asia/Seoul	kr
Asia	Greater Noida	28.4962	77.5360	Asia/Kolkata	in
Asia	Guangshui	31.6199	113.9978	Asia/Shanghai	cn
Asia	Guangyuan	32.4420	105.8230	Asia/Shanghai	cn
Asia	Guang’an	30.4741	106.6370	Asia/Shanghai	cn
Asia	Guankou	28.1586	113.6271	Asia/Shanghai	cn
Asia	Gudivāda	16.4355	80.9955	Asia/Kolkata	in
Asia	Guigang	23.1160	109.5947	Asia/Shanghai	cn
Asia	Guiguinto	14.8333	120.8833	Asia/Manila	ph
Asia	Guilin	25.2802	110.2964	Asia/Shanghai	cn
Asia	Guixi	30.3335	107.3454	Asia/Shanghai	cn
Asia	Guiyang	26.5833	106.7167	Asia/Shanghai	cn
Asia	Gujangbagh	37.1093	79.9343	Asia/Urumqi	cn
Asia	Gujranwala	32.1557	74.1870	Asia/Karachi	pk
Asia	Gujrat	32.5742	74.0754	Asia/Karachi	pk
Asia	Guli	28.8816	120.0331	Asia/Shanghai	cn
Asia	Gulin	28.0422	105.8104	Asia/Shanghai	cn
Asia	Gumi	36.1136	128.3360	Asia/Seoul	kr
Asia	Guna	24.6469	77.3113	Asia/Kolkata	in
Asia	Gunan	29.0231	106.6480	Asia/Shanghai	cn
Asia	Gunsan	35.9786	126.7114	Asia/Seoul	kr
Asia	Guntakal	15.1711	77.3624	Asia/Kolkata	in
Asia	Guntur	16.2997	80.4573	Asia/Kolkata	in
Asia	Gunungsitoli	1.2888	97.6143	Asia/Jakarta	id
Asia	Guri-si	37.5986	127.1394	Asia/Seoul	kr
Asia	Gurugram	28.4601	77.0263	Asia/Kolkata	in
Asia	Guwahati	26.1844	91.7458	Asia/Kolkata	in
Asia	Guyuan	36.0067	106.2808	Asia/Shanghai	cn
Asia	Gwalior	26.2298	78.1734	Asia/Kolkata	in
Asia	Gwangju	35.1547	126.9156	Asia/Seoul	kr
Asia	Gwangmyeong	37.4772	126.8664	Asia/Seoul	kr
Asia	Gwangyang	34.9414	127.6957	Asia/Seoul	kr
Asia	Gyeongju	35.8428	129.2117	Asia/Seoul	kr
Asia	Gyeongsan-si	35.8233	128.7378	Asia/Seoul	kr
Asia	Gyumri	40.7931	43.8464	Asia/Yerevan	am
Asia	Gyānpur	25.3327	82.4664	Asia/Kolkata	in
Asia	Gāndhīdhām	23.0833	70.1333	Asia/Kolkata	in
Asia	Habikino	34.5528	135.5910	Asia/Tokyo	jp
Asia	Hachinohe	40.5000	141.5000	Asia/Tokyo	jp
Asia	Hachiōji	35.6558	139.3239	Asia/Tokyo	jp
Asia	Hadano	35.3711	139.2236	Asia/Tokyo	jp
Asia	Haeju	38.0406	125.7147	Asia/Pyongyang	kp
Asia	Hafizabad	32.0710	73.6880	Asia/Karachi	pk
Asia	Hagonoy	14.8341	120.7327	Asia/Manila	ph
Asia	Haicheng	40.8516	122.7475	Asia/Shanghai	cn
Asia	Haikou	20.0342	110.3465	Asia/Shanghai	cn
Asia	Haikou (CN)	24.7798	102.5755	Asia/Shanghai	cn
Asia	Hailin	44.5715	129.3854	Asia/Shanghai	cn
Asia	Hailun	47.4466	126.9248	Asia/Shanghai	cn
Asia	Haimen	23.1935	116.6122	Asia/Shanghai	cn
Asia	Haiphong	20.8648	106.6834	Asia/Bangkok	vn
Asia	Hakodate	41.7758	140.7367	Asia/Tokyo	jp
Asia	Haldia	22.0605	88.1098	Asia/Kolkata	in
Asia	Haldwani	29.2225	79.5286	Asia/Kolkata	in
Asia	Hamamatsu	34.7000	137.7333	Asia/Tokyo	jp
Asia	Hamhŭng	39.9183	127.5364	Asia/Pyongyang	kp
Asia	Hami	42.8339	93.5060	Asia/Urumqi	cn
Asia	Hanam	37.5400	127.2056	Asia/Seoul	kr
Asia	Handa	34.8833	136.9333	Asia/Tokyo	jp
Asia	Handan	36.6100	114.4876	Asia/Shanghai	cn
Asia	Hanfeng	31.1695	108.4031	Asia/Shanghai	cn
Asia	Hangu	39.2489	117.7892	Asia/Shanghai	cn
Asia	Hangzhou	30.2936	120.1614	Asia/Shanghai	cn
Asia	Hanjia	29.2952	108.1613	Asia/Shanghai	cn
Asia	Hanumāngarh	29.5818	74.3294	Asia/Kolkata	in
Asia	Hanzhong	33.0751	107.0221	Asia/Shanghai	cn
Asia	Hardoī	27.3949	80.1316	Asia/Kolkata	in
Asia	Haridwar	29.9479	78.1603	Asia/Kolkata	in
Asia	Harunabad	29.6121	73.1380	Asia/Karachi	pk
Asia	Hashtsāl	28.6341	77.0577	Asia/Kolkata	in
Asia	Hasilpur	29.6922	72.5457	Asia/Karachi	pk
Asia	Hassan	13.0071	76.0962	Asia/Kolkata	in
Asia	Hat Yai	7.0084	100.4767	Asia/Bangkok	th
Asia	Hatsukaichi	34.3500	132.3333	Asia/Tokyo	jp
Asia	Haveli Lakha	30.4510	73.6937	Asia/Karachi	pk
Asia	Hazāribāgh	23.9924	85.3616	Asia/Kolkata	in
Asia	Hebi	35.7323	114.2862	Asia/Shanghai	cn
Asia	Hechi	24.6928	108.0838	Asia/Shanghai	cn
Asia	Hechuan	29.9923	106.2646	Asia/Shanghai	cn
Asia	Hefei	31.8639	117.2808	Asia/Shanghai	cn
Asia	Hegang	47.3473	130.2903	Asia/Shanghai	cn
Asia	Hejiang	28.8116	105.8336	Asia/Shanghai	cn
Asia	Hengshan	45.2084	130.8981	Asia/Shanghai	cn
Asia	Hengshui	37.7391	115.6835	Asia/Shanghai	cn
Asia	Hengyang	26.8895	112.6189	Asia/Shanghai	cn
Asia	Hepo	23.4308	115.8299	Asia/Shanghai	cn
Asia	Hepu	21.6592	109.2001	Asia/Shanghai	cn
Asia	Herāt	34.3482	62.1997	Asia/Kabul	af
Asia	Heshan	28.5694	112.3473	Asia/Shanghai	cn
Asia	Hetauda	27.4284	85.0322	Asia/Kathmandu	np
Asia	Heyuan	23.7333	114.6833	Asia/Shanghai	cn
Asia	Heze	35.2393	115.4736	Asia/Shanghai	cn
Asia	Hezhou	24.4036	111.5667	Asia/Shanghai	cn
Asia	Higashihiroshima	34.4086	132.7368	Asia/Tokyo	jp
Asia	Higashiosaka	34.6667	135.5833	Asia/Tokyo	jp
Asia	Hikone	35.2500	136.2500	Asia/Tokyo	jp
Asia	Himamaylan	10.0989	122.8706	Asia/Manila	ph
Asia	Himeji	34.8167	134.7000	Asia/Tokyo	jp
Asia	Hindaun	26.7341	77.0352	Asia/Kolkata	in
Asia	Hindupur	13.8281	77.4914	Asia/Kolkata	in
Asia	Hinganghāt	20.5487	78.8398	Asia/Kolkata	in
Asia	Hino	35.6731	139.4003	Asia/Tokyo	jp
Asia	Hinthada	17.6494	95.4570	Asia/Yangon	mm
Asia	Hirakata	34.8135	135.6491	Asia/Tokyo	jp
Asia	Hiratsuka	35.3278	139.3373	Asia/Tokyo	jp
Asia	Hirosaki	40.5931	140.4725	Asia/Tokyo	jp
Asia	Hiroshima	34.4000	132.4500	Asia/Tokyo	jp
Asia	Hisar	29.1539	75.7229	Asia/Kolkata	in
Asia	Hitachi	36.6000	140.6500	Asia/Tokyo	jp
Asia	Hitachi-Naka	36.3966	140.5348	Asia/Tokyo	jp
Asia	Hlaingthaya	16.8500	96.0667	Asia/Yangon	mm
Asia	Hohhot	40.8106	111.6522	Asia/Shanghai	cn
Asia	Honggang	46.3974	124.8845	Asia/Shanghai	cn
Asia	Honmachi	32.5044	130.5995	Asia/Tokyo	jp
Asia	Hosapete	15.2695	76.3871	Asia/Kolkata	in
Asia	Hoshiārpur	31.5372	75.9127	Asia/Kolkata	in
Asia	Hosūr	12.7365	77.8326	Asia/Kolkata	in
Asia	Hoàng Mai	19.2676	105.7159	Asia/Bangkok	vn
Asia	Hsinchu	24.8036	120.9686	Asia/Taipei	tw
Asia	Hua Hin	12.5707	99.9588	Asia/Bangkok	th
Asia	Huacheng	24.0670	115.6131	Asia/Shanghai	cn
Asia	Huadian	42.9721	126.7411	Asia/Shanghai	cn
Asia	Huai'an	33.5886	119.0192	Asia/Shanghai	cn
Asia	Huaibei	33.9744	116.7917	Asia/Shanghai	cn
Asia	Huaihua	27.5634	110.0040	Asia/Shanghai	cn
Asia	Huainan	32.6264	116.9969	Asia/Shanghai	cn
Asia	Huanggang	30.4514	114.8704	Asia/Shanghai	cn
Asia	Huanggang (CN)	23.6770	116.9996	Asia/Shanghai	cn
Asia	Huangshan	29.7114	118.3125	Asia/Shanghai	cn
Asia	Huangshi	30.2471	115.0481	Asia/Shanghai	cn
Asia	Huangzhou	30.4500	114.8000	Asia/Shanghai	cn
Asia	Huayin	34.5653	110.0664	Asia/Shanghai	cn
Asia	Hub	25.0255	66.8853	Asia/Karachi	pk
Asia	Hubballi	15.3478	75.1338	Asia/Kolkata	in
Asia	Huicheng	23.0385	116.2899	Asia/Shanghai	cn
Asia	Huinong	39.2333	106.7694	Asia/Shanghai	cn
Asia	Huixing	29.6840	106.6149	Asia/Shanghai	cn
Asia	Huizhou	23.1115	114.4152	Asia/Shanghai	cn
Asia	Hulan	45.8933	126.5784	Asia/Shanghai	cn
Asia	Hulan Ergi	47.2042	123.6333	Asia/Shanghai	cn
Asia	Huludao	40.7524	120.8355	Asia/Shanghai	cn
Asia	Hulunbuir	49.2114	119.7558	Asia/Shanghai	cn
Asia	Humen	22.8190	113.6731	Asia/Shanghai	cn
Asia	Huocheng	44.0530	80.8717	Asia/Urumqi	cn
Asia	Huyện Lâm Hà	11.8155	108.2144	Asia/Ho_Chi_Minh	vn
Asia	Huzhou	30.8703	120.0933	Asia/Shanghai	cn
Asia	Huế	16.4619	107.5955	Asia/Bangkok	vn
Asia	Hwado	37.6525	127.3075	Asia/Seoul	kr
Asia	Hwaseong-si	37.2068	126.8169	Asia/Seoul	kr
Asia	Hyderabad	17.3840	78.4564	Asia/Kolkata	in
Asia	Hyderabad (PK)	25.3969	68.3772	Asia/Karachi	pk
Asia	Hyesan	41.4017	128.1778	Asia/Pyongyang	kp
Asia	Hà Tiên	10.3831	104.4875	Asia/Ho_Chi_Minh	vn
Asia	Hà Tĩnh	18.3428	105.9057	Asia/Bangkok	vn
Asia	Hòa Bình	20.8172	105.3376	Asia/Bangkok	vn
Asia	Hòa Thành	11.2870	106.1294	Asia/Ho_Chi_Minh	vn
Asia	Hābra	22.8420	88.6561	Asia/Kolkata	in
Asia	Hājīpur	25.6854	85.2098	Asia/Kolkata	in
Asia	Hāpur	28.7298	77.7807	Asia/Kolkata	in
Asia	Hāthazāri	22.5052	91.8134	Asia/Dhaka	bd
Asia	Hāthras	27.5955	78.0520	Asia/Kolkata	in
Asia	Hōfu	34.0500	131.5667	Asia/Tokyo	jp
Asia	Hŭngnam	39.8420	127.6321	Asia/Pyongyang	kp
Asia	Hưng Yên	20.6464	106.0511	Asia/Bangkok	vn
Asia	Hạ Long	20.9505	107.0734	Asia/Bangkok	vn
Asia	Hải Châu	15.9167	108.1333	Asia/Ho_Chi_Minh	vn
Asia	Hải Dương	20.9410	106.3330	Asia/Bangkok	vn
Asia	Hồng Ngự	10.8000	105.3500	Asia/Ho_Chi_Minh	vn
Asia	Ibaraki	34.8164	135.5683	Asia/Tokyo	jp
Asia	Ichalkaranji	16.6912	74.4605	Asia/Kolkata	in
Asia	Icheon-si	37.2792	127.4425	Asia/Seoul	kr
Asia	Ichihara	35.5167	140.0833	Asia/Tokyo	jp
Asia	Ichinomiya	35.3000	136.8000	Asia/Tokyo	jp
Asia	Ichinoseki	38.9167	141.1333	Asia/Tokyo	jp
Asia	Iida	35.5196	137.8207	Asia/Tokyo	jp
Asia	Iizuka	33.6365	130.6868	Asia/Tokyo	jp
Asia	Ijok	3.3167	101.4000	Asia/Kuala_Lumpur	my
Asia	Ikoma	34.6833	135.7000	Asia/Tokyo	jp
Asia	Iksan	35.9439	126.9544	Asia/Seoul	kr
Asia	Ilagan	17.1485	121.8892	Asia/Manila	ph
Asia	Iligan	8.2289	124.2434	Asia/Manila	ph
Asia	Iligan City	8.2500	124.4000	Asia/Manila	ph
Asia	Iloilo	10.6969	122.5644	Asia/Manila	ph
Asia	Imabari	34.0700	133.0002	Asia/Tokyo	jp
Asia	Imphal	24.8081	93.9442	Asia/Kolkata	in
Asia	Imus	14.4297	120.9367	Asia/Manila	ph
Asia	Incheon	37.4565	126.7052	Asia/Seoul	kr
Asia	Indore	22.7179	75.8333	Asia/Kolkata	in
Asia	Indramayu	-6.3264	108.3200	Asia/Jakarta	id
Asia	Inzai	35.8348	140.1636	Asia/Tokyo	jp
Asia	Ipoh	4.5841	101.0829	Asia/Kuala_Lumpur	my
Asia	Iriga City	13.4324	123.4115	Asia/Manila	ph
Asia	Isahaya	32.8411	130.0431	Asia/Tokyo	jp
Asia	Ise	34.4833	136.7000	Asia/Tokyo	jp
Asia	Isesaki	36.3167	139.2000	Asia/Tokyo	jp
Asia	Isfara	40.1265	70.6253	Asia/Dushanbe	tj
Asia	Ishinomaki	38.4167	141.3000	Asia/Tokyo	jp
Asia	Iskandar Puteri	1.3932	103.6232	Asia/Kuala_Lumpur	my
Asia	Istaravshan	39.9142	69.0033	Asia/Dushanbe	tj
Asia	Isulan	6.6294	124.6050	Asia/Manila	ph
Asia	Itārsi	22.6148	77.7622	Asia/Kolkata	in
Asia	Iwaki	37.0500	140.8833	Asia/Tokyo	jp
Asia	Iwakuni	34.1630	132.2200	Asia/Tokyo	jp
Asia	Iwata	34.7000	137.8500	Asia/Tokyo	jp
Asia	Izumi	34.4833	135.4333	Asia/Tokyo	jp
Asia	Izumo	35.3667	132.7667	Asia/Tokyo	jp
Asia	Jabalpur	23.1670	79.9501	Asia/Kolkata	in
Asia	Jacobabad	28.2819	68.4376	Asia/Karachi	pk
Asia	Jaffna	9.6684	80.0074	Asia/Colombo	lk
Asia	Jagdalpur	19.0814	82.0213	Asia/Kolkata	in
Asia	Jagtiāl	18.7947	78.9166	Asia/Kolkata	in
Asia	Jahānābād	25.2137	84.9871	Asia/Kolkata	in
Asia	Jaigaon	26.8477	89.3756	Asia/Kolkata	in
Asia	Jaipur	26.9196	75.7878	Asia/Kolkata	in
Asia	Jalai Nur	49.4500	117.7000	Asia/Shanghai	cn
Asia	Jalalpur Jattan	32.6412	74.2056	Asia/Karachi	pk
Asia	Jalalpur Pirwala	29.5051	71.2220	Asia/Karachi	pk
Asia	Jalandhar	31.3256	75.5792	Asia/Kolkata	in
Asia	Jalgaon	21.0029	75.5660	Asia/Kolkata	in
Asia	Jalpāiguri	26.5167	88.7333	Asia/Kolkata	in
Asia	Jalālābād	34.4265	70.4515	Asia/Kabul	af
Asia	Jambi City	-1.6000	103.6167	Asia/Jakarta	id
Asia	Jammu	32.7353	74.8617	Asia/Kolkata	in
Asia	Jamnagar	22.4729	70.0667	Asia/Kolkata	in
Asia	Jampur	29.6424	70.5952	Asia/Karachi	pk
Asia	Jamshedpur	22.8028	86.1855	Asia/Kolkata	in
Asia	Jamālpur	24.9197	89.9481	Asia/Dhaka	bd
Asia	Jamālpur (IN)	25.3126	86.4889	Asia/Kolkata	in
Asia	Janakpur	26.7288	85.9263	Asia/Kathmandu	np
Asia	Jaranwala	31.3332	73.4187	Asia/Karachi	pk
Asia	Jauharabad	32.2902	72.2818	Asia/Karachi	pk
Asia	Jaunpur	25.7536	82.6869	Asia/Kolkata	in
Asia	Jayapura	-2.5337	140.7181	Asia/Jayapura	id
Asia	Jeju City	33.5097	126.5219	Asia/Seoul	kr
Asia	Jember	-8.1721	113.6995	Asia/Jakarta	id
Asia	Jeongeup	35.6000	126.9170	Asia/Seoul	kr
Asia	Jeonju	35.8219	127.1489	Asia/Seoul	kr
Asia	Jepara	-6.5924	110.6710	Asia/Jakarta	id
Asia	Jessore	23.1697	89.2137	Asia/Dhaka	bd
Asia	Jetpur	21.7548	70.6235	Asia/Kolkata	in
Asia	Jhang Sadr	31.2698	72.3169	Asia/Karachi	pk
Asia	Jhelum	32.9345	73.7310	Asia/Karachi	pk
Asia	Jhunjhunūn	28.1256	75.3980	Asia/Kolkata	in
Asia	Jhānsi	25.4589	78.5799	Asia/Kolkata	in
Asia	Jiading	31.3858	121.2446	Asia/Shanghai	cn
Asia	Jiagedaqi	50.4167	124.1167	Asia/Shanghai	cn
Asia	Jiamusi	46.7971	130.3112	Asia/Shanghai	cn
Asia	Jianchang	27.5583	116.6398	Asia/Shanghai	cn
Asia	Jiangmen	22.5833	113.0833	Asia/Shanghai	cn
Asia	Jiangyin	31.9110	120.2630	Asia/Shanghai	cn
Asia	Jiangyou	31.7667	104.7167	Asia/Shanghai	cn
Asia	Jianshui	24.2774	101.2240	Asia/Shanghai	cn
Asia	Jiaohe	43.7213	127.3347	Asia/Shanghai	cn
Asia	Jiaozhou	36.2839	120.0033	Asia/Shanghai	cn
Asia	Jiaozuo	35.2392	113.2391	Asia/Shanghai	cn
Asia	Jiawang	34.4328	117.4419	Asia/Shanghai	cn
Asia	Jiaxing	30.7522	120.7500	Asia/Shanghai	cn
Asia	Jiayuguan	39.8112	98.2862	Asia/Shanghai	cn
Asia	Jiazi	22.8793	116.0732	Asia/Shanghai	cn
Asia	Jieshi	22.8103	115.8306	Asia/Shanghai	cn
Asia	Jieshou	33.2634	115.3611	Asia/Shanghai	cn
Asia	Jieyang	23.5418	116.3658	Asia/Shanghai	cn
Asia	Jijiang	29.2899	106.2500	Asia/Shanghai	cn
Asia	Jilin	43.8465	126.5608	Asia/Shanghai	cn
Asia	Jinan	36.6683	116.9972	Asia/Shanghai	cn
Asia	Jinchang	38.5006	102.1938	Asia/Shanghai	cn
Asia	Jincheng	35.5022	112.8328	Asia/Shanghai	cn
Asia	Jinfeng	28.2385	116.6005	Asia/Shanghai	cn
Asia	Jingdezhen	29.2947	117.2079	Asia/Shanghai	cn
Asia	Jinghong	22.0026	100.7697	Asia/Shanghai	cn
Asia	Jingling	30.6500	113.1000	Asia/Shanghai	cn
Asia	Jingmen	31.0336	112.2047	Asia/Shanghai	cn
Asia	Jingzhi	36.3100	119.3875	Asia/Shanghai	cn
Asia	Jingzhou	30.3503	112.1903	Asia/Shanghai	cn
Asia	Jing’an	22.2107	113.2922	Asia/Shanghai	cn
Asia	Jinhua	29.1068	119.6442	Asia/Shanghai	cn
Asia	Jining	35.4050	116.5814	Asia/Shanghai	cn
Asia	Jinjiang	24.8198	118.5742	Asia/Shanghai	cn
Asia	Jinshan	30.8356	121.2937	Asia/Shanghai	cn
Asia	Jinshanlu	47.8505	88.1329	Asia/Urumqi	cn
Asia	Jinzhong	37.6840	112.7547	Asia/Shanghai	cn
Asia	Jinzhou	41.1078	121.1417	Asia/Shanghai	cn
Asia	Jinzhou (CN)	39.1000	121.7167	Asia/Shanghai	cn
Asia	Jishou	28.3193	109.7335	Asia/Shanghai	cn
Asia	Jishu	44.3167	126.8000	Asia/Shanghai	cn
Asia	Jiujiang	29.7048	116.0021	Asia/Shanghai	cn
Asia	Jiupu	41.0667	122.9500	Asia/Shanghai	cn
Asia	Jiuquan	39.7432	98.5174	Asia/Shanghai	cn
Asia	Jiutai	44.1513	125.8298	Asia/Shanghai	cn
Asia	Jixi	45.2932	130.9622	Asia/Shanghai	cn
Asia	Jiyuan	35.0891	112.5881	Asia/Shanghai	cn
Asia	Jizhou	37.5505	115.5687	Asia/Shanghai	cn
Asia	Jizzax	40.1335	67.8296	Asia/Samarkand	uz
Asia	Ji’an	27.1172	114.9793	Asia/Shanghai	cn
Asia	Jodhpur	26.2684	73.0059	Asia/Kolkata	in
Asia	Johor Bahru	1.4655	103.7578	Asia/Kuala_Lumpur	my
Asia	Jolo	6.0522	121.0022	Asia/Manila	ph
Asia	Jombang	-7.5460	112.2331	Asia/Jakarta	id
Asia	Jorhat	26.7575	94.2031	Asia/Kolkata	in
Asia	Jurong Town	1.3342	103.7228	Asia/Singapore	sg
Asia	Jālna	19.8410	75.8864	Asia/Kolkata	in
Asia	Jāmuria	23.7047	87.0787	Asia/Kolkata	in
Asia	Jīnd	29.3158	76.3150	Asia/Kolkata	in
Asia	Jōetsu	37.1483	138.2364	Asia/Tokyo	jp
Asia	Jūnāgadh	21.5197	70.4598	Asia/Kolkata	in
Asia	Kabankalan	9.9839	122.8142	Asia/Manila	ph
Asia	Kabin Buri	13.9513	101.7174	Asia/Bangkok	th
Asia	Kadapa	14.4800	78.8235	Asia/Kolkata	in
Asia	Kaech’ŏn	39.7006	125.8933	Asia/Pyongyang	kp
Asia	Kaesŏng	37.9708	126.5544	Asia/Pyongyang	kp
Asia	Kagoshima	31.5667	130.5500	Asia/Tokyo	jp
Asia	Kaifeng	34.7986	114.3074	Asia/Shanghai	cn
Asia	Kaili	26.5858	107.9797	Asia/Shanghai	cn
Asia	Kaithal	29.8015	76.3996	Asia/Kolkata	in
Asia	Kaiyuan	23.6977	103.3037	Asia/Shanghai	cn
Asia	Kaiyuan (CN)	42.5331	124.0403	Asia/Shanghai	cn
Asia	Kajang	2.9942	101.7887	Asia/Kuala_Lumpur	my
Asia	Kakamigahara	35.4167	136.8667	Asia/Tokyo	jp
Asia	Kakegawa	34.7667	138.0167	Asia/Tokyo	jp
Asia	Kakogawachō-honmachi	34.7694	134.8290	Asia/Tokyo	jp
Asia	Kalaburagi	17.3358	76.8376	Asia/Kolkata	in
Asia	Kalemyo	23.1901	94.0640	Asia/Yangon	mm
Asia	Kallakurichi	11.7338	78.9592	Asia/Kolkata	in
Asia	Kalmunai	7.4090	81.8347	Asia/Colombo	lk
Asia	Kalol	23.2466	72.4951	Asia/Kolkata	in
Asia	Kalyān	19.2437	73.1355	Asia/Kolkata	in
Asia	Kamagaya	35.7697	140.0024	Asia/Tokyo	jp
Asia	Kamakura	35.3109	139.5470	Asia/Tokyo	jp
Asia	Kamalia	30.7271	72.6461	Asia/Karachi	pk
Asia	Kamoke	31.9753	74.2230	Asia/Karachi	pk
Asia	Kampung Baru Subang	3.1500	101.5333	Asia/Kuala_Lumpur	my
Asia	Kampung Kangkar Teberau	1.5320	103.7549	Asia/Kuala_Lumpur	my
Asia	Kanayannur	9.9667	76.2667	Asia/Kolkata	in
Asia	Kanazawa	36.6000	136.6167	Asia/Tokyo	jp
Asia	Kanchipuram	12.8352	79.7001	Asia/Kolkata	in
Asia	Kandahār	31.6133	65.7101	Asia/Kabul	af
Asia	Kandy	7.2906	80.6336	Asia/Colombo	lk
Asia	Kanggye	40.9695	126.5852	Asia/Pyongyang	kp
Asia	Kangnyŏng	37.9075	125.5100	Asia/Pyongyang	kp
Asia	Kangsŏn	38.9364	125.5811	Asia/Pyongyang	kp
Asia	Kanhangad	12.3081	75.1063	Asia/Kolkata	in
Asia	Kani	35.4044	137.0559	Asia/Tokyo	jp
Asia	Kanoya	31.3833	130.8500	Asia/Tokyo	jp
Asia	Kanpur	26.4652	80.3498	Asia/Kolkata	in
Asia	Kaohsiung	22.6163	120.3133	Asia/Taipei	tw
Asia	Kapar	3.1333	101.3833	Asia/Kuala_Lumpur	my
Asia	Karagandy	49.8019	73.1021	Asia/Almaty	kz
Asia	Karamay	45.5847	84.8872	Asia/Urumqi	cn
Asia	Karatsu	33.4425	129.9697	Asia/Tokyo	jp
Asia	Karawang	-6.3053	107.3197	Asia/Jakarta	id
Asia	Kariya	34.9833	136.9833	Asia/Tokyo	jp
Asia	Karnaphuli	22.6906	92.2347	Asia/Dhaka	bd
Asia	Karnāl	29.6920	76.9845	Asia/Kolkata	in
Asia	Karur	10.9577	78.0810	Asia/Kolkata	in
Asia	Karīmnagar	18.4392	79.1286	Asia/Kolkata	in
Asia	Kashgar	39.4672	75.9868	Asia/Urumqi	cn
Asia	Kashihara-shi	34.5090	135.7929	Asia/Tokyo	jp
Asia	Kashipur	29.2140	78.9569	Asia/Kolkata	in
Asia	Kashiwa	35.8622	139.9773	Asia/Tokyo	jp
Asia	Kashiwara	34.4500	135.7667	Asia/Tokyo	jp
Asia	Kasuga	33.5259	130.4611	Asia/Tokyo	jp
Asia	Kasugai	35.2476	136.9723	Asia/Tokyo	jp
Asia	Kasukabe	35.9831	139.7497	Asia/Tokyo	jp
Asia	Kasur	31.1187	74.4502	Asia/Karachi	pk
Asia	Katihar	25.5385	87.5704	Asia/Kolkata	in
Asia	Kawachi-Nagano	34.4411	135.5828	Asia/Tokyo	jp
Asia	Kawagoe	35.9086	139.4853	Asia/Tokyo	jp
Asia	Kawaguchi	35.8052	139.7107	Asia/Tokyo	jp
Asia	Kawasaki	35.5206	139.7172	Asia/Tokyo	jp
Asia	Kazo	36.1167	139.6000	Asia/Tokyo	jp
Asia	Kediri	-7.8167	112.0167	Asia/Jakarta	id
Asia	Kedungwuni	-6.9704	109.6479	Asia/Jakarta	id
Asia	Keelung	25.1309	121.7409	Asia/Taipei	tw
Asia	Kendari	-3.9778	122.5151	Asia/Makassar	id
Asia	Khairpur Mir’s	27.5295	68.7592	Asia/Karachi	pk
Asia	Khammam	17.2477	80.1437	Asia/Kolkata	in
Asia	Khandwa	21.8243	76.3509	Asia/Kolkata	in
Asia	Khanna	30.7055	76.2220	Asia/Kolkata	in
Asia	Khanpur	28.6474	70.6569	Asia/Karachi	pk
Asia	Kharagpur	22.3397	87.3250	Asia/Kolkata	in
Asia	Khargone	21.8229	75.6139	Asia/Kolkata	in
Asia	Kharian	32.8161	73.8870	Asia/Karachi	pk
Asia	Khirdalan	40.4481	49.7550	Asia/Baku	az
Asia	Khlong Luang	14.0647	100.6458	Asia/Bangkok	th
Asia	Khlong Sam Wa	13.8714	100.7372	Asia/Bangkok	th
Asia	Khon Kaen	16.4467	102.8330	Asia/Bangkok	th
Asia	Khujand	40.2826	69.6222	Asia/Dushanbe	tj
Asia	Khulna	22.8098	89.5644	Asia/Dhaka	bd
Asia	Khurja	28.2538	77.8554	Asia/Kolkata	in
Asia	Khushāb	32.2967	72.3525	Asia/Karachi	pk
Asia	Khuzdar	27.8119	66.6110	Asia/Karachi	pk
Asia	Kimhae	35.2342	128.8811	Asia/Seoul	kr
Asia	Kirishima	31.7409	130.7629	Asia/Tokyo	jp
Asia	Kiryū	36.4000	139.3333	Asia/Tokyo	jp
Asia	Kirāri Sulemānnagar	28.6974	77.0648	Asia/Kolkata	in
Asia	Kisaran	2.9845	99.6158	Asia/Jakarta	id
Asia	Kisarazu	35.3833	139.9325	Asia/Tokyo	jp
Asia	Kishanganj	26.1022	87.9553	Asia/Kolkata	in
Asia	Kishangarh	26.5901	74.8540	Asia/Kolkata	in
Asia	Kishiwada	34.4667	135.3667	Asia/Tokyo	jp
Asia	Kita	35.7526	139.7335	Asia/Tokyo	jp
Asia	Kitakyushu	33.8518	130.8503	Asia/Tokyo	jp
Asia	Kitami	43.8031	143.8908	Asia/Tokyo	jp
Asia	Kiến An	20.8053	106.6256	Asia/Bangkok	vn
Asia	Klang	3.0367	101.4433	Asia/Kuala_Lumpur	my
Asia	Klaten	-7.7058	110.6064	Asia/Jakarta	id
Asia	Kluang	2.0305	103.3169	Asia/Kuala_Lumpur	my
Asia	Klungkung	-8.5333	115.4000	Asia/Makassar	id
Asia	Kobe	34.6913	135.1830	Asia/Tokyo	jp
Asia	Kochi	33.5500	133.5333	Asia/Tokyo	jp
Asia	Kofu	35.6667	138.5667	Asia/Tokyo	jp
Asia	Koga	36.1833	139.7167	Asia/Tokyo	jp
Asia	Kohat	33.5820	71.4493	Asia/Karachi	pk
Asia	Kokshetau	53.2841	69.3936	Asia/Almaty	kz
Asia	Kolhāpur	16.6956	74.2317	Asia/Kolkata	in
Asia	Kollam	8.8811	76.5847	Asia/Kolkata	in
Asia	Kolār	13.1377	78.1300	Asia/Kolkata	in
Asia	Komatsu	36.4026	136.4509	Asia/Tokyo	jp
Asia	Kon Tum	14.3545	108.0076	Asia/Ho_Chi_Minh	vn
Asia	Konibodom	40.2941	70.4312	Asia/Dushanbe	tj
Asia	Korba	22.3458	82.6963	Asia/Kolkata	in
Asia	Korla	41.7606	86.1523	Asia/Urumqi	cn
Asia	Koronadal	6.5031	124.8469	Asia/Manila	ph
Asia	Koshigaya	35.8903	139.7892	Asia/Tokyo	jp
Asia	Kostanay	53.2144	63.6246	Asia/Qostanay	kz
Asia	Kot Addu	30.4691	70.9670	Asia/Karachi	pk
Asia	Kot Radha Kishan	31.1707	74.1013	Asia/Karachi	pk
Asia	Kota	25.1825	75.8391	Asia/Kolkata	in
Asia	Kota Bharu	6.1236	102.2433	Asia/Kuala_Lumpur	my
Asia	Kota Kinabalu	5.9749	116.0724	Asia/Kuching	my
Asia	Kota Kuala Muda	5.5882	100.3709	Asia/Kuala_Lumpur	my
Asia	Kotamobagu	0.7419	124.3121	Asia/Makassar	id
Asia	Kotri	25.3657	68.3083	Asia/Karachi	pk
Asia	Kozhikode	11.2480	75.7804	Asia/Kolkata	in
Asia	Kresek	-6.1314	106.3797	Asia/Jakarta	id
Asia	Krishnanagar	23.4058	88.4907	Asia/Kolkata	in
Asia	Kuala Krai	5.5313	102.1993	Asia/Kuala_Lumpur	my
Asia	Kuala Kubu Baharu	3.5638	101.6581	Asia/Kuala_Lumpur	my
Asia	Kuala Terengganu	5.3302	103.1408	Asia/Kuala_Lumpur	my
Asia	Kuantan	3.8077	103.3260	Asia/Kuala_Lumpur	my
Asia	Kuching	1.5500	110.3333	Asia/Kuching	my
Asia	Kukatpally	17.4849	78.4138	Asia/Kolkata	in
Asia	Kukichūō	36.0674	139.6750	Asia/Tokyo	jp
Asia	Kulim	5.3650	100.5618	Asia/Kuala_Lumpur	my
Asia	Kulti	23.7317	86.8437	Asia/Kolkata	in
Asia	Kumagaya	36.1350	139.3900	Asia/Tokyo	jp
Asia	Kumamoto	32.8059	130.6918	Asia/Tokyo	jp
Asia	Kumarapalayam	11.4450	77.7110	Asia/Kolkata	in
Asia	Kumbakonam	10.9621	79.3912	Asia/Kolkata	in
Asia	Kunduz	36.7289	68.8570	Asia/Kabul	af
Asia	Kuningan	-6.9758	108.4831	Asia/Jakarta	id
Asia	Kunming	25.0389	102.7183	Asia/Shanghai	cn
Asia	Kunri	25.1787	69.5657	Asia/Karachi	pk
Asia	Kunshan	31.3776	120.9543	Asia/Shanghai	cn
Asia	Kupang	-10.1708	123.6069	Asia/Makassar	id
Asia	Kurashiki	34.5833	133.7667	Asia/Tokyo	jp
Asia	Kure	34.2322	132.5666	Asia/Tokyo	jp
Asia	Kurnool	15.8289	78.0360	Asia/Kolkata	in
Asia	Kurume	33.3167	130.5167	Asia/Tokyo	jp
Asia	Kusatsu	35.0167	135.9667	Asia/Tokyo	jp
Asia	Kushinagar	26.7413	83.8869	Asia/Kolkata	in
Asia	Kushiro	42.9750	144.3747	Asia/Tokyo	jp
Asia	Kushtia	23.9028	89.1194	Asia/Dhaka	bd
Asia	Kutaisi	42.2679	42.6946	Asia/Tbilisi	ge
Asia	Kuwana	35.0519	136.6696	Asia/Tokyo	jp
Asia	Kyaukpyu	19.4279	93.5513	Asia/Yangon	mm
Asia	Kyauktan	16.6374	96.3251	Asia/Yangon	mm
Asia	Kyoto	35.0211	135.7538	Asia/Tokyo	jp
Asia	Kyzylorda	44.8528	65.5092	Asia/Qyzylorda	kz
Asia	Kākināda	16.9604	82.2381	Asia/Kolkata	in
Asia	Kānchrāpāra	22.9600	88.4285	Asia/Kolkata	in
Asia	Kāraikkudi	10.0662	78.7678	Asia/Kolkata	in
Asia	Kēng Tung	21.6309	99.9268	Asia/Yangon	mm
Asia	Kōnosu	36.0687	139.5168	Asia/Tokyo	jp
Asia	Kōriyama	37.4000	140.3833	Asia/Tokyo	jp
Asia	Kŭlob	37.9146	69.7845	Asia/Dushanbe	tj
Asia	Kỳ Anh	18.0624	106.2983	Asia/Bangkok	vn
Asia	La Gi	10.6599	107.7721	Asia/Ho_Chi_Minh	vn
Asia	Labuan Bajo	-8.4964	119.8877	Asia/Makassar	id
Asia	Lahad Datu	5.0230	118.3290	Asia/Kuching	my
Asia	Lahān	26.7202	86.4826	Asia/Kathmandu	np
Asia	Laibin	23.7474	109.2222	Asia/Shanghai	cn
Asia	Laiwu	36.1928	117.6569	Asia/Shanghai	cn
Asia	Laixi	36.8592	120.5269	Asia/Shanghai	cn
Asia	Laiyang	36.9758	120.7136	Asia/Shanghai	cn
Asia	Laizhou	37.1807	119.9422	Asia/Shanghai	cn
Asia	Lak Si	13.8872	100.5792	Asia/Bangkok	th
Asia	Lakhīmpur	27.9482	80.7793	Asia/Kolkata	in
Asia	Lal Bahadur Nagar	17.3477	78.5576	Asia/Kolkata	in
Asia	Lalitpur	24.6901	78.4192	Asia/Kolkata	in
Asia	Lampang	18.2923	99.4928	Asia/Bangkok	th
Asia	Langfang	39.5208	116.7147	Asia/Shanghai	cn
Asia	Langsa	4.4683	97.9683	Asia/Jakarta	id
Asia	Lanzhou	36.0570	103.8399	Asia/Shanghai	cn
Asia	Laoag	18.1978	120.5957	Asia/Manila	ph
Asia	Laohekou	32.3858	111.6678	Asia/Shanghai	cn
Asia	Lapu-Lapu City	10.3103	123.9494	Asia/Manila	ph
Asia	Larkana	27.5590	68.2120	Asia/Karachi	pk
Asia	Lashio	22.9359	97.7498	Asia/Yangon	mm
Asia	Lat Krabang	13.7220	100.7847	Asia/Bangkok	th
Asia	Latur	18.3972	76.5678	Asia/Kolkata	in
Asia	Lawang	-7.8353	112.6947	Asia/Jakarta	id
Asia	Layyah	30.9613	70.9390	Asia/Karachi	pk
Asia	Lecheng	25.1280	113.3504	Asia/Shanghai	cn
Asia	Legaspi	13.1412	123.7407	Asia/Manila	ph
Asia	Leiyang	26.4024	112.8591	Asia/Shanghai	cn
Asia	Lembang	-6.8117	107.6175	Asia/Jakarta	id
Asia	Lengshuijiang	27.6881	111.4294	Asia/Shanghai	cn
Asia	Leshan	29.5623	103.7639	Asia/Shanghai	cn
Asia	Lhoka	29.2430	91.7724	Asia/Shanghai	cn
Asia	Lhokseumawe	5.1801	97.1507	Asia/Jakarta	id
Asia	Liangping	30.6611	107.7661	Asia/Shanghai	cn
Asia	Lianhe	47.1333	129.2743	Asia/Shanghai	cn
Asia	Lianjiang	21.6467	110.2817	Asia/Shanghai	cn
Asia	Lianyungang	34.5984	119.2156	Asia/Shanghai	cn
Asia	Liaocheng	36.4506	116.0025	Asia/Shanghai	cn
Asia	Liaoyang	41.2719	123.1731	Asia/Shanghai	cn
Asia	Licheng	23.2955	113.8247	Asia/Shanghai	cn
Asia	Lichuan	30.3000	108.8500	Asia/Shanghai	cn
Asia	Lijiang	26.8688	100.2207	Asia/Shanghai	cn
Asia	Lincang	23.8797	100.0945	Asia/Shanghai	cn
Asia	Linfen	36.0889	111.5189	Asia/Shanghai	cn
Asia	Linqu	36.5156	118.5397	Asia/Shanghai	cn
Asia	Linshui	36.4247	114.2047	Asia/Shanghai	cn
Asia	Linxi	39.7118	118.4495	Asia/Shanghai	cn
Asia	Linxia Chengguanzhen	35.6003	103.2064	Asia/Shanghai	cn
Asia	Linyi	35.0631	118.3428	Asia/Shanghai	cn
Asia	Lipa City	13.9411	121.1631	Asia/Manila	ph
Asia	Lishui	28.4604	119.9103	Asia/Shanghai	cn
Asia	Liupanshui	26.5944	104.8333	Asia/Shanghai	cn
Asia	Liuzhi	26.2342	105.4260	Asia/Shanghai	cn
Asia	Liuzhou	24.3240	109.4070	Asia/Shanghai	cn
Asia	Loa Janan	-0.5829	117.0950	Asia/Makassar	id
Asia	Lodhran	29.5339	71.6324	Asia/Karachi	pk
Asia	Long Xuyên	10.3864	105.4352	Asia/Ho_Chi_Minh	vn
Asia	Longfeng	46.5317	125.1038	Asia/Shanghai	cn
Asia	Longgang	22.7229	114.2633	Asia/Shanghai	cn
Asia	Longjiang	47.3360	123.1960	Asia/Shanghai	cn
Asia	Longjing	42.7713	129.4231	Asia/Shanghai	cn
Asia	Longling County	24.5866	98.6893	Asia/Shanghai	cn
Asia	Longshan	42.8854	125.1367	Asia/Shanghai	cn
Asia	Longshui	29.5656	105.7621	Asia/Shanghai	cn
Asia	Longyan	25.0749	117.0178	Asia/Shanghai	cn
Asia	Loni	28.7514	77.2902	Asia/Kolkata	in
Asia	Los Baños	14.1702	121.2418	Asia/Manila	ph
Asia	Loudi	27.7344	111.9944	Asia/Shanghai	cn
Asia	Luancheng	37.8845	114.6463	Asia/Shanghai	cn
Asia	Lubuklinggau	-3.2945	102.8614	Asia/Jakarta	id
Asia	Lucena	13.9314	121.6172	Asia/Manila	ph
Asia	Lucknow	26.8393	80.9231	Asia/Kolkata	in
Asia	Ludhiana	30.9120	75.8538	Asia/Kolkata	in
Asia	Lumajang	-8.1335	113.2248	Asia/Jakarta	id
Asia	Luodian	31.4156	121.3344	Asia/Shanghai	cn
Asia	Luohe	33.5742	114.0326	Asia/Shanghai	cn
Asia	Luojiang	31.3050	104.5048	Asia/Shanghai	cn
Asia	Luoyang	34.6735	112.4368	Asia/Shanghai	cn
Asia	Luoyang (CN)	23.1624	114.2734	Asia/Shanghai	cn
Asia	Lushui	25.8232	98.8585	Asia/Shanghai	cn
Asia	Luzhou	28.8903	105.4257	Asia/Shanghai	cn
Asia	Lu’an	31.7356	116.5169	Asia/Shanghai	cn
Asia	Lào Cai	22.4856	103.9707	Asia/Bangkok	vn
Asia	Lüliang	37.5192	111.1444	Asia/Shanghai	cn
Asia	Lạng Sơn	21.8526	106.7610	Asia/Bangkok	vn
Asia	Ma On Shan	22.4061	114.2408	Asia/Hong_Kong	hk
Asia	Maba	24.6841	113.5984	Asia/Shanghai	cn
Asia	Mabalacat City	15.2230	120.5712	Asia/Manila	ph
Asia	Macau	22.2006	113.5461	Asia/Macau	mo
Asia	Macheng	31.1801	115.0221	Asia/Shanghai	cn
Asia	Machida	35.5403	139.4508	Asia/Tokyo	jp
Asia	Machilīpatnam	16.1875	81.1389	Asia/Kolkata	in
Asia	Madanapalle	13.5503	78.5029	Asia/Kolkata	in
Asia	Madhavaram	13.1482	80.2314	Asia/Kolkata	in
Asia	Madhurampur Dehri	24.9690	84.1964	Asia/Kolkata	in
Asia	Madhyapur Thimi	27.6806	85.3875	Asia/Kathmandu	np
Asia	Madiun	-7.6298	111.5239	Asia/Jakarta	id
Asia	Madurai	9.9190	78.1195	Asia/Kolkata	in
Asia	Maebashi	36.4000	139.0833	Asia/Tokyo	jp
Asia	Magelang	-7.4706	110.2178	Asia/Jakarta	id
Asia	Magugpo Poblacion	7.4475	125.8046	Asia/Manila	ph
Asia	Maharagama	6.8480	79.9265	Asia/Colombo	lk
Asia	Mahbūbnagar	16.7438	77.9860	Asia/Kolkata	in
Asia	Maheshtala	22.5086	88.2532	Asia/Kolkata	in
Asia	Mahesāna	23.5986	72.3847	Asia/Kolkata	in
Asia	Maijdi	22.8667	91.1000	Asia/Dhaka	bd
Asia	Mailsi	29.8012	72.1740	Asia/Karachi	pk
Asia	Majie	25.0319	102.6380	Asia/Shanghai	cn
Asia	Makassar	-5.1486	119.4319	Asia/Makassar	id
Asia	Malacca	2.1960	102.2405	Asia/Kuala_Lumpur	my
Asia	Malang	-7.9797	112.6304	Asia/Jakarta	id
Asia	Malappuram	11.0420	76.0815	Asia/Kolkata	in
Asia	Malda	25.0045	88.1457	Asia/Kolkata	in
Asia	Malegaon	20.5497	74.5346	Asia/Kolkata	in
Asia	Malita	6.4150	125.6117	Asia/Manila	ph
Asia	Malkajgiri	17.4478	78.5263	Asia/Kolkata	in
Asia	Malolos	14.8443	120.8104	Asia/Manila	ph
Asia	Manado	1.4822	124.8489	Asia/Makassar	id
Asia	Manas	40.9450	72.9931	Asia/Bishkek	kg
Asia	Mandalay	21.9747	96.0836	Asia/Yangon	mm
Asia	Mandi Bahauddin	32.5870	73.4912	Asia/Karachi	pk
Asia	Mandsaur	24.0718	75.0699	Asia/Kolkata	in
Asia	Mandya	12.5223	76.8975	Asia/Kolkata	in
Asia	Mangalagiri	16.4308	80.5682	Asia/Kolkata	in
Asia	Mangaluru	12.9172	74.8560	Asia/Kolkata	in
Asia	Manjhand	25.9083	68.2368	Asia/Karachi	pk
Asia	Manokwari	-0.8629	134.0640	Asia/Jayapura	id
Asia	Manolo Fortich	8.3697	124.8644	Asia/Manila	ph
Asia	Manp’o	41.1547	126.2894	Asia/Pyongyang	kp
Asia	Mantampay	8.1667	124.2167	Asia/Manila	ph
Asia	Man’gyŏngdae-ri	38.9918	125.6587	Asia/Pyongyang	kp
Asia	Maoming	21.6663	110.9136	Asia/Shanghai	cn
Asia	Maramag	7.7633	125.0053	Asia/Manila	ph
Asia	Maran	3.5860	102.7730	Asia/Kuala_Lumpur	my
Asia	Marawi City	8.0034	124.2840	Asia/Manila	ph
Asia	Mardan	34.1979	72.0496	Asia/Karachi	pk
Asia	Marg‘ilon	40.4724	71.7246	Asia/Tashkent	uz
Asia	Mariveles	14.4338	120.4857	Asia/Manila	ph
Asia	Marugame	34.2833	133.7833	Asia/Tokyo	jp
Asia	Mary	37.5938	61.8303	Asia/Ashgabat	tm
Asia	Masan	35.1272	126.8315	Asia/Seoul	kr
Asia	Mataram	-8.5833	116.1167	Asia/Makassar	id
Asia	Mathura	27.5035	77.6722	Asia/Kolkata	in
Asia	Mati	6.9551	126.2165	Asia/Manila	ph
Asia	Matsudo	35.7799	139.9014	Asia/Tokyo	jp
Asia	Matsue	35.4833	133.0500	Asia/Tokyo	jp
Asia	Matsumoto	36.2333	137.9667	Asia/Tokyo	jp
Asia	Matsusaka	34.5789	136.5371	Asia/Tokyo	jp
Asia	Matsutō	36.5167	136.5667	Asia/Tokyo	jp
Asia	Matsuyama	33.8392	132.7657	Asia/Tokyo	jp
Asia	Mau	25.9417	83.5611	Asia/Kolkata	in
Asia	Mawlamyine	16.4905	97.6282	Asia/Yangon	mm
Asia	Mazār-e Sharīf	36.7090	67.1109	Asia/Kabul	af
Asia	Ma’anshan	31.6858	118.5101	Asia/Shanghai	cn
Asia	Medinīpur	22.4211	87.3226	Asia/Kolkata	in
Asia	Meerut	28.9800	77.7064	Asia/Kolkata	in
Asia	Meiktila	20.8778	95.8584	Asia/Yangon	mm
Asia	Meishan	30.0439	103.8370	Asia/Shanghai	cn
Asia	Meizhou	24.2886	116.1177	Asia/Shanghai	cn
Asia	Mengzi	23.3678	103.3821	Asia/Shanghai	cn
Asia	Mentougou	39.9382	116.0931	Asia/Shanghai	cn
Asia	Merauke	-8.4996	140.4061	Asia/Jayapura	id
Asia	Metro	-5.1131	105.3067	Asia/Jakarta	id
Asia	Mian Channun	30.4407	72.3568	Asia/Karachi	pk
Asia	Mianwali	32.5776	71.5285	Asia/Karachi	pk
Asia	Mianyang	31.4678	104.6817	Asia/Shanghai	cn
Asia	Mianzhu, Deyang, Sichuan	31.3379	104.2206	Asia/Shanghai	cn
Asia	Midsayap	7.1908	124.5303	Asia/Manila	ph
Asia	Minato	34.2152	135.1501	Asia/Tokyo	jp
Asia	Minato City	35.6581	139.7515	Asia/Tokyo	jp
Asia	Mingachevir	40.7642	47.0623	Asia/Baku	az
Asia	Mingaladon	16.9241	96.0977	Asia/Yangon	mm
Asia	Mingora	34.7795	72.3627	Asia/Karachi	pk
Asia	Mingshui	36.7167	117.5000	Asia/Shanghai	cn
Asia	Minhang	31.1088	121.3747	Asia/Shanghai	cn
Asia	Miri	4.3993	113.9916	Asia/Kuching	my
Asia	Mirpur Khas	25.5276	69.0126	Asia/Karachi	pk
Asia	Miryalaguda	16.8722	79.5625	Asia/Kolkata	in
Asia	Mirzāpur	25.1449	82.5653	Asia/Kolkata	in
Asia	Mito	36.3500	140.4500	Asia/Tokyo	jp
Asia	Miyakonojō	31.7333	131.0667	Asia/Tokyo	jp
Asia	Miyazaki	31.9167	131.4167	Asia/Tokyo	jp
Asia	Moga	30.8138	75.1688	Asia/Kolkata	in
Asia	Mohali	30.6800	76.7221	Asia/Kolkata	in
Asia	Mohammadpur	24.8984	88.5284	Asia/Dhaka	bd
Asia	Mojokerto	-7.4664	112.4338	Asia/Jakarta	id
Asia	Mokpo	34.8128	126.3918	Asia/Seoul	kr
Asia	Monywa	22.1086	95.1358	Asia/Yangon	mm
Asia	Moratuwa	6.7730	79.8816	Asia/Colombo	lk
Asia	Morena	26.4989	77.9953	Asia/Kolkata	in
Asia	Moriguchi	34.7333	135.5667	Asia/Tokyo	jp
Asia	Morioka	39.7000	141.1500	Asia/Tokyo	jp
Asia	Mormugao	15.3891	73.8149	Asia/Kolkata	in
Asia	Moro	26.6632	68.0002	Asia/Karachi	pk
Asia	Morvi	22.8173	70.8377	Asia/Kolkata	in
Asia	Morādābād	28.8389	78.7768	Asia/Kolkata	in
Asia	Mothīhāri	26.6486	84.9166	Asia/Kolkata	in
Asia	Motijheel	23.7277	90.4192	Asia/Dhaka	bd
Asia	Mu-se	23.9974	97.9011	Asia/Yangon	mm
Asia	Muar	2.0442	102.5689	Asia/Kuala_Lumpur	my
Asia	Mudanjiang	44.5480	129.6259	Asia/Shanghai	cn
Asia	Mueang Nonthaburi	13.8607	100.5148	Asia/Bangkok	th
Asia	Mukim Pulai	1.5333	103.6667	Asia/Kuala_Lumpur	my
Asia	Muktsar	30.4743	74.5166	Asia/Kolkata	in
Asia	Multan	30.1968	71.4782	Asia/Karachi	pk
Asia	Mulugu	18.1910	79.9430	Asia/Kolkata	in
Asia	Munger	25.3746	86.4745	Asia/Kolkata	in
Asia	Muntinlupa	14.3903	121.0475	Asia/Manila	ph
Asia	Muridke	31.8026	74.2577	Asia/Karachi	pk
Asia	Murwāra	23.8378	80.3940	Asia/Kolkata	in
Asia	Muzaffargarh	30.0726	71.1938	Asia/Karachi	pk
Asia	Muzaffarnagar	29.4709	77.7033	Asia/Kolkata	in
Asia	Muzaffarpur	26.1226	85.3906	Asia/Kolkata	in
Asia	Muzaffarābād	34.3700	73.4708	Asia/Karachi	pk
Asia	Myeik	12.4395	98.6003	Asia/Yangon	mm
Asia	Myingyan	21.4600	95.3884	Asia/Yangon	mm
Asia	Mymensingh	24.7564	90.4065	Asia/Dhaka	bd
Asia	Mysuru	12.2979	76.6393	Asia/Kolkata	in
Asia	Móng Cái	21.5247	107.9662	Asia/Bangkok	vn
Asia	Möng Yang	21.8478	99.6765	Asia/Yangon	mm
Asia	Māler Kotla	30.5309	75.8795	Asia/Kolkata	in
Asia	Mỹ Hào	20.9167	106.0833	Asia/Bangkok	vn
Asia	Mỹ Tho	10.3600	106.3600	Asia/Ho_Chi_Minh	vn
Asia	NIA Valencia	7.9064	125.0942	Asia/Manila	ph
Asia	Nada	19.5213	109.5790	Asia/Shanghai	cn
Asia	Nadiād	22.6939	72.8616	Asia/Kolkata	in
Asia	Naga	13.6192	123.1814	Asia/Manila	ph
Asia	Naga (PH)	10.2090	123.7580	Asia/Manila	ph
Asia	Nagahama	35.3833	136.2667	Asia/Tokyo	jp
Asia	Nagano	36.6500	138.1833	Asia/Tokyo	jp
Asia	Nagaoka	37.4500	138.8500	Asia/Tokyo	jp
Asia	Nagaon	26.3500	92.6667	Asia/Kolkata	in
Asia	Nagapattinam	10.7638	79.8431	Asia/Kolkata	in
Asia	Nagar Naluākot	24.1561	90.7728	Asia/Dhaka	bd
Asia	Nagareyama	35.8563	139.9027	Asia/Tokyo	jp
Asia	Nagasaki	32.7500	129.8833	Asia/Tokyo	jp
Asia	Nagda	23.4583	75.4176	Asia/Kolkata	in
Asia	Nagoya	35.1815	136.9064	Asia/Tokyo	jp
Asia	Nagpur	21.1463	79.0849	Asia/Kolkata	in
Asia	Naha	26.2130	127.6785	Asia/Tokyo	jp
Asia	Najafgarh	28.6092	76.9798	Asia/Kolkata	in
Asia	Nakhon Pathom	13.8196	100.0443	Asia/Bangkok	th
Asia	Nakhon Ratchasima	14.9707	102.1020	Asia/Bangkok	th
Asia	Nakhon Si Thammarat	8.4333	99.9667	Asia/Bangkok	th
Asia	Nalgonda	17.0544	79.2671	Asia/Kolkata	in
Asia	Nam Định	20.4339	106.1773	Asia/Bangkok	vn
Asia	Namangan	40.9983	71.6726	Asia/Tashkent	uz
Asia	Namp’o	38.7375	125.4078	Asia/Pyongyang	kp
Asia	Nanbin	29.9994	108.1091	Asia/Shanghai	cn
Asia	Nanchang	28.6840	115.8531	Asia/Shanghai	cn
Asia	Nanchong	30.7951	106.0847	Asia/Shanghai	cn
Asia	Nanchuan	29.1520	107.1034	Asia/Shanghai	cn
Asia	Nancun	36.5328	120.1339	Asia/Shanghai	cn
Asia	Nanded	19.1602	77.3150	Asia/Kolkata	in
Asia	Nandurbar	21.3667	74.2405	Asia/Kolkata	in
Asia	Nandyāl	15.4780	78.4836	Asia/Kolkata	in
Asia	Nanjing	32.0617	118.7778	Asia/Shanghai	cn
Asia	Nankana Sahib	31.4501	73.7065	Asia/Karachi	pk
Asia	Nanning	22.8167	108.3167	Asia/Shanghai	cn
Asia	Nanpiao	41.0982	120.7479	Asia/Shanghai	cn
Asia	Nanping	26.6450	118.1736	Asia/Shanghai	cn
Asia	Nanqiao	30.9161	121.4494	Asia/Shanghai	cn
Asia	Nantong	32.0303	120.8747	Asia/Shanghai	cn
Asia	Nantou	22.7217	113.2926	Asia/Shanghai	cn
Asia	Nantou (TW)	23.9157	120.6639	Asia/Taipei	tw
Asia	Nanyang	33.0052	112.5466	Asia/Shanghai	cn
Asia	Nara-shi	34.6850	135.8048	Asia/Tokyo	jp
Asia	Narasaraopet	16.2349	80.0493	Asia/Kolkata	in
Asia	Narashino	35.6818	140.0415	Asia/Tokyo	jp
Asia	Narayanganj	23.6135	90.5030	Asia/Dhaka	bd
Asia	Narela	28.8527	77.0929	Asia/Kolkata	in
Asia	Narita	35.7833	140.3167	Asia/Tokyo	jp
Asia	Narmadapuram	22.7475	77.7274	Asia/Kolkata	in
Asia	Narowal	32.1020	74.8730	Asia/Karachi	pk
Asia	Narsingdi	23.9230	90.7177	Asia/Dhaka	bd
Asia	Nashik	19.9973	73.7910	Asia/Kolkata	in
Asia	Nasushiobara	36.9768	140.0664	Asia/Tokyo	jp
Asia	Natore	24.4111	88.9867	Asia/Dhaka	bd
Asia	Navadwīp	23.4067	88.3686	Asia/Kolkata	in
Asia	Navoiy	40.0844	65.3792	Asia/Samarkand	uz
Asia	Navsari	20.9424	72.9247	Asia/Kolkata	in
Asia	Nawabshah	26.2394	68.4037	Asia/Karachi	pk
Asia	Nawābganj	24.5903	88.2744	Asia/Dhaka	bd
Asia	Negara	-8.3569	114.6169	Asia/Makassar	id
Asia	Negombo	7.2083	79.8358	Asia/Colombo	lk
Asia	Nehe	48.4793	124.8702	Asia/Shanghai	cn
Asia	Neihu	25.0815	121.5881	Asia/Taipei	tw
Asia	Neijiang	29.5835	105.0622	Asia/Shanghai	cn
Asia	Nellore	14.4499	79.9870	Asia/Kolkata	in
Asia	Nepalgunj	28.0500	81.6167	Asia/Kathmandu	np
Asia	New Mirpur City	33.1478	73.7519	Asia/Karachi	pk
Asia	New Taipei City	25.0620	121.4570	Asia/Taipei	tw
Asia	Neyveli	11.6088	79.4994	Asia/Kolkata	in
Asia	Nghi Sơn	19.3275	105.8214	Asia/Bangkok	vn
Asia	Nghi Xuân	18.6580	105.7520	Asia/Bangkok	vn
Asia	Ngã Bảy	9.8137	105.8210	Asia/Ho_Chi_Minh	vn
Asia	Nha Trang	12.2451	109.1943	Asia/Ho_Chi_Minh	vn
Asia	Nianbo	36.4800	102.4164	Asia/Shanghai	cn
Asia	Niigata	37.9226	139.0412	Asia/Tokyo	jp
Asia	Niihama	33.9605	133.3052	Asia/Tokyo	jp
Asia	Niiza	35.8209	139.5579	Asia/Tokyo	jp
Asia	Nimach	24.4595	74.8662	Asia/Kolkata	in
Asia	Ningbo	29.8782	121.5494	Asia/Shanghai	cn
Asia	Ningde	26.6617	119.5228	Asia/Shanghai	cn
Asia	Ning’er	23.0405	101.0368	Asia/Shanghai	cn
Asia	Ninh Hòa	12.4919	109.1249	Asia/Ho_Chi_Minh	vn
Asia	Nishi-Tokyo-shi	35.7253	139.5383	Asia/Tokyo	jp
Asia	Nishinomiya	34.7156	135.3320	Asia/Tokyo	jp
Asia	Nishio	34.8667	137.0500	Asia/Tokyo	jp
Asia	Nizāmābād	18.6715	78.0988	Asia/Kolkata	in
Asia	Nobeoka	32.5833	131.6667	Asia/Tokyo	jp
Asia	Noda	35.9490	139.8679	Asia/Tokyo	jp
Asia	Noida	28.5800	77.3300	Asia/Kolkata	in
Asia	Nong Chok	13.8559	100.8622	Asia/Bangkok	th
Asia	Nong Khaem	13.7059	100.3492	Asia/Bangkok	th
Asia	Norzagaray	14.9109	121.0493	Asia/Manila	ph
Asia	Nowrangapur	19.2311	82.5483	Asia/Kolkata	in
Asia	Nukus	42.4586	59.6058	Asia/Samarkand	uz
Asia	Numazu	35.1000	138.8667	Asia/Tokyo	jp
Asia	Nyingchi	29.6488	94.3551	Asia/Shanghai	cn
Asia	Nāgarpur	24.0578	89.8770	Asia/Dhaka	bd
Asia	Nāgaur	27.2020	73.7339	Asia/Kolkata	in
Asia	Nāgercoil	8.1790	77.4323	Asia/Kolkata	in
Asia	Obihiro	42.9172	143.2044	Asia/Tokyo	jp
Asia	Odawara	35.2556	139.1597	Asia/Tokyo	jp
Asia	Okara	30.8103	73.4515	Asia/Karachi	pk
Asia	Okayama	34.6500	133.9333	Asia/Tokyo	jp
Asia	Okazaki	34.9500	137.1667	Asia/Tokyo	jp
Asia	Okinawa	26.3358	127.8014	Asia/Tokyo	jp
Asia	Olmaliq	40.8447	69.5983	Asia/Tashkent	uz
Asia	Olongapo	14.8292	120.2828	Asia/Manila	ph
Asia	Ongole	15.5036	80.0445	Asia/Kolkata	in
Asia	Onomichi	34.4167	133.2000	Asia/Tokyo	jp
Asia	Ooty	11.4134	76.6952	Asia/Kolkata	in
Asia	Orai	25.9902	79.4533	Asia/Kolkata	in
Asia	Oral	51.2460	51.4256	Asia/Oral	kz
Asia	Ordos	39.6086	109.7816	Asia/Shanghai	cn
Asia	Ormoc	11.0064	124.6075	Asia/Manila	ph
Asia	Osan	37.1522	127.0706	Asia/Seoul	kr
Asia	Osh	40.5283	72.7985	Asia/Bishkek	kg
Asia	Otaru	43.1894	141.0022	Asia/Tokyo	jp
Asia	Oyama	36.3000	139.8000	Asia/Tokyo	jp
Asia	Padalarang	-6.8378	107.4728	Asia/Jakarta	id
Asia	Padang	-0.9492	100.3543	Asia/Jakarta	id
Asia	Padangsidempuan	1.3795	99.2715	Asia/Jakarta	id
Asia	Paech’ŏn-ŭp	37.9931	126.3014	Asia/Pyongyang	kp
Asia	Paek'ak	39.4627	125.6059	Asia/Pyongyang	kp
Asia	Pagadian	7.8257	123.4370	Asia/Manila	ph
Asia	Pak Kret	13.9118	100.4977	Asia/Bangkok	th
Asia	Pakokku	21.3349	95.0844	Asia/Yangon	mm
Asia	Pakpattan	30.3431	73.3894	Asia/Karachi	pk
Asia	Palakkad	10.7732	76.6537	Asia/Kolkata	in
Asia	Palangkaraya	-2.2083	113.9167	Asia/Pontianak	id
Asia	Palembang	-2.9167	104.7458	Asia/Jakarta	id
Asia	Pallāvaram	12.9680	80.1502	Asia/Kolkata	in
Asia	Palopo	-2.9925	120.1969	Asia/Makassar	id
Asia	Palu	-0.9083	119.8708	Asia/Makassar	id
Asia	Palwal	28.1447	77.3255	Asia/Kolkata	in
Asia	Pamanukan	-6.2842	107.8106	Asia/Jakarta	id
Asia	Pamulang	-6.3428	106.7383	Asia/Jakarta	id
Asia	Panabo	7.3081	125.6842	Asia/Manila	ph
Asia	Panchkula	30.6946	76.8504	Asia/Kolkata	in
Asia	Pandi	14.8650	120.9572	Asia/Manila	ph
Asia	Pandit Deen Dayal Upadhyaya Nagar	25.2831	83.1197	Asia/Kolkata	in
Asia	Pangkalanbuun	-2.6832	111.6259	Asia/Pontianak	id
Asia	Pangkalpinang	-2.1291	106.1138	Asia/Jakarta	id
Asia	Panipat	29.3875	76.9682	Asia/Kolkata	in
Asia	Paniqui	15.6689	120.5806	Asia/Manila	ph
Asia	Panjin	41.1210	122.0739	Asia/Shanghai	cn
Asia	Pano Aqil	27.8562	69.1111	Asia/Karachi	pk
Asia	Panshan	41.1881	122.0494	Asia/Shanghai	cn
Asia	Panvel	18.9888	73.1101	Asia/Kolkata	in
Asia	Panzhihua	26.5851	101.7128	Asia/Shanghai	cn
Asia	Paranaque City	14.4816	121.0175	Asia/Manila	ph
Asia	Parbhani	19.2686	76.7708	Asia/Kolkata	in
Asia	Pare	-7.7679	112.1980	Asia/Jakarta	id
Asia	Parepare	-4.0135	119.6255	Asia/Makassar	id
Asia	Parung	-6.4214	106.7331	Asia/Jakarta	id
Asia	Pasarkemis	-6.1703	106.5303	Asia/Jakarta	id
Asia	Pasay	14.5375	121.0014	Asia/Manila	ph
Asia	Paseh	-7.0680	107.7940	Asia/Jakarta	id
Asia	Pasig City	14.5869	121.0614	Asia/Manila	ph
Asia	Pasir Gudang	1.4620	103.9053	Asia/Kuala_Lumpur	my
Asia	Pasir Mas	6.0493	102.1399	Asia/Kuala_Lumpur	my
Asia	Pasir Puteh	5.8333	102.4000	Asia/Kuala_Lumpur	my
Asia	Pasrur	32.2629	74.6633	Asia/Karachi	pk
Asia	Pasuruan	-7.6453	112.9075	Asia/Jakarta	id
Asia	Pathein	16.7792	94.7321	Asia/Yangon	mm
Asia	Pathānkot	32.2748	75.6529	Asia/Kolkata	in
Asia	Pati	-6.7559	111.0380	Asia/Jakarta	id
Asia	Patiāla	30.3362	76.3922	Asia/Kolkata	in
Asia	Patna	25.5941	85.1356	Asia/Kolkata	in
Asia	Pattaya	12.9333	100.8833	Asia/Bangkok	th
Asia	Pattoki	31.0202	73.8533	Asia/Karachi	pk
Asia	Pavlodar	52.2760	76.9688	Asia/Almaty	kz
Asia	Paya Terubong	5.3728	100.2797	Asia/Kuala_Lumpur	my
Asia	Payakumbuh	-0.2159	100.6334	Asia/Jakarta	id
Asia	Peicheng	34.7361	116.9247	Asia/Shanghai	cn
Asia	Pekalongan	-6.8886	109.6753	Asia/Jakarta	id
Asia	Pekanbaru	0.5167	101.4417	Asia/Jakarta	id
Asia	Pelabuhanratu	-6.9875	106.5514	Asia/Jakarta	id
Asia	Pelentong	1.5243	103.8240	Asia/Kuala_Lumpur	my
Asia	Pemalang	-6.8919	109.3826	Asia/Jakarta	id
Asia	Pematangsiantar	2.9595	99.0687	Asia/Jakarta	id
Asia	Pengze	29.8988	116.5457	Asia/Shanghai	cn
Asia	Perbaungan	3.5679	98.9560	Asia/Jakarta	id
Asia	Percut	3.6253	98.8640	Asia/Jakarta	id
Asia	Perling	1.4806	103.6838	Asia/Kuala_Lumpur	my
Asia	Peshawar	34.0080	71.5785	Asia/Karachi	pk
Asia	Petaling Jaya	3.1073	101.6067	Asia/Kuala_Lumpur	my
Asia	Petropavl	54.8734	69.1506	Asia/Almaty	kz
Asia	Phagwāra	31.2245	75.7739	Asia/Kolkata	in
Asia	Phan Rang-Tháp Chàm	11.5643	108.9886	Asia/Ho_Chi_Minh	vn
Asia	Phan Thiết	10.9289	108.1021	Asia/Ho_Chi_Minh	vn
Asia	Phong Điền	16.5832	107.3644	Asia/Bangkok	vn
Asia	Phool Nagar	31.2024	73.9486	Asia/Karachi	pk
Asia	Phra Pradaeng	13.6585	100.5336	Asia/Bangkok	th
Asia	Phu Quoc	10.2241	103.9716	Asia/Ho_Chi_Minh	vn
Asia	Phusro	23.7564	86.0051	Asia/Kolkata	in
Asia	Phú Mỹ	10.6333	107.0667	Asia/Ho_Chi_Minh	vn
Asia	Phúc Yên	21.2370	105.7048	Asia/Bangkok	vn
Asia	Phổ Yên	21.4198	105.8899	Asia/Bangkok	vn
Asia	Phủ Lý	20.5453	105.9122	Asia/Bangkok	vn
Asia	Pimpri-Chinchwad	18.6187	73.8037	Asia/Kolkata	in
Asia	Pindi Bhattian	31.8984	73.2734	Asia/Karachi	pk
Asia	Pingdingshan	33.7309	113.3155	Asia/Shanghai	cn
Asia	Pingdu	36.7844	119.9464	Asia/Shanghai	cn
Asia	Pingliang	35.5392	106.6861	Asia/Shanghai	cn
Asia	Pingshan	22.9938	114.7131	Asia/Shanghai	cn
Asia	Pingwu County	32.4073	104.5274	Asia/Shanghai	cn
Asia	Pingxiang	27.6167	113.8535	Asia/Shanghai	cn
Asia	Pingxiang (CN)	22.0969	106.7567	Asia/Shanghai	cn
Asia	Pithampur	22.6020	75.6965	Asia/Kolkata	in
Asia	Pizhou	34.3114	117.9503	Asia/Shanghai	cn
Asia	Pleiku	13.9833	108.0000	Asia/Ho_Chi_Minh	vn
Asia	Plumbon	-6.7050	108.4728	Asia/Jakarta	id
Asia	Pohang	36.0292	129.3648	Asia/Seoul	kr
Asia	Pokhara	28.2669	83.9685	Asia/Kathmandu	np
Asia	Ponnāni	10.7669	75.9252	Asia/Kolkata	in
Asia	Pontianak	-0.0319	109.3250	Asia/Pontianak	id
Asia	Porbandar	21.6422	69.6093	Asia/Kolkata	in
Asia	Port Blair	11.6661	92.7464	Asia/Kolkata	in
Asia	Port Dickson	2.5246	101.7965	Asia/Kuala_Lumpur	my
Asia	Prabumulih	-3.4345	104.2306	Asia/Jakarta	id
Asia	Prayagraj	25.4448	81.8432	Asia/Kolkata	in
Asia	Probolinggo	-7.7543	113.2159	Asia/Jakarta	id
Asia	Proddatūr	14.7502	78.5481	Asia/Kolkata	in
Asia	Pu'er	22.7886	100.9748	Asia/Shanghai	cn
Asia	Puchong	3.0000	101.6167	Asia/Kuala_Lumpur	my
Asia	Puducherry	11.9338	79.8298	Asia/Kolkata	in
Asia	Pudukkottai	10.3813	78.8214	Asia/Kolkata	in
Asia	Puerto Princesa	9.7392	118.7353	Asia/Manila	ph
Asia	Pulandian	39.3953	121.9669	Asia/Shanghai	cn
Asia	Pulilan	14.9017	120.8492	Asia/Manila	ph
Asia	Pune	18.5196	73.8554	Asia/Kolkata	in
Asia	Puning	23.3107	116.1687	Asia/Shanghai	cn
Asia	Punāsa	22.2351	76.3933	Asia/Kolkata	in
Asia	Puqi	29.7167	113.8833	Asia/Shanghai	cn
Asia	Puri	19.7982	85.8249	Asia/Kolkata	in
Asia	Purnia	25.7789	87.4742	Asia/Kolkata	in
Asia	Puruliya	23.3306	86.3630	Asia/Kolkata	in
Asia	Purwakarta	-6.5569	107.4433	Asia/Jakarta	id
Asia	Purwodadi	-7.0868	110.9158	Asia/Jakarta	id
Asia	Purwokerto	-7.4214	109.2344	Asia/Jakarta	id
Asia	Puthia	24.3654	88.8343	Asia/Dhaka	bd
Asia	Putian	25.4394	119.0103	Asia/Shanghai	cn
Asia	Putuo	31.2510	121.3897	Asia/Shanghai	cn
Asia	Puyang	29.4568	119.8887	Asia/Shanghai	cn
Asia	Puyang (CN)	35.7564	115.0436	Asia/Shanghai	cn
Asia	Puyang Chengguanzhen	35.7062	115.0279	Asia/Shanghai	cn
Asia	Pyay	18.8200	95.2156	Asia/Yangon	mm
Asia	Pyeongtaek	36.9947	127.0889	Asia/Seoul	kr
Asia	Pyin Oo Lwin	22.0350	96.4568	Asia/Yangon	mm
Asia	Pābna	24.0064	89.2372	Asia/Dhaka	bd
Asia	Pālanpur	24.1713	72.4383	Asia/Kolkata	in
Asia	Pāli	25.7728	73.3234	Asia/Kolkata	in
Asia	Pānihāti	22.6909	88.3740	Asia/Kolkata	in
Asia	Pār Naogaon	24.8042	88.9488	Asia/Dhaka	bd
Asia	Pātan	23.8507	72.1296	Asia/Kolkata	in
Asia	Pīlibhīt	28.6312	79.8044	Asia/Kolkata	in
Asia	Qadirpur Ran	30.2918	71.6716	Asia/Karachi	pk
Asia	Qarshi	38.8606	65.7891	Asia/Samarkand	uz
Asia	Qianjiang	30.4210	112.8919	Asia/Shanghai	cn
Asia	Qianjiang (CN)	29.5328	108.7748	Asia/Shanghai	cn
Asia	Qiaotou	36.9350	101.6736	Asia/Shanghai	cn
Asia	Qingdao	36.0649	120.3804	Asia/Shanghai	cn
Asia	Qingnian	36.8409	115.7109	Asia/Shanghai	cn
Asia	Qingpu	31.1539	121.1141	Asia/Shanghai	cn
Asia	Qingyang	35.7098	107.6445	Asia/Shanghai	cn
Asia	Qingyuan	23.7000	113.0333	Asia/Shanghai	cn
Asia	Qingzhou	36.6967	118.4797	Asia/Shanghai	cn
Asia	Qinhuangdao	39.9410	119.5894	Asia/Shanghai	cn
Asia	Qinzhou	21.9825	108.6506	Asia/Shanghai	cn
Asia	Qionghai	19.2425	110.4642	Asia/Shanghai	cn
Asia	Qiqihar	47.3392	123.9615	Asia/Shanghai	cn
Asia	Qitaihe	45.7680	130.9953	Asia/Shanghai	cn
Asia	Qo‘qon	40.5286	70.9425	Asia/Tashkent	uz
Asia	Quanzhou	24.9139	118.5858	Asia/Shanghai	cn
Asia	Queenstown Estate	1.2942	103.8025	Asia/Singapore	sg
Asia	Quetta	30.1841	67.0014	Asia/Karachi	pk
Asia	Quezon	7.7303	125.0989	Asia/Manila	ph
Asia	Quezon City	14.6488	121.0509	Asia/Manila	ph
Asia	Qui Nhon	13.7765	109.2237	Asia/Ho_Chi_Minh	vn
Asia	Qujing	25.4833	103.7833	Asia/Shanghai	cn
Asia	Quzhou	28.9594	118.8686	Asia/Shanghai	cn
Asia	Quảng Ngãi	15.1205	108.7923	Asia/Ho_Chi_Minh	vn
Asia	Quận Mười	10.7682	106.6663	Asia/Ho_Chi_Minh	vn
Asia	Raebareli	26.2309	81.2331	Asia/Kolkata	in
Asia	Rahim Yar Khan	28.4199	70.3034	Asia/Karachi	pk
Asia	Raigarh	21.8976	83.3966	Asia/Kolkata	in
Asia	Raipur	21.2333	81.6333	Asia/Kolkata	in
Asia	Rajamahendravaram	17.0052	81.7778	Asia/Kolkata	in
Asia	Rajapalayam	9.4530	77.5533	Asia/Kolkata	in
Asia	Rajpur Sonarpur	22.4382	88.4321	Asia/Kolkata	in
Asia	Rajshahi	24.3740	88.6011	Asia/Dhaka	bd
Asia	Ranchi	23.3432	85.3094	Asia/Kolkata	in
Asia	Ranebennur	14.6224	75.6295	Asia/Kolkata	in
Asia	Rangkasbitung	-6.3591	106.2494	Asia/Jakarta	id
Asia	Rangpur	25.7466	89.2517	Asia/Dhaka	bd
Asia	Rantauprapat	2.1000	99.8333	Asia/Jakarta	id
Asia	Rasapūdipalem	17.7331	83.3162	Asia/Kolkata	in
Asia	Ratlām	23.3303	75.0403	Asia/Kolkata	in
Asia	Rawalpindi	33.5973	73.0479	Asia/Karachi	pk
Asia	Rawang	3.3213	101.5767	Asia/Kuala_Lumpur	my
Asia	Rayong	12.6809	101.2580	Asia/Bangkok	th
Asia	Renala Khurd	30.8788	73.5986	Asia/Karachi	pk
Asia	Rengasdengklok	-6.1592	107.2981	Asia/Jakarta	id
Asia	Rewa	24.5326	81.2923	Asia/Kolkata	in
Asia	Rewāri	28.1990	76.6183	Asia/Kolkata	in
Asia	Rizhao	35.4141	119.5291	Asia/Shanghai	cn
Asia	Robertsonpet	12.9563	78.2754	Asia/Kolkata	in
Asia	Rodriguez	14.7601	121.1999	Asia/Manila	ph
Asia	Rohtak	28.8945	76.5892	Asia/Kolkata	in
Asia	Roorkee	29.8663	77.8912	Asia/Kolkata	in
Asia	Rosario (PH)	13.6323	121.2207	Asia/Manila	ph
Asia	Rourkela	22.2250	84.8641	Asia/Kolkata	in
Asia	Roxas City	11.5853	122.7511	Asia/Manila	ph
Asia	Rudnyy	52.9724	63.1106	Asia/Qostanay	kz
Asia	Rudrapur	28.9800	79.4000	Asia/Kolkata	in
Asia	Rugao	32.3704	120.5765	Asia/Shanghai	cn
Asia	Rui’an	27.7761	120.6586	Asia/Shanghai	cn
Asia	Rustavi	41.5627	44.9787	Asia/Tbilisi	ge
Asia	Rāichūr	16.2055	77.3557	Asia/Kolkata	in
Asia	Rāiganj	25.6128	88.1245	Asia/Kolkata	in
Asia	Rāj-Nāndgaon	21.0969	81.0289	Asia/Kolkata	in
Asia	Rājkot	22.2916	70.7932	Asia/Kolkata	in
Asia	Rāmgundam	18.8008	79.4521	Asia/Kolkata	in
Asia	Rāmpur	28.8101	79.0270	Asia/Kolkata	in
Asia	Rānipet	12.9247	79.3333	Asia/Kolkata	in
Asia	Rānīganj	23.6164	87.1306	Asia/Kolkata	in
Asia	Rạch Giá	10.0124	105.0809	Asia/Ho_Chi_Minh	vn
Asia	Sa Dec	10.2909	105.7563	Asia/Ho_Chi_Minh	vn
Asia	Saddiqabad	28.3091	70.1265	Asia/Karachi	pk
Asia	Saga	33.2333	130.3000	Asia/Tokyo	jp
Asia	Sagamihara	35.5671	139.2417	Asia/Tokyo	jp
Asia	Saharsa	25.8750	86.5961	Asia/Kolkata	in
Asia	Sahiwal	31.9739	72.3311	Asia/Karachi	pk
Asia	Sahiwal (PK)	30.6659	73.1019	Asia/Karachi	pk
Asia	Sahāranpur	29.9679	77.5452	Asia/Kolkata	in
Asia	Sai Mai	13.9207	100.6455	Asia/Bangkok	th
Asia	Saidpur	25.7777	88.8917	Asia/Dhaka	bd
Asia	Saijō	33.9167	133.1833	Asia/Tokyo	jp
Asia	Saitama	35.9081	139.6566	Asia/Tokyo	jp
Asia	Sakado	35.9569	139.3889	Asia/Tokyo	jp
Asia	Sakai	34.5822	135.4665	Asia/Tokyo	jp
Asia	Sakata	38.9167	139.8550	Asia/Tokyo	jp
Asia	Sakura	35.7167	140.2333	Asia/Tokyo	jp
Asia	Salaqi	40.5414	110.5108	Asia/Shanghai	cn
Asia	Salatiga	-7.3319	110.4928	Asia/Jakarta	id
Asia	Salem	11.6538	78.1554	Asia/Kolkata	in
Asia	Samarinda	-0.4917	117.1458	Asia/Makassar	id
Asia	Samarkand	39.6546	66.9644	Asia/Samarkand	uz
Asia	Sambalpur	21.4653	83.9757	Asia/Kolkata	in
Asia	Sambhal	28.5850	78.5696	Asia/Kolkata	in
Asia	Sambrial	32.4783	74.3534	Asia/Karachi	pk
Asia	Sampit	-2.5315	112.9496	Asia/Pontianak	id
Asia	Samut Prakan	13.5976	100.5972	Asia/Bangkok	th
Asia	San Fernando	15.0343	120.6844	Asia/Manila	ph
Asia	San Jose (PH)	12.3528	121.0676	Asia/Manila	ph
Asia	San Jose del Monte	14.8139	121.0453	Asia/Manila	ph
Asia	San Mateo	14.6982	121.1236	Asia/Manila	ph
Asia	San Pablo	14.0683	121.3256	Asia/Manila	ph
Asia	San Tung Chung Hang	22.2787	113.9431	Asia/Hong_Kong	hk
Asia	Sandachō	34.8844	135.2269	Asia/Tokyo	jp
Asia	Sandakan	5.8402	118.1179	Asia/Kuching	my
Asia	Sangju	36.4153	128.1606	Asia/Seoul	kr
Asia	Sangla Hill	31.7167	73.3833	Asia/Karachi	pk
Asia	Sanhe	39.9805	117.0689	Asia/Shanghai	cn
Asia	Sanhe (CN)	29.8686	107.7303	Asia/Shanghai	cn
Asia	Sanmenxia	34.7808	111.1929	Asia/Shanghai	cn
Asia	Sanming	26.2486	117.6186	Asia/Shanghai	cn
Asia	Sano	36.3167	139.5833	Asia/Tokyo	jp
Asia	Sanshui	23.1549	112.8916	Asia/Shanghai	cn
Asia	Santa Cruz	14.2814	121.4161	Asia/Manila	ph
Asia	Santiago (PH)	16.6881	121.5487	Asia/Manila	ph
Asia	Sanxia	24.9345	121.3714	Asia/Taipei	tw
Asia	Sanya	18.2543	109.5095	Asia/Shanghai	cn
Asia	Sargodha	32.0859	72.6742	Asia/Karachi	pk
Asia	Sariwŏn-si	38.5072	125.7558	Asia/Pyongyang	kp
Asia	Sasarām	24.9494	84.0165	Asia/Kolkata	in
Asia	Sasebo	33.1683	129.7250	Asia/Tokyo	jp
Asia	Satara	17.6859	73.9933	Asia/Kolkata	in
Asia	Satna	24.5773	80.8272	Asia/Kolkata	in
Asia	Saugor	23.8388	78.7387	Asia/Kolkata	in
Asia	Savannakhet	16.5703	104.7622	Asia/Vientiane	la
Asia	Savar	23.8486	90.2500	Asia/Dhaka	bd
Asia	Sawai Madhopur	26.0230	76.3441	Asia/Kolkata	in
Asia	Sayama	35.8529	139.4121	Asia/Tokyo	jp
Asia	Secunderabad	17.5043	78.5426	Asia/Kolkata	in
Asia	Sehore	23.2000	77.0833	Asia/Kolkata	in
Asia	Sejong	36.5924	127.2922	Asia/Seoul	kr
Asia	Selayang Baru Utara	3.2549	101.6668	Asia/Kuala_Lumpur	my
Asia	Semarang	-6.9931	110.4208	Asia/Jakarta	id
Asia	Semey	50.4206	80.2502	Asia/Almaty	kz
Asia	Sendai	38.2667	140.8667	Asia/Tokyo	jp
Asia	Sengkang New Town	1.3917	103.8944	Asia/Singapore	sg
Asia	Seogwipo	33.2533	126.5618	Asia/Seoul	kr
Asia	Seongnam-si	37.4386	127.1378	Asia/Seoul	kr
Asia	Seoni	22.0850	79.5504	Asia/Kolkata	in
Asia	Sepang	2.6931	101.7498	Asia/Kuala_Lumpur	my
Asia	Sepatan	-6.1189	106.5750	Asia/Jakarta	id
Asia	Serang	-6.1153	106.1542	Asia/Jakarta	id
Asia	Seremban	2.7297	101.9381	Asia/Kuala_Lumpur	my
Asia	Serilingampalle	17.4931	78.3020	Asia/Kolkata	in
Asia	Setapak	3.2070	101.7270	Asia/Kuala_Lumpur	my
Asia	Setia Alam	3.1016	101.4557	Asia/Kuala_Lumpur	my
Asia	Seto	35.2333	137.1000	Asia/Tokyo	jp
Asia	Sha Tin	22.3833	114.1833	Asia/Hong_Kong	hk
Asia	Shabqadar	34.2160	71.5548	Asia/Karachi	pk
Asia	Shache	38.4167	77.2406	Asia/Urumqi	cn
Asia	Shah Alam	3.0851	101.5328	Asia/Kuala_Lumpur	my
Asia	Shahdad Kot	27.8473	67.9068	Asia/Karachi	pk
Asia	Shahdadpur	25.9254	68.6228	Asia/Karachi	pk
Asia	Shahecheng	36.9383	114.5058	Asia/Shanghai	cn
Asia	Shahkot	31.5709	73.4853	Asia/Karachi	pk
Asia	Shahrisabz	39.0578	66.8342	Asia/Samarkand	uz
Asia	Shahuwadi	16.9099	73.9465	Asia/Kolkata	in
Asia	Shakargarh	32.2636	75.1601	Asia/Karachi	pk
Asia	Shangluo	33.8667	109.9306	Asia/Shanghai	cn
Asia	Shangqiu	34.4143	115.6561	Asia/Shanghai	cn
Asia	Shangrao	28.4518	117.9429	Asia/Shanghai	cn
Asia	Shangri-La	27.8251	99.7078	Asia/Shanghai	cn
Asia	Shangyu	30.0156	120.8711	Asia/Shanghai	cn
Asia	Shangzhi	45.2056	128.0024	Asia/Shanghai	cn
Asia	Shanhaiguan	40.0012	119.7540	Asia/Shanghai	cn
Asia	Shantou	23.3549	116.6788	Asia/Shanghai	cn
Asia	Shanwei	22.7820	115.3475	Asia/Shanghai	cn
Asia	Shaoguan	24.8000	113.5833	Asia/Shanghai	cn
Asia	Shaoshan	27.9167	112.5167	Asia/Shanghai	cn
Asia	Shaowu	27.3409	117.4831	Asia/Shanghai	cn
Asia	Shaoxing	30.0024	120.5786	Asia/Shanghai	cn
Asia	Shaoyang	27.2382	111.4621	Asia/Shanghai	cn
Asia	Shaping	22.7702	112.9578	Asia/Shanghai	cn
Asia	Shekhupura	31.7129	73.9856	Asia/Karachi	pk
Asia	Shenyang	41.7922	123.4328	Asia/Shanghai	cn
Asia	Shenzhen	22.5455	114.0683	Asia/Shanghai	cn
Asia	Sherpur	25.0188	90.0175	Asia/Dhaka	bd
Asia	Shibganj	25.0015	89.3227	Asia/Dhaka	bd
Asia	Shihezi	44.3023	86.0369	Asia/Urumqi	cn
Asia	Shijiazhuang	38.0414	114.4786	Asia/Shanghai	cn
Asia	Shijie	23.0955	113.7919	Asia/Shanghai	cn
Asia	Shikarpur	27.9556	68.6382	Asia/Karachi	pk
Asia	Shillong	25.5689	91.8831	Asia/Kolkata	in
Asia	Shilong	23.1144	113.8472	Asia/Shanghai	cn
Asia	Shimla	31.1044	77.1666	Asia/Kolkata	in
Asia	Shimonoseki	33.9555	130.9371	Asia/Tokyo	jp
Asia	Shinagawa	33.6363	133.0057	Asia/Tokyo	jp
Asia	Shiqiao	22.9464	113.3577	Asia/Shanghai	cn
Asia	Shivamogga	13.9316	75.5679	Asia/Kolkata	in
Asia	Shivpuri	25.4238	77.6622	Asia/Kolkata	in
Asia	Shiyan	32.6475	110.7781	Asia/Shanghai	cn
Asia	Shizuishan	38.9808	106.3892	Asia/Shanghai	cn
Asia	Shizuoka	34.9833	138.3833	Asia/Tokyo	jp
Asia	Sholapur	17.6715	75.9104	Asia/Kolkata	in
Asia	Shouguang	36.8800	118.7375	Asia/Shanghai	cn
Asia	Shrīrāmpur	22.7528	88.3422	Asia/Kolkata	in
Asia	Shuangcheng	45.3798	126.3071	Asia/Shanghai	cn
Asia	Shuangyashan	46.6769	131.1327	Asia/Shanghai	cn
Asia	Shuifu	28.6321	104.4078	Asia/Shanghai	cn
Asia	Shuizhai	23.9296	115.7650	Asia/Shanghai	cn
Asia	Shujaabad	29.8809	71.2934	Asia/Karachi	pk
Asia	Shulin	24.9908	121.4220	Asia/Taipei	tw
Asia	Shunyi	40.1217	116.6478	Asia/Shanghai	cn
Asia	Shuozhou	39.3158	112.4225	Asia/Shanghai	cn
Asia	Shymkent	42.3099	69.6004	Asia/Almaty	kz
Asia	Shāhjānpur	27.8817	79.9092	Asia/Kolkata	in
Asia	Shāhzādpur	24.1769	89.5988	Asia/Dhaka	bd
Asia	Shāntipur	23.2472	88.4330	Asia/Kolkata	in
Asia	Shūnan	34.0805	131.8256	Asia/Tokyo	jp
Asia	Si Maha Phot	13.9656	101.5135	Asia/Bangkok	th
Asia	Si Racha	13.1728	100.9316	Asia/Bangkok	th
Asia	Sialkot	32.4927	74.5313	Asia/Karachi	pk
Asia	Sibu	2.3000	111.8167	Asia/Kuching	my
Asia	Sidoarjo	-7.4478	112.7183	Asia/Jakarta	id
Asia	Siem Reap	13.3618	103.8606	Asia/Phnom_Penh	kh
Asia	Silang	14.2157	120.9714	Asia/Manila	ph
Asia	Silchar	24.8273	92.7979	Asia/Kolkata	in
Asia	Siliguri	26.7100	88.4285	Asia/Kolkata	in
Asia	Sinch’ŏn-ŭp	38.3532	125.4842	Asia/Pyongyang	kp
Asia	Singaraja	-8.1120	115.0882	Asia/Makassar	id
Asia	Singkawang	0.9093	108.9846	Asia/Pontianak	id
Asia	Singosari	-7.8924	112.6658	Asia/Jakarta	id
Asia	Singrauli	24.1997	82.6753	Asia/Kolkata	in
Asia	Sinjhoro	26.0301	68.8087	Asia/Karachi	pk
Asia	Sinp’o	40.0397	128.1943	Asia/Pyongyang	kp
Asia	Siping	43.1614	124.3778	Asia/Shanghai	cn
Asia	Sirajganj	24.4577	89.7080	Asia/Dhaka	bd
Asia	Sirsa	29.5349	75.0290	Asia/Kolkata	in
Asia	Sitiawan	4.2168	100.6996	Asia/Kuala_Lumpur	my
Asia	Sittwe	20.1462	92.8983	Asia/Yangon	mm
Asia	Situbondo	-7.7062	114.0098	Asia/Jakarta	id
Asia	Sivakasi	9.4500	77.7980	Asia/Kolkata	in
Asia	Siwān	26.2210	84.3561	Asia/Kolkata	in
Asia	Skardu	35.2979	75.6337	Asia/Karachi	pk
Asia	Songcheng	26.8819	120.0011	Asia/Shanghai	cn
Asia	Songjiang	31.0344	121.2233	Asia/Shanghai	cn
Asia	Songnim-ni	38.7635	125.6410	Asia/Pyongyang	kp
Asia	Songyuan	45.1290	124.8277	Asia/Shanghai	cn
Asia	Sonārgaon	23.6500	90.6167	Asia/Dhaka	bd
Asia	Sonīpat	28.9948	77.0194	Asia/Kolkata	in
Asia	Soreang	-7.0331	107.5183	Asia/Jakarta	id
Asia	Sorong	-0.8796	131.2610	Asia/Jayapura	id
Asia	Sorsogon	12.9739	123.9933	Asia/Manila	ph
Asia	South Tangerang	-6.2886	106.7179	Asia/Jakarta	id
Asia	Soyībug	34.0768	74.7057	Asia/Kolkata	in
Asia	Sri Ganganagar	29.9201	73.8750	Asia/Kolkata	in
Asia	Srikakulam	18.2989	83.8975	Asia/Kolkata	in
Asia	Srinagar	34.0857	74.8055	Asia/Kolkata	in
Asia	Subang	-6.5700	107.7567	Asia/Jakarta	id
Asia	Subulussalam	2.6620	97.8827	Asia/Jakarta	id
Asia	Suicheng	33.8963	117.9331	Asia/Shanghai	cn
Asia	Suihua	46.6481	126.9666	Asia/Shanghai	cn
Asia	Suining	30.5080	105.5733	Asia/Shanghai	cn
Asia	Suizhou	31.7111	113.3631	Asia/Shanghai	cn
Asia	Sujiatun	41.6592	123.3392	Asia/Shanghai	cn
Asia	Sukabumi	-6.9181	106.9267	Asia/Jakarta	id
Asia	Sukawati	-8.4913	115.0459	Asia/Makassar	id
Asia	Sukkur	27.7032	68.8589	Asia/Karachi	pk
Asia	Sultānpur	26.2579	82.0727	Asia/Kolkata	in
Asia	Sumedang	-6.8586	107.9164	Asia/Jakarta	id
Asia	Sumgayit	40.5897	49.6686	Asia/Baku	az
Asia	Suncheon	34.9505	127.4878	Asia/Seoul	kr
Asia	Sunch’ŏn	39.4317	125.9328	Asia/Pyongyang	kp
Asia	Sungai Penuh	-2.0561	101.3913	Asia/Jakarta	id
Asia	Sungai Petani	5.6470	100.4877	Asia/Kuala_Lumpur	my
Asia	Sungailiat	-1.8544	106.1222	Asia/Jakarta	id
Asia	Sunggal	3.5765	98.6151	Asia/Jakarta	id
Asia	Suqian	33.9492	118.2958	Asia/Shanghai	cn
Asia	Surakarta	-7.5561	110.8317	Asia/Jakarta	id
Asia	Surat	21.1959	72.8302	Asia/Kolkata	in
Asia	Surat Thani	9.1401	99.3331	Asia/Bangkok	th
Asia	Surendranagar	22.7271	71.6486	Asia/Kolkata	in
Asia	Suriāpet	17.1405	79.6205	Asia/Kolkata	in
Asia	Suwon	37.2911	127.0089	Asia/Seoul	kr
Asia	Suzhou	31.3041	120.5954	Asia/Shanghai	cn
Asia	Suzhou (CN)	33.6361	116.9789	Asia/Shanghai	cn
Asia	Suzuka	34.8833	136.5833	Asia/Tokyo	jp
Asia	Sylhet	24.8990	91.8720	Asia/Dhaka	bd
Asia	Sóc Trăng	9.5999	105.9719	Asia/Ho_Chi_Minh	vn
Asia	Sāngli	16.8544	74.5642	Asia/Kolkata	in
Asia	Sātkhira	22.7082	89.0718	Asia/Dhaka	bd
Asia	Sīkar	27.6121	75.1400	Asia/Kolkata	in
Asia	Sītāpur	27.5619	80.6826	Asia/Kolkata	in
Asia	Sōka	35.8364	139.7996	Asia/Tokyo	jp
Asia	Sūjāngarh	27.7000	74.4667	Asia/Kolkata	in
Asia	Sơn La	21.3256	103.9188	Asia/Bangkok	vn
Asia	Sơn Tây	21.1405	105.5069	Asia/Bangkok	vn
Asia	Sầm Sơn	19.7333	105.9000	Asia/Ho_Chi_Minh	vn
Asia	Tabuk (PH)	17.4738	121.4680	Asia/Manila	ph
Asia	Tacheng	46.7454	82.9585	Asia/Urumqi	cn
Asia	Tacloban	11.2433	125.0047	Asia/Manila	ph
Asia	Tacurong	6.6925	124.6764	Asia/Manila	ph
Asia	Tadepalligudem	16.8147	81.5272	Asia/Kolkata	in
Asia	Tadpatri	14.9083	78.0103	Asia/Kolkata	in
Asia	Taguig	14.5243	121.0792	Asia/Manila	ph
Asia	Tai Po	22.4501	114.1688	Asia/Hong_Kong	hk
Asia	Taicang	31.4478	121.0939	Asia/Shanghai	cn
Asia	Taichung	24.1469	120.6839	Asia/Taipei	tw
Asia	Tainan	22.9908	120.2133	Asia/Taipei	tw
Asia	Taipei	25.0531	121.5264	Asia/Taipei	tw
Asia	Taiping	4.8500	100.7333	Asia/Kuala_Lumpur	my
Asia	Taishan	22.2513	112.7799	Asia/Shanghai	cn
Asia	Taitung	22.7599	121.1446	Asia/Taipei	tw
Asia	Taiyuan	37.8694	112.5603	Asia/Shanghai	cn
Asia	Taizhou	32.4907	119.9081	Asia/Shanghai	cn
Asia	Taizhou (CN)	28.6627	121.4331	Asia/Shanghai	cn
Asia	Tai’an	36.1853	117.1200	Asia/Shanghai	cn
Asia	Tajimi	35.3167	137.1333	Asia/Tokyo	jp
Asia	Takamatsu	34.3333	134.0500	Asia/Tokyo	jp
Asia	Takaoka	36.7500	137.0167	Asia/Tokyo	jp
Asia	Takarazuka	34.7994	135.3570	Asia/Tokyo	jp
Asia	Takasaki	36.3333	139.0167	Asia/Tokyo	jp
Asia	Takeo	10.9908	104.7850	Asia/Phnom_Penh	kh
Asia	Taldykorgan	45.0156	78.3739	Asia/Almaty	kz
Asia	Talhar	24.8845	68.8144	Asia/Karachi	pk
Asia	Talisay	10.2447	123.8494	Asia/Manila	ph
Asia	Talisay (PH)	10.7375	122.9666	Asia/Manila	ph
Asia	Tam Kỳ	15.5736	108.4740	Asia/Ho_Chi_Minh	vn
Asia	Taman Petaling	3.1992	101.6498	Asia/Kuala_Lumpur	my
Asia	Tando Adam	25.7682	68.6620	Asia/Karachi	pk
Asia	Tando Allahyar	25.4605	68.7174	Asia/Karachi	pk
Asia	Tando Bago	24.7891	68.9654	Asia/Karachi	pk
Asia	Tando Muhammad Khan	25.1238	68.5368	Asia/Karachi	pk
Asia	Tangail	24.2498	89.9166	Asia/Dhaka	bd
Asia	Tangerang	-6.1781	106.6300	Asia/Jakarta	id
Asia	Tanggu	39.0211	117.6469	Asia/Shanghai	cn
Asia	Tanghe	32.6855	112.8323	Asia/Shanghai	cn
Asia	Tangshan	39.6438	118.1832	Asia/Shanghai	cn
Asia	Tanjung Pandan	-2.7335	107.6348	Asia/Jakarta	id
Asia	Tanjung Pinang	0.9167	104.4583	Asia/Jakarta	id
Asia	Tanjungbalai	2.9667	99.8000	Asia/Jakarta	id
Asia	Tantou	22.7512	113.8350	Asia/Shanghai	cn
Asia	Tanzhou	22.2550	113.4669	Asia/Shanghai	cn
Asia	Taonan	45.3332	122.7846	Asia/Shanghai	cn
Asia	Taoyuan	24.9937	121.2970	Asia/Taipei	tw
Asia	Taozhou	30.9064	119.4086	Asia/Shanghai	cn
Asia	Tarakan	3.3133	117.5915	Asia/Makassar	id
Asia	Taraz	42.8980	71.3733	Asia/Almaty	kz
Asia	Tarlac City	15.4802	120.5979	Asia/Manila	ph
Asia	Tasek Glugor	5.4803	100.4985	Asia/Kuala_Lumpur	my
Asia	Tasikmalaya	-7.3274	108.2207	Asia/Jakarta	id
Asia	Taunggyi	20.7892	97.0378	Asia/Yangon	mm
Asia	Taungoo	18.9429	96.4341	Asia/Yangon	mm
Asia	Taunsa	30.7036	70.6505	Asia/Karachi	pk
Asia	Tawau	4.2448	117.8911	Asia/Kuching	my
Asia	Tayabas	14.0259	121.5929	Asia/Manila	ph
Asia	Taytay	14.5588	121.1329	Asia/Manila	ph
Asia	Tebingtinggi	3.3285	99.1625	Asia/Jakarta	id
Asia	Tegal	-6.8694	109.1402	Asia/Jakarta	id
Asia	Teluk Intan	4.0222	101.0208	Asia/Kuala_Lumpur	my
Asia	Teluknaga	-6.0989	106.6381	Asia/Jakarta	id
Asia	Temirtau	50.0520	72.9550	Asia/Almaty	kz
Asia	Tengyue	24.9949	98.5128	Asia/Shanghai	cn
Asia	Ternate	0.7906	127.3842	Asia/Jayapura	id
Asia	Thanh Hóa	19.8000	105.7667	Asia/Bangkok	vn
Asia	Thanh Xuân	20.9947	105.7998	Asia/Bangkok	vn
Asia	Thanjavur	10.7852	79.1391	Asia/Kolkata	in
Asia	Thaton	16.9187	97.3700	Asia/Yangon	mm
Asia	Thenali	16.2425	80.6398	Asia/Kolkata	in
Asia	Thiruvananthapuram	8.4855	76.9492	Asia/Kolkata	in
Asia	Thoothukudi	8.7674	78.1342	Asia/Kolkata	in
Asia	Thrissur	10.5167	76.2167	Asia/Kolkata	in
Asia	Thuận An	10.9239	106.7143	Asia/Ho_Chi_Minh	vn
Asia	Thuận Thanh	21.0460	106.0790	Asia/Bangkok	vn
Asia	Thành Phố Bà Rịa	10.4963	107.1685	Asia/Ho_Chi_Minh	vn
Asia	Thành phố Sông Công	21.4772	105.8414	Asia/Ho_Chi_Minh	vn
Asia	Thái Nguyên	21.5942	105.8482	Asia/Bangkok	vn
Asia	Thāne	19.1970	72.9635	Asia/Kolkata	in
Asia	Thānesar	29.9732	76.8321	Asia/Kolkata	in
Asia	Thị Trấn Thuận Châu	21.4385	103.6900	Asia/Ho_Chi_Minh	vn
Asia	Thị Trấn Đông Triều	21.0824	106.5138	Asia/Bangkok	vn
Asia	Thị Trấn Đại Từ	21.6338	105.6377	Asia/Ho_Chi_Minh	vn
Asia	Thốt Nốt	10.2721	105.5338	Asia/Ho_Chi_Minh	vn
Asia	Thới Lai	10.0652	105.5586	Asia/Ho_Chi_Minh	vn
Asia	Thủ Dầu Một	10.9804	106.6519	Asia/Ho_Chi_Minh	vn
Asia	Thủ Đức	10.8486	106.7721	Asia/Ho_Chi_Minh	vn
Asia	Tianfu	37.2637	122.0523	Asia/Shanghai	cn
Asia	Tianjin	39.1422	117.1767	Asia/Shanghai	cn
Asia	Tianshui	34.5795	105.7424	Asia/Shanghai	cn
Asia	Tieli	46.9754	128.0480	Asia/Shanghai	cn
Asia	Tieling	42.2931	123.8414	Asia/Shanghai	cn
Asia	Timika	-4.6141	136.6768	Asia/Jayapura	id
Asia	Tin Shui Wai	22.4568	114.0023	Asia/Hong_Kong	hk
Asia	Tinsukia	27.4890	95.3599	Asia/Kolkata	in
Asia	Tirmiz	37.2242	67.2783	Asia/Samarkand	uz
Asia	Tiruchirappalli	10.8155	78.6965	Asia/Kolkata	in
Asia	Tirunelveli	8.7274	77.6838	Asia/Kolkata	in
Asia	Tirupati	13.6355	79.4199	Asia/Kolkata	in
Asia	Tiruppur	11.1154	77.3546	Asia/Kolkata	in
Asia	Tiruvannamalai	12.2266	79.0746	Asia/Kolkata	in
Asia	Tiruvottiyūr	13.1582	80.3018	Asia/Kolkata	in
Asia	Toba Tek Singh	30.9713	72.4827	Asia/Karachi	pk
Asia	Tochigi	36.3833	139.7333	Asia/Tokyo	jp
Asia	Tokorozawa	35.7992	139.4690	Asia/Tokyo	jp
Asia	Tokushima	34.0667	134.5667	Asia/Tokyo	jp
Asia	Toledo (PH)	10.3773	123.6386	Asia/Manila	ph
Asia	Toli-Toli	1.0402	120.8176	Asia/Makassar	id
Asia	Tomakomai	42.6369	141.6033	Asia/Tokyo	jp
Asia	Tondabayashichō	34.5007	135.6021	Asia/Tokyo	jp
Asia	Tongchuan	34.8988	108.9506	Asia/Shanghai	cn
Asia	Tongchuanshi	35.0747	109.0850	Asia/Shanghai	cn
Asia	Tonghua	41.7197	125.9264	Asia/Shanghai	cn
Asia	Tongliao	43.6125	122.2653	Asia/Shanghai	cn
Asia	Tongling	30.9500	117.7833	Asia/Shanghai	cn
Asia	Tongren	35.5148	102.0160	Asia/Shanghai	cn
Asia	Tongshan	34.1805	117.1571	Asia/Shanghai	cn
Asia	Tongzhou	39.9040	116.6618	Asia/Shanghai	cn
Asia	Tonk	26.1664	75.7882	Asia/Kolkata	in
Asia	Tordher	33.9905	72.2863	Asia/Karachi	pk
Asia	Toride	35.9000	140.0833	Asia/Tokyo	jp
Asia	Tottori-shi	35.5000	134.2333	Asia/Tokyo	jp
Asia	Toufen	24.6875	120.9094	Asia/Taipei	tw
Asia	Toyama	36.7000	137.2167	Asia/Tokyo	jp
Asia	Toyohashi	34.7667	137.3833	Asia/Tokyo	jp
Asia	Toyokawa	34.8167	137.4000	Asia/Tokyo	jp
Asia	Toyonaka	34.7824	135.4693	Asia/Tokyo	jp
Asia	Toyota	35.0833	137.1500	Asia/Tokyo	jp
Asia	Trincomalee	8.5778	81.2289	Asia/Colombo	lk
Asia	Trà Vinh	9.9472	106.3423	Asia/Ho_Chi_Minh	vn
Asia	Trảng Bàng	11.0299	106.3575	Asia/Ho_Chi_Minh	vn
Asia	Tseung Kwan O	22.3279	114.2499	Asia/Hong_Kong	hk
Asia	Tsu	34.7333	136.5167	Asia/Tokyo	jp
Asia	Tsuchiura	36.0905	140.2105	Asia/Tokyo	jp
Asia	Tsuen Wan	22.3714	114.1133	Asia/Hong_Kong	hk
Asia	Tsukuba	36.0833	140.1167	Asia/Tokyo	jp
Asia	Tsuruoka	38.7217	139.8217	Asia/Tokyo	jp
Asia	Tsuyama	35.0521	133.9989	Asia/Tokyo	jp
Asia	Tuen Mun	22.3917	113.9716	Asia/Hong_Kong	hk
Asia	Tuguegarao	17.6158	121.7228	Asia/Manila	ph
Asia	Tumkūr	13.3414	77.1022	Asia/Kolkata	in
Asia	Tumxuk	39.8698	79.0612	Asia/Urumqi	cn
Asia	Tungi	23.8915	90.4023	Asia/Dhaka	bd
Asia	Tungipara	22.8998	89.9033	Asia/Dhaka	bd
Asia	Turkistan	43.2946	68.2569	Asia/Almaty	kz
Asia	Turpan	42.9477	89.1789	Asia/Urumqi	cn
Asia	Tuy Hòa	13.0955	109.3209	Asia/Ho_Chi_Minh	vn
Asia	Tuyên Quang	21.8236	105.2142	Asia/Bangkok	vn
Asia	Tân An	10.5359	106.4137	Asia/Ho_Chi_Minh	vn
Asia	Tân Châu	10.7983	105.2389	Asia/Ho_Chi_Minh	vn
Asia	Türkmenabat	39.0733	63.5786	Asia/Ashgabat	tm
Asia	Tōkai	35.0227	136.9089	Asia/Tokyo	jp
Asia	Tŏkch’ŏn	39.7526	126.2580	Asia/Pyongyang	kp
Asia	Tịnh Biên	10.5959	104.9367	Asia/Ho_Chi_Minh	vn
Asia	Ube	33.9431	131.2511	Asia/Tokyo	jp
Asia	Ubon Ratchathani	15.2384	104.8487	Asia/Bangkok	th
Asia	Udaipur	24.5858	73.7135	Asia/Kolkata	in
Asia	Udgīr	18.3926	77.1176	Asia/Kolkata	in
Asia	Udon Thani	17.4157	102.7859	Asia/Bangkok	th
Asia	Udupi	13.3347	74.7462	Asia/Kolkata	in
Asia	Ueda	36.4027	138.2816	Asia/Tokyo	jp
Asia	Uijeongbu-si	37.7415	127.0474	Asia/Seoul	kr
Asia	Uji	34.8904	135.8032	Asia/Tokyo	jp
Asia	Ujjain	23.1824	75.7764	Asia/Kolkata	in
Asia	Ulanhot	46.0833	122.0833	Asia/Shanghai	cn
Asia	Ulanqab	40.9930	113.1330	Asia/Shanghai	cn
Asia	Ulsan	35.5372	129.3167	Asia/Seoul	kr
Asia	Ulu Bedok	1.3333	103.9333	Asia/Singapore	sg
Asia	Uluberiya	22.4756	88.0990	Asia/Kolkata	in
Asia	Umarkot	25.3633	69.7418	Asia/Karachi	pk
Asia	Ungaran	-7.1397	110.4050	Asia/Jakarta	id
Asia	Unnāo	26.5471	80.4878	Asia/Kolkata	in
Asia	Urayasu	35.6588	139.9006	Asia/Tokyo	jp
Asia	Urdaneta	15.9761	120.5711	Asia/Manila	ph
Asia	Urganch	41.5518	60.6314	Asia/Samarkand	uz
Asia	Uruma	26.3761	127.8591	Asia/Tokyo	jp
Asia	Ust-Kamenogorsk	49.9714	82.6059	Asia/Almaty	kz
Asia	Utsunomiya	36.5667	139.8833	Asia/Tokyo	jp
Asia	Vadodara	22.2994	73.2081	Asia/Kolkata	in
Asia	Valenzuela	14.7000	120.9667	Asia/Manila	ph
Asia	Valsād	20.6101	72.9343	Asia/Kolkata	in
Asia	Vapi	20.3717	72.9049	Asia/Kolkata	in
Asia	Varanasi	25.3167	83.0104	Asia/Kolkata	in
Asia	Vejalpur	22.6902	73.5630	Asia/Kolkata	in
Asia	Vellore	12.9184	79.1325	Asia/Kolkata	in
Asia	Verāval	20.9077	70.3679	Asia/Kolkata	in
Asia	Vidisha	23.5260	77.8109	Asia/Kolkata	in
Asia	Vihari	30.0445	72.3556	Asia/Karachi	pk
Asia	Vijayapura	16.8244	75.7154	Asia/Kolkata	in
Asia	Vijayawada	16.5074	80.6466	Asia/Kolkata	in
Asia	Vinh	18.6734	105.6923	Asia/Bangkok	vn
Asia	Virār	19.4559	72.8114	Asia/Kolkata	in
Asia	Visakhapatnam	17.6801	83.2016	Asia/Kolkata	in
Asia	Vizianagaram	18.1169	83.4115	Asia/Kolkata	in
Asia	Việt Trì	21.3227	105.4020	Asia/Bangkok	vn
Asia	Việt Yên	21.2667	106.1333	Asia/Ho_Chi_Minh	vn
Asia	Vĩnh Châu	9.3244	105.9801	Asia/Ho_Chi_Minh	vn
Asia	Vĩnh Long	10.2537	105.9722	Asia/Ho_Chi_Minh	vn
Asia	Vĩnh Yên	21.3089	105.6049	Asia/Bangkok	vn
Asia	Vũng Tàu	10.3460	107.0843	Asia/Ho_Chi_Minh	vn
Asia	Wafangdian	39.6183	122.0081	Asia/Shanghai	cn
Asia	Wanning	18.7993	110.3841	Asia/Shanghai	cn
Asia	Wansheng	28.9629	106.9284	Asia/Shanghai	cn
Asia	Wanxian	30.8160	108.3741	Asia/Shanghai	cn
Asia	Wanzhou	30.7645	108.3959	Asia/Shanghai	cn
Asia	Warangal	18.0000	79.5833	Asia/Kolkata	in
Asia	Wardha	20.7393	78.5978	Asia/Kolkata	in
Asia	Watampone	-4.5386	120.3279	Asia/Makassar	id
Asia	Watthana	13.7298	100.5854	Asia/Bangkok	th
Asia	Wayaobu	37.1361	109.6597	Asia/Shanghai	cn
Asia	Wazirabad	32.4432	74.1200	Asia/Karachi	pk
Asia	Weifang	36.7100	119.1019	Asia/Shanghai	cn
Asia	Weihai	37.5091	122.1136	Asia/Shanghai	cn
Asia	Weinan	34.5035	109.5089	Asia/Shanghai	cn
Asia	Wenchang	19.5516	110.8028	Asia/Shanghai	cn
Asia	Wenshan City	23.3631	104.2505	Asia/Shanghai	cn
Asia	Wenzhou	27.9994	120.6668	Asia/Shanghai	cn
Asia	Wuchuan	21.4571	110.7659	Asia/Shanghai	cn
Asia	Wuda	39.4994	106.7117	Asia/Shanghai	cn
Asia	Wugang	26.7279	110.6320	Asia/Shanghai	cn
Asia	Wuhai	39.6844	106.8158	Asia/Shanghai	cn
Asia	Wuhan	30.5833	114.2667	Asia/Shanghai	cn
Asia	Wuhu	31.3526	118.4295	Asia/Shanghai	cn
Asia	Wujiaqu	44.1628	87.5217	Asia/Urumqi	cn
Asia	Wushan	31.0775	109.8764	Asia/Shanghai	cn
Asia	Wuwei	37.9267	102.6320	Asia/Shanghai	cn
Asia	Wuxi	31.5689	120.2886	Asia/Shanghai	cn
Asia	Wuxue	29.8506	115.5525	Asia/Shanghai	cn
Asia	Wuyishan	27.7599	118.0307	Asia/Shanghai	cn
Asia	Wuzhishan	18.7823	109.5013	Asia/Shanghai	cn
Asia	Wuzhong	37.9867	106.2010	Asia/Shanghai	cn
Asia	Wuzhou	23.4805	111.2885	Asia/Shanghai	cn
Asia	Wŏnju	37.3514	127.9453	Asia/Seoul	kr
Asia	Wŏnsan	39.1528	127.4436	Asia/Pyongyang	kp
Asia	Xiamen	24.4798	118.0819	Asia/Shanghai	cn
Asia	Xiangcheng	25.4669	100.5625	Asia/Shanghai	cn
Asia	Xiangtan	27.8500	112.9000	Asia/Shanghai	cn
Asia	Xiangyang	32.0422	112.1448	Asia/Shanghai	cn
Asia	Xianning	29.8435	114.3220	Asia/Shanghai	cn
Asia	Xiantao	30.3708	113.4429	Asia/Shanghai	cn
Asia	Xianyang	34.3378	108.7026	Asia/Shanghai	cn
Asia	Xiaogan	30.9269	113.9222	Asia/Shanghai	cn
Asia	Xiazhen	34.8022	117.1117	Asia/Shanghai	cn
Asia	Xichang	27.8964	102.2634	Asia/Shanghai	cn
Asia	Xigang	38.5526	106.3481	Asia/Shanghai	cn
Asia	Xilinhot	43.9389	116.0702	Asia/Shanghai	cn
Asia	Xincheng	41.7150	82.9325	Asia/Urumqi	cn
Asia	Xindi	29.8167	113.4667	Asia/Shanghai	cn
Asia	Xinghua	32.9392	119.8342	Asia/Shanghai	cn
Asia	Xingning	24.1483	115.7227	Asia/Shanghai	cn
Asia	Xingtai	37.0622	114.4927	Asia/Shanghai	cn
Asia	Xingyi	25.0962	104.9064	Asia/Shanghai	cn
Asia	Xining	36.6255	101.7574	Asia/Shanghai	cn
Asia	Xinji	37.9260	115.2191	Asia/Shanghai	cn
Asia	Xinqiao	31.0650	121.3075	Asia/Shanghai	cn
Asia	Xintai	35.9006	117.7519	Asia/Shanghai	cn
Asia	Xinxiang	35.1903	113.8015	Asia/Shanghai	cn
Asia	Xinyang	32.1228	114.0656	Asia/Shanghai	cn
Asia	Xinyi	34.3842	118.3462	Asia/Shanghai	cn
Asia	Xinyu	27.8043	114.9334	Asia/Shanghai	cn
Asia	Xinyuan	43.4265	83.2496	Asia/Urumqi	cn
Asia	Xinzhai	36.4000	118.6167	Asia/Shanghai	cn
Asia	Xinzhou	38.4092	112.7333	Asia/Shanghai	cn
Asia	Xiulin	29.7167	112.4000	Asia/Shanghai	cn
Asia	Xiva	41.3856	60.3641	Asia/Samarkand	uz
Asia	Xizhi	25.0662	121.6599	Asia/Taipei	tw
Asia	Xi’an	34.2583	108.9286	Asia/Shanghai	cn
Asia	Xuancheng	30.9525	118.7553	Asia/Shanghai	cn
Asia	Xuanhua	40.6121	115.0646	Asia/Shanghai	cn
Asia	Xuchang	34.0319	113.8630	Asia/Shanghai	cn
Asia	Xunchang	28.4543	104.7150	Asia/Shanghai	cn
Asia	Xuyong	28.1699	105.4345	Asia/Shanghai	cn
Asia	Xuzhou	34.2044	117.2839	Asia/Shanghai	cn
Asia	Xuân Lộc	10.9333	107.2333	Asia/Ho_Chi_Minh	vn
Asia	Ya'an	29.9852	102.9990	Asia/Shanghai	cn
Asia	Yachiyo	35.7353	140.1244	Asia/Tokyo	jp
Asia	Yakeshi	49.2833	120.7333	Asia/Shanghai	cn
Asia	Yamagata	38.2333	140.3667	Asia/Tokyo	jp
Asia	Yamaguchi	34.1833	131.4667	Asia/Tokyo	jp
Asia	Yamato	35.4728	139.4510	Asia/Tokyo	jp
Asia	Yamuna Nagar	30.1280	77.2837	Asia/Kolkata	in
Asia	Yancheng	33.3575	120.1573	Asia/Shanghai	cn
Asia	Yangchun	22.1667	111.7833	Asia/Shanghai	cn
Asia	Yangjiang	21.8556	111.9627	Asia/Shanghai	cn
Asia	Yangju	37.8331	127.0617	Asia/Seoul	kr
Asia	Yangon	16.8053	96.1561	Asia/Yangon	mm
Asia	Yangquan	37.8575	113.5633	Asia/Shanghai	cn
Asia	Yangsan	35.3420	129.0336	Asia/Seoul	kr
Asia	Yangshuo	24.7808	110.4897	Asia/Shanghai	cn
Asia	Yangzhou	32.3972	119.4358	Asia/Shanghai	cn
Asia	Yanji	42.8882	129.5024	Asia/Shanghai	cn
Asia	Yantai	37.4765	121.4408	Asia/Shanghai	cn
Asia	Yanzhou	35.5528	116.8286	Asia/Shanghai	cn
Asia	Yan’an	36.5989	109.4917	Asia/Shanghai	cn
Asia	Yao	34.6167	135.6000	Asia/Tokyo	jp
Asia	Yavatmāl	20.3932	78.1320	Asia/Kolkata	in
Asia	Yawnghwe	20.6597	96.9338	Asia/Yangon	mm
Asia	Yelahanka	13.1007	77.5963	Asia/Kolkata	in
Asia	Yenangyaung	20.4650	94.8712	Asia/Yangon	mm
Asia	Yeoju	37.2958	127.6339	Asia/Seoul	kr
Asia	Yeosu	34.7606	127.6621	Asia/Seoul	kr
Asia	Yevlakh	40.6183	47.1501	Asia/Baku	az
Asia	Yezhou	30.6037	109.7233	Asia/Shanghai	cn
Asia	Yibin	28.7593	104.6399	Asia/Shanghai	cn
Asia	Yichang	30.7144	111.2847	Asia/Shanghai	cn
Asia	Yichun	27.8333	114.4000	Asia/Shanghai	cn
Asia	Yichun (CN)	47.7214	128.8753	Asia/Shanghai	cn
Asia	Yidu	36.7712	118.4245	Asia/Shanghai	cn
Asia	Yinchuan	38.4681	106.2731	Asia/Shanghai	cn
Asia	Yingkou	40.6647	122.2318	Asia/Shanghai	cn
Asia	Yingtan	28.2333	117.0000	Asia/Shanghai	cn
Asia	Yishun New Town	1.4333	103.8311	Asia/Singapore	sg
Asia	Yiwu	29.3151	120.0768	Asia/Shanghai	cn
Asia	Yixing	31.3606	119.8202	Asia/Shanghai	cn
Asia	Yizhou	24.5000	108.6667	Asia/Shanghai	cn
Asia	Yogyakarta	-7.8014	110.3647	Asia/Jakarta	id
Asia	Yokkaichi	34.9667	136.6167	Asia/Tokyo	jp
Asia	Yokohama	35.4333	139.6500	Asia/Tokyo	jp
Asia	Yokosuka	35.2836	139.6672	Asia/Tokyo	jp
Asia	Yonago	35.4333	133.3333	Asia/Tokyo	jp
Asia	Yongchuan	29.3538	105.8939	Asia/Shanghai	cn
Asia	Yongji	34.8661	110.4403	Asia/Shanghai	cn
Asia	Yongzhou	26.4239	111.6131	Asia/Shanghai	cn
Asia	Yong’an	31.0189	109.4595	Asia/Shanghai	cn
Asia	Youkaichi	35.1163	136.1977	Asia/Tokyo	jp
Asia	Yuanlin	23.9567	120.5761	Asia/Taipei	tw
Asia	Yuepu	31.4269	121.4214	Asia/Shanghai	cn
Asia	Yueyang	29.3745	113.0948	Asia/Shanghai	cn
Asia	Yulin	22.6305	110.1469	Asia/Shanghai	cn
Asia	Yuncheng	35.0231	110.9928	Asia/Shanghai	cn
Asia	Yunfu	22.9279	112.0381	Asia/Shanghai	cn
Asia	Yushu	33.0012	97.0089	Asia/Shanghai	cn
Asia	Yushu (CN)	44.8275	126.5406	Asia/Shanghai	cn
Asia	Yuxi	24.3550	102.5422	Asia/Shanghai	cn
Asia	Yuyao	30.0500	121.1494	Asia/Shanghai	cn
Asia	Yên Bái	21.7229	104.9113	Asia/Bangkok	vn
Asia	Zamboanga	6.9103	122.0739	Asia/Manila	ph
Asia	Zaoyang	32.1272	112.7542	Asia/Shanghai	cn
Asia	Zaozhuang	34.8647	117.5542	Asia/Shanghai	cn
Asia	Zhalantun	48.0095	122.7365	Asia/Shanghai	cn
Asia	Zhanaozen	43.3412	52.8619	Asia/Aqtau	kz
Asia	Zhangjiagang	31.8650	120.5389	Asia/Shanghai	cn
Asia	Zhangjiajie	29.1294	110.4783	Asia/Shanghai	cn
Asia	Zhangjiakou	40.7834	114.8714	Asia/Shanghai	cn
Asia	Zhangye	38.9342	100.4517	Asia/Shanghai	cn
Asia	Zhangzhou	24.5133	117.6556	Asia/Shanghai	cn
Asia	Zhanjiang	21.2339	110.3875	Asia/Shanghai	cn
Asia	Zhaodong	46.0522	125.9552	Asia/Shanghai	cn
Asia	Zhaoqing	23.0489	112.4609	Asia/Shanghai	cn
Asia	Zhaotong	27.3167	103.7167	Asia/Shanghai	cn
Asia	Zhaoyuan	37.3650	120.4100	Asia/Shanghai	cn
Asia	Zhaozhou	45.7060	125.2661	Asia/Shanghai	cn
Asia	Zhengding	38.1450	114.5656	Asia/Shanghai	cn
Asia	Zhengzhou	34.7578	113.6486	Asia/Shanghai	cn
Asia	Zhenjiang	32.2109	119.4551	Asia/Shanghai	cn
Asia	Zhenping	33.0346	112.2276	Asia/Shanghai	cn
Asia	Zhenzhou	32.2803	119.1700	Asia/Shanghai	cn
Asia	Zhezqazghan	47.7941	67.7063	Asia/Almaty	kz
Asia	Zhicheng	30.2956	111.5047	Asia/Shanghai	cn
Asia	Zhonghe	28.4505	108.9890	Asia/Shanghai	cn
Asia	Zhongshan	22.5231	113.3791	Asia/Shanghai	cn
Asia	Zhongwei	37.5113	105.1907	Asia/Shanghai	cn
Asia	Zhongxiang	31.1661	112.5831	Asia/Shanghai	cn
Asia	Zhoucun	36.8167	117.8167	Asia/Shanghai	cn
Asia	Zhoukou	33.6333	114.6333	Asia/Shanghai	cn
Asia	Zhoushan	29.9887	122.2049	Asia/Shanghai	cn
Asia	Zhu Cheng City	35.9950	119.4026	Asia/Shanghai	cn
Asia	Zhuhai	22.2769	113.5678	Asia/Shanghai	cn
Asia	Zhuji	29.7188	120.2423	Asia/Shanghai	cn
Asia	Zhujing	30.9010	121.1597	Asia/Shanghai	cn
Asia	Zhumadian	32.9838	114.0259	Asia/Shanghai	cn
Asia	Zhuzhou	27.8333	113.1500	Asia/Shanghai	cn
Asia	Zibo	36.7906	118.0633	Asia/Shanghai	cn
Asia	Zigong	29.3416	104.7769	Asia/Shanghai	cn
Asia	Zitong	30.1782	105.8299	Asia/Shanghai	cn
Asia	Ziyang	30.1211	104.6481	Asia/Shanghai	cn
Asia	Zoucheng	35.4006	116.9656	Asia/Shanghai	cn
Asia	Zunyi	27.6867	106.9072	Asia/Shanghai	cn
Asia	Ðà Lạt	11.9465	108.4419	Asia/Ho_Chi_Minh	vn
Asia	Ðông Hà	16.8163	107.1003	Asia/Bangkok	vn
Asia	Ô Môn	10.1097	105.6232	Asia/Ho_Chi_Minh	vn
Asia	Ādilābād	19.6720	78.5359	Asia/Kolkata	in
Asia	Ālā'ĕr	40.5418	81.2657	Asia/Urumqi	cn
Asia	Āsansol	23.6833	86.9833	Asia/Kolkata	in
Asia	Điện Bàn	15.8885	108.2545	Asia/Ho_Chi_Minh	vn
Asia	Đưc Trọng	11.7356	108.3733	Asia/Ho_Chi_Minh	vn
Asia	Đồng Hới	17.4688	106.6223	Asia/Bangkok	vn
Asia	Đồng Xoài	11.5350	106.8832	Asia/Ho_Chi_Minh	vn
Asia	Đức Phổ	14.8135	108.9593	Asia/Ho_Chi_Minh	vn
Asia	Ōgaki	35.3500	136.6167	Asia/Tokyo	jp
Asia	Ōita	33.2333	131.6000	Asia/Tokyo	jp
Asia	Ōme	35.7839	139.2431	Asia/Tokyo	jp
Asia	Ōmuta	33.0333	130.4500	Asia/Tokyo	jp
Asia	Ōsaki	38.5887	140.9730	Asia/Tokyo	jp
Asia	Ōshū	39.1393	141.1685	Asia/Tokyo	jp
Asia	Ōta (JP)	36.3000	139.3667	Asia/Tokyo	jp
Asia	Ōtsu	35.0000	135.8667	Asia/Tokyo	jp
Asia	Ŭllyul	38.5139	125.1897	Asia/Pyongyang	kp
Europe	's-Hertogenbosch	51.6992	5.3042	Europe/Amsterdam	nl
Europe	A Coruña	43.3713	-8.3960	Europe/Madrid	es
Europe	Aachen	50.7766	6.0834	Europe/Berlin	de
Europe	Aalborg	57.0480	9.9187	Europe/Copenhagen	dk
Europe	Abakan	53.7154	91.4259	Asia/Krasnoyarsk	ru
Europe	Aberdeen	57.1437	-2.0981	Europe/London	gb
Europe	Achinsk	56.2679	90.5015	Asia/Krasnoyarsk	ru
Europe	Acilia-Castel Fusano-Ostia Antica	41.7634	12.3308	Europe/Rome	it
Europe	Aix-en-Provence	43.5283	5.4497	Europe/Paris	fr
Europe	Albacete	38.9942	-1.8564	Europe/Madrid	es
Europe	Alcalá de Henares	40.4821	-3.3600	Europe/Madrid	es
Europe	Alchevsk	48.4691	38.7974	Europe/Kyiv	ua
Europe	Alcobendas	40.5475	-3.6420	Europe/Madrid	es
Europe	Algeciras	36.1333	-5.4505	Europe/Madrid	es
Europe	Alicante	38.3452	-0.4815	Europe/Madrid	es
Europe	Almere Stad	52.3702	5.2141	Europe/Amsterdam	nl
Europe	Almería	36.8381	-2.4597	Europe/Madrid	es
Europe	Al’met’yevsk	54.9040	52.3179	Europe/Moscow	ru
Europe	Amadora	38.7538	-9.2308	Europe/Lisbon	pt
Europe	Amersfoort	52.1550	5.3875	Europe/Amsterdam	nl
Europe	Amiens	49.9000	2.3000	Europe/Paris	fr
Europe	Angarsk	52.5597	103.9141	Asia/Irkutsk	ru
Europe	Angers	47.4716	-0.5520	Europe/Paris	fr
Europe	Antwerp	51.2205	4.4003	Europe/Brussels	be
Europe	Apeldoorn	52.2100	5.9694	Europe/Amsterdam	nl
Europe	Arad	46.1833	21.3167	Europe/Bucharest	ro
Europe	Archway	51.5673	-0.1341	Europe/London	gb
Europe	Arezzo	43.4628	11.8807	Europe/Rome	it
Europe	Argenteuil	48.9479	2.2474	Europe/Paris	fr
Europe	Arkhangel’sk	64.5461	40.5518	Europe/Moscow	ru
Europe	Armavir	44.9985	41.1147	Europe/Moscow	ru
Europe	Arnhem	51.9800	5.9111	Europe/Amsterdam	nl
Europe	Artëm	43.3576	132.1914	Asia/Vladivostok	ru
Europe	Arzamas	55.3956	43.8381	Europe/Moscow	ru
Europe	Astrakhan	46.3497	48.0408	Europe/Astrakhan	ru
Europe	Augsburg	48.3715	10.8985	Europe/Berlin	de
Europe	Bacău	46.5672	26.9138	Europe/Bucharest	ro
Europe	Badajoz	38.8779	-6.9706	Europe/Madrid	es
Europe	Badalona	41.4500	2.2474	Europe/Madrid	es
Europe	Baia Mare	47.6573	23.5681	Europe/Bucharest	ro
Europe	Balakovo	52.0264	47.7967	Europe/Saratov	ru
Europe	Balashikha	55.7948	37.9479	Europe/Moscow	ru
Europe	Banja Luka	44.7788	17.2063	Europe/Sarajevo	ba
Europe	Baranovichi	53.1326	26.0078	Europe/Minsk	by
Europe	Bari	41.1207	16.8698	Europe/Rome	it
Europe	Barking	51.5333	0.0833	Europe/London	gb
Europe	Barnaul	53.3620	83.7279	Asia/Barnaul	ru
Europe	Barysaw	54.2279	28.5050	Europe/Minsk	by
Europe	Basel	47.5584	7.5733	Europe/Zurich	ch
Europe	Basildon	51.5684	0.4578	Europe/London	gb
Europe	Basingstoke	51.2625	-1.0871	Europe/London	gb
Europe	Bataysk	47.1375	39.7571	Europe/Moscow	ru
Europe	Bath	51.3751	-2.3617	Europe/London	gb
Europe	Bedford	52.1346	-0.4663	Europe/London	gb
Europe	Belfast	54.5968	-5.9254	Europe/London	gb
Europe	Belgorod	50.6034	36.5809	Europe/Moscow	ru
Europe	Bender	46.8316	29.4767	Europe/Chisinau	md
Europe	Berdyansk	46.7558	36.7882	Europe/Kyiv	ua
Europe	Berezniki	59.4091	56.8204	Asia/Yekaterinburg	ru
Europe	Bergamo	45.6960	9.6672	Europe/Rome	it
Europe	Bergen	60.3930	5.3242	Europe/Oslo	no
Europe	Bergisch Gladbach	50.9856	7.1330	Europe/Berlin	de
Europe	Besançon	47.2488	6.0182	Europe/Paris	fr
Europe	Bexley	51.4416	0.1487	Europe/London	gb
Europe	Białystok	53.1333	23.1643	Europe/Warsaw	pl
Europe	Bielany	52.2924	20.9353	Europe/Warsaw	pl
Europe	Bielefeld	52.0333	8.5333	Europe/Berlin	de
Europe	Bielsko-Biala	49.8225	19.0469	Europe/Warsaw	pl
Europe	Bila Tserkva	49.7994	30.1165	Europe/Kyiv	ua
Europe	Bilbao	43.2627	-2.9253	Europe/Madrid	es
Europe	Birmingham	52.4814	-1.8998	Europe/London	gb
Europe	Biysk	52.5342	85.1966	Asia/Barnaul	ru
Europe	Blackburn	53.7500	-2.4833	Europe/London	gb
Europe	Blackpool	53.8167	-3.0500	Europe/London	gb
Europe	Blagoveshchensk	50.2759	127.5264	Asia/Yakutsk	ru
Europe	Bobruysk	53.1468	29.2055	Europe/Minsk	by
Europe	Bochum	51.4817	7.2165	Europe/Berlin	de
Europe	Bologna	44.4938	11.3387	Europe/Rome	it
Europe	Bolton	53.5833	-2.4333	Europe/London	gb
Europe	Bolzano	46.4907	11.3398	Europe/Rome	it
Europe	Bonn	50.7344	7.0955	Europe/Berlin	de
Europe	Bordeaux	44.8412	-0.5805	Europe/Paris	fr
Europe	Boulogne-Billancourt	48.8355	2.2413	Europe/Paris	fr
Europe	Bournemouth	50.7205	-1.8795	Europe/London	gb
Europe	Bradford	53.7939	-1.7521	Europe/London	gb
Europe	Braga	41.5514	-8.4231	Europe/Lisbon	pt
Europe	Bratsk	56.1325	101.6142	Asia/Irkutsk	ru
Europe	Braunschweig	52.2659	10.5267	Europe/Berlin	de
Europe	Braşov	45.6486	25.6061	Europe/Bucharest	ro
Europe	Breda	51.5866	4.7760	Europe/Amsterdam	nl
Europe	Bremen	53.0758	8.8072	Europe/Berlin	de
Europe	Bremerhaven	53.5536	8.5755	Europe/Berlin	de
Europe	Brescia	45.5356	10.2147	Europe/Rome	it
Europe	Brest	52.1089	23.7175	Europe/Minsk	by
Europe	Brest (FR)	48.3903	-4.4863	Europe/Paris	fr
Europe	Brighton	50.8284	-0.1395	Europe/London	gb
Europe	Bristol	51.4552	-2.5966	Europe/London	gb
Europe	Brno	49.1952	16.6080	Europe/Prague	cz
Europe	Brovary	50.5110	30.7911	Europe/Kyiv	ua
Europe	Brugge	51.2089	3.2242	Europe/Brussels	be
Europe	Bryansk	53.2710	34.3214	Europe/Moscow	ru
Europe	Brăila	45.2715	27.9743	Europe/Bucharest	ro
Europe	Burgas	42.5065	27.4689	Europe/Sofia	bg
Europe	Burgos	42.3411	-3.7018	Europe/Madrid	es
Europe	Burnley	53.8000	-2.2333	Europe/London	gb
Europe	Burton upon Trent	52.8073	-1.6426	Europe/London	gb
Europe	Buzău	45.1500	26.8333	Europe/Bucharest	ro
Europe	Bydgoszcz	53.1235	18.0076	Europe/Warsaw	pl
Europe	Bytom	50.3480	18.9328	Europe/Warsaw	pl
Europe	Bălţi	47.7629	27.9285	Europe/Chisinau	md
Europe	Cadiz (ES)	36.5267	-6.2891	Europe/Madrid	es
Europe	Caen	49.1859	-0.3591	Europe/Paris	fr
Europe	Cagliari	39.2305	9.1192	Europe/Rome	it
Europe	Cambridge	52.2000	0.1167	Europe/London	gb
Europe	Cardiff	51.4800	-3.1800	Europe/London	gb
Europe	Cartagena (ES)	37.6020	-0.9840	Europe/Madrid	es
Europe	Castelló de la Plana	39.9857	-0.0493	Europe/Madrid	es
Europe	Catania	37.4922	15.0704	Europe/Rome	it
Europe	Cergy-Pontoise	49.0389	2.0781	Europe/Paris	fr
Europe	Charleroi	50.4114	4.4445	Europe/Brussels	be
Europe	Cheboksary	56.1322	47.2460	Europe/Moscow	ru
Europe	Chelmsford	51.7358	0.4696	Europe/London	gb
Europe	Cheltenham	51.9001	-2.0797	Europe/London	gb
Europe	Chelyabinsk	55.1611	61.4288	Asia/Yekaterinburg	ru
Europe	Chemnitz	50.8357	12.9292	Europe/Berlin	de
Europe	Cherepovets	59.1333	37.9000	Europe/Moscow	ru
Europe	Cherkasy	49.4445	32.0574	Europe/Kyiv	ua
Europe	Cherkessk	44.2238	42.0462	Europe/Moscow	ru
Europe	Chernihiv	51.5054	31.2866	Europe/Kyiv	ua
Europe	Chernivtsi	48.2904	25.9324	Europe/Kyiv	ua
Europe	Cherëmushki	55.6647	37.5613	Europe/Moscow	ru
Europe	Chesterfield	53.2500	-1.4167	Europe/London	gb
Europe	Chita	52.0431	113.4917	Asia/Chita	ru
Europe	Clermont-Ferrand	45.7797	3.0868	Europe/Paris	fr
Europe	Cluj-Napoca	46.7667	23.6000	Europe/Bucharest	ro
Europe	Coimbra	40.2069	-8.4200	Europe/Lisbon	pt
Europe	Colchester	51.8892	0.9042	Europe/London	gb
Europe	Constanţa	44.1807	28.6343	Europe/Bucharest	ro
Europe	Cork	51.8980	-8.4706	Europe/Dublin	ie
Europe	Coventry	52.4066	-1.5122	Europe/London	gb
Europe	Craiova	44.3167	23.8000	Europe/Bucharest	ro
Europe	Crawley	51.1130	-0.1831	Europe/London	gb
Europe	Croydon	51.3833	-0.1000	Europe/London	gb
Europe	Częstochowa	50.7965	19.1241	Europe/Warsaw	pl
Europe	Córdoba (ES)	37.8916	-4.7728	Europe/Madrid	es
Europe	Dagenham	51.5500	0.1667	Europe/London	gb
Europe	Darmstadt	49.8717	8.6503	Europe/Berlin	de
Europe	Debrecen	47.5317	21.6244	Europe/Budapest	hu
Europe	Derbent	42.0662	48.2876	Europe/Moscow	ru
Europe	Derby	52.9228	-1.4766	Europe/London	gb
Europe	Dijon	47.3134	5.0139	Europe/Paris	fr
Europe	Dimitrovgrad	54.2139	49.6184	Europe/Ulyanovsk	ru
Europe	Dnipro	48.4666	35.0407	Europe/Kyiv	ua
Europe	Doncaster	53.5228	-1.1312	Europe/London	gb
Europe	Donetsk	48.0230	37.8022	Europe/Kyiv	ua
Europe	Donostia / San Sebastián	43.3128	-1.9750	Europe/Madrid	es
Europe	Dordrecht	51.8100	4.6736	Europe/Amsterdam	nl
Europe	Dortmund	51.5149	7.4660	Europe/Berlin	de
Europe	Dos Hermanas	37.2829	-5.9209	Europe/Madrid	es
Europe	Drammen	59.7439	10.2045	Europe/Oslo	no
Europe	Dresden	51.0509	13.7383	Europe/Berlin	de
Europe	Dudley	52.5000	-2.0833	Europe/London	gb
Europe	Duisburg	51.4325	6.7652	Europe/Berlin	de
Europe	Dundee	56.4691	-2.9749	Europe/London	gb
Europe	Durrës	41.3235	19.4547	Europe/Tirane	al
Europe	Dzerzhinsk	56.2442	43.4554	Europe/Moscow	ru
Europe	Düsseldorf	51.2232	6.7793	Europe/Berlin	de
Europe	Dąbrowa Górnicza	50.3339	19.2048	Europe/Warsaw	pl
Europe	Eastbourne	50.7687	0.2845	Europe/London	gb
Europe	Eindhoven	51.4408	5.4778	Europe/Amsterdam	nl
Europe	Elbasan	41.1114	20.0822	Europe/Tirane	al
Europe	Elbląg	54.1522	19.4088	Europe/Warsaw	pl
Europe	Elche	38.2622	-0.7011	Europe/Madrid	es
Europe	Elektrostal’	55.7865	38.4571	Europe/Moscow	ru
Europe	Elista	46.3079	44.2554	Europe/Moscow	ru
Europe	Enfield Town	51.6515	-0.0850	Europe/London	gb
Europe	Engels	51.4839	46.1053	Europe/Saratov	ru
Europe	Enschede	52.2183	6.8958	Europe/Amsterdam	nl
Europe	Erfurt	50.9773	11.0354	Europe/Berlin	de
Europe	Erlangen	49.5910	11.0078	Europe/Berlin	de
Europe	Espoo	60.2052	24.6522	Europe/Helsinki	fi
Europe	Essen	51.4566	7.0123	Europe/Berlin	de
Europe	Exeter	50.7236	-3.5275	Europe/London	gb
Europe	Ferrara	44.8380	11.6206	Europe/Rome	it
Europe	Florence	43.7792	11.2463	Europe/Rome	it
Europe	Foggia	41.4584	15.5519	Europe/Rome	it
Europe	Forlì	44.2218	12.0414	Europe/Rome	it
Europe	Frankfurt am Main	50.1155	8.6842	Europe/Berlin	de
Europe	Freiburg	47.9959	7.8522	Europe/Berlin	de
Europe	Fuenlabrada	40.2842	-3.7942	Europe/Madrid	es
Europe	Funchal	32.6657	-16.9255	Atlantic/Madeira	pt
Europe	Fürth	49.4759	10.9886	Europe/Berlin	de
Europe	Galaţi	45.4369	28.0503	Europe/Bucharest	ro
Europe	Gasteiz / Vitoria	42.8500	-2.6727	Europe/Madrid	es
Europe	Gdynia	54.5189	18.5319	Europe/Warsaw	pl
Europe	Gelsenkirchen	51.5051	7.0965	Europe/Berlin	de
Europe	Geneva	46.2022	6.1457	Europe/Zurich	ch
Europe	Genoa	44.4048	8.9444	Europe/Rome	it
Europe	Gent	51.0500	3.7167	Europe/Brussels	be
Europe	Gera	50.8803	12.0819	Europe/Berlin	de
Europe	Gijón	43.5357	-5.6615	Europe/Madrid	es
Europe	Gillingham	51.3891	0.5486	Europe/London	gb
Europe	Girona	41.9831	2.8249	Europe/Madrid	es
Europe	Glasgow	55.8651	-4.2576	Europe/London	gb
Europe	Glazov	58.1400	52.6562	Europe/Samara	ru
Europe	Gliwice	50.2976	18.6766	Europe/Warsaw	pl
Europe	Gloucester (GB)	51.8657	-2.2431	Europe/London	gb
Europe	Gorzów Wielkopolski	52.7337	15.2250	Europe/Warsaw	pl
Europe	Gothenburg	57.7072	11.9668	Europe/Stockholm	se
Europe	Granada	37.1882	-3.6067	Europe/Madrid	es
Europe	Graz	47.0673	15.4420	Europe/Vienna	at
Europe	Grenoble	45.1787	5.7148	Europe/Paris	fr
Europe	Groningen	53.2192	6.5667	Europe/Amsterdam	nl
Europe	Grozny	43.3120	45.6889	Europe/Moscow	ru
Europe	Győr	47.6833	17.6351	Europe/Budapest	hu
Europe	Göttingen	51.5344	9.9323	Europe/Berlin	de
Europe	Haarlem	52.3808	4.6368	Europe/Amsterdam	nl
Europe	Hagen	51.3608	7.4717	Europe/Berlin	de
Europe	Halle (Saale)	51.4816	11.9795	Europe/Berlin	de
Europe	Hamm	51.6803	7.8209	Europe/Berlin	de
Europe	Hannover	52.3705	9.7332	Europe/Berlin	de
Europe	Harrow	51.5784	-0.3321	Europe/London	gb
Europe	Heidelberg	49.4077	8.6908	Europe/Berlin	de
Europe	Heilbronn	49.1399	9.2205	Europe/Berlin	de
Europe	Helsingborg	56.0467	12.6944	Europe/Stockholm	se
Europe	Herne	51.5388	7.2257	Europe/Berlin	de
Europe	High Wycombe	51.6291	-0.7493	Europe/London	gb
Europe	Hildesheim	52.1508	9.9511	Europe/Berlin	de
Europe	Homyel'	52.4345	30.9754	Europe/Minsk	by
Europe	Hoofddorp	52.3025	4.6889	Europe/Amsterdam	nl
Europe	Horlivka	48.2999	38.0171	Europe/Kyiv	ua
Europe	Hrodna	53.6758	23.8289	Europe/Minsk	by
Europe	Huddersfield	53.6490	-1.7842	Europe/London	gb
Europe	Huelva	37.2664	-6.9400	Europe/Madrid	es
Europe	Iaşi	47.1667	27.6000	Europe/Bucharest	ro
Europe	Ingolstadt	48.7651	11.4237	Europe/Berlin	de
Europe	Innsbruck	47.2627	11.3945	Europe/Vienna	at
Europe	Ipswich	52.0592	1.1555	Europe/London	gb
Europe	Irkutsk	52.2957	104.2908	Asia/Irkutsk	ru
Europe	Irákleion	35.3279	25.1434	Europe/Athens	gr
Europe	Ivano-Frankivsk	48.9231	24.7125	Europe/Kyiv	ua
Europe	Ivanovo	56.9999	40.9726	Europe/Moscow	ru
Europe	Izhevsk	56.8522	53.1986	Europe/Samara	ru
Europe	Jaén	37.7692	-3.7903	Europe/Madrid	es
Europe	Jena	50.9288	11.5899	Europe/Berlin	de
Europe	Jerez de la Frontera	36.6865	-6.1361	Europe/Madrid	es
Europe	Jyväskylä	62.2415	25.7209	Europe/Helsinki	fi
Europe	Jönköping	57.7814	14.1562	Europe/Stockholm	se
Europe	Kaliningrad	54.7064	20.5110	Europe/Kaliningrad	ru
Europe	Kalisz	51.7611	18.0910	Europe/Warsaw	pl
Europe	Kaluga	54.5306	36.2700	Europe/Moscow	ru
Europe	Kamensk-Ural’skiy	56.4063	61.9335	Asia/Yekaterinburg	ru
Europe	Kamyanske	48.5172	34.6062	Europe/Kyiv	ua
Europe	Kamyshin	50.0885	45.4128	Europe/Volgograd	ru
Europe	Kansk	56.2022	95.7185	Asia/Krasnoyarsk	ru
Europe	Karlsruhe	49.0094	8.4044	Europe/Berlin	de
Europe	Kassel	51.3167	9.5000	Europe/Berlin	de
Europe	Katowice	50.2597	19.0217	Europe/Warsaw	pl
Europe	Kaunas	54.9016	23.9091	Europe/Vilnius	lt
Europe	Kazan	55.7887	49.1221	Europe/Moscow	ru
Europe	Kecskemét	46.9062	19.6913	Europe/Budapest	hu
Europe	Kemerovo	55.3542	86.1043	Asia/Novokuznetsk	ru
Europe	Kerch	45.3567	36.4754	Europe/Simferopol	ua
Europe	Khabarovsk	48.4620	135.0971	Asia/Vladivostok	ru
Europe	Khanty-Mansiysk	61.0019	69.0273	Asia/Yekaterinburg	ru
Europe	Kharkiv	49.9818	36.2548	Europe/Kyiv	ua
Europe	Khasavyurt	43.2487	46.5857	Europe/Moscow	ru
Europe	Khimki	55.9001	37.4285	Europe/Moscow	ru
Europe	Khmelnytskyi	49.4183	26.9794	Europe/Kyiv	ua
Europe	Kiel	54.3213	10.1349	Europe/Berlin	de
Europe	Kielce	50.8703	20.6275	Europe/Warsaw	pl
Europe	Kingston upon Hull	53.7446	-0.3352	Europe/London	gb
Europe	Kirov	58.5981	49.6578	Europe/Kirov	ru
Europe	Kiselëvsk	53.9900	86.6621	Asia/Novokuznetsk	ru
Europe	Kislovodsk	43.9133	42.7208	Europe/Moscow	ru
Europe	Klagenfurt am Wörthersee	46.6247	14.3053	Europe/Vienna	at
Europe	Klaipėda	55.7068	21.1391	Europe/Vilnius	lt
Europe	Koblenz	50.3536	7.5788	Europe/Berlin	de
Europe	Kolomna	55.0711	38.7840	Europe/Moscow	ru
Europe	Kolpino	59.7507	30.5886	Europe/Moscow	ru
Europe	Komsomolsk-on-Amur	50.5503	137.0100	Asia/Vladivostok	ru
Europe	Korolev	55.9142	37.8256	Europe/Moscow	ru
Europe	Kostroma	57.7664	40.9283	Europe/Moscow	ru
Europe	Koszalin	54.1944	16.1722	Europe/Warsaw	pl
Europe	Kovrov	56.3575	41.3189	Europe/Moscow	ru
Europe	Košice	48.7144	21.2580	Europe/Bratislava	sk
Europe	Kragujevac	44.0167	20.9167	Europe/Belgrade	rs
Europe	Kramatorsk	48.7311	37.5678	Europe/Kyiv	ua
Europe	Krasnodar	45.0453	38.9818	Europe/Moscow	ru
Europe	Krasnoyarsk	56.0374	92.9314	Asia/Krasnoyarsk	ru
Europe	Krefeld	51.3364	6.5538	Europe/Berlin	de
Europe	Kremenchuk	49.0625	33.4048	Europe/Kyiv	ua
Europe	Kristiansand	58.1467	7.9956	Europe/Oslo	no
Europe	Kropyvnytskyi	48.5083	32.2662	Europe/Kyiv	ua
Europe	Kryvyy Rih	47.9057	33.3940	Europe/Kyiv	ua
Europe	Kuopio	62.8924	27.6770	Europe/Helsinki	fi
Europe	Kurgan	55.4490	65.3434	Asia/Yekaterinburg	ru
Europe	Kursk	51.7269	36.1846	Europe/Moscow	ru
Europe	Kyzyl	51.7111	94.4378	Asia/Krasnoyarsk	ru
Europe	Köln	50.9333	6.9500	Europe/Berlin	de
Europe	L'Hospitalet de Llobregat	41.3597	2.1003	Europe/Madrid	es
Europe	La Laguna	28.4853	-16.3201	Atlantic/Canary	es
Europe	Lahti	60.9827	25.6615	Europe/Helsinki	fi
Europe	Las Palmas de Gran Canaria	28.1018	-15.4157	Atlantic/Canary	es
Europe	Lausanne	46.5160	6.6328	Europe/Zurich	ch
Europe	Le Havre	49.4935	0.1079	Europe/Paris	fr
Europe	Le Mans	48.0021	0.2025	Europe/Paris	fr
Europe	Leeds	53.7965	-1.5478	Europe/London	gb
Europe	Leeuwarden	53.2027	5.8097	Europe/Amsterdam	nl
Europe	Legnica	51.2101	16.1619	Europe/Warsaw	pl
Europe	Leicester	52.6386	-1.1317	Europe/London	gb
Europe	Leiden	52.1583	4.4931	Europe/Amsterdam	nl
Europe	Leipzig	51.3396	12.3713	Europe/Berlin	de
Europe	Leiria	39.7436	-8.8071	Europe/Lisbon	pt
Europe	Leninsk-Kuznetsky	54.6567	86.1737	Asia/Novokuznetsk	ru
Europe	Leuven	50.8796	4.7009	Europe/Brussels	be
Europe	Leverkusen	51.0303	6.9843	Europe/Berlin	de
Europe	León (ES)	42.6000	-5.5703	Europe/Madrid	es
Europe	Liberec	50.7671	15.0562	Europe/Prague	cz
Europe	Lida	53.8833	25.2997	Europe/Minsk	by
Europe	Lille	50.6339	3.0551	Europe/Paris	fr
Europe	Limassol	34.6841	33.0379	Asia/Nicosia	cy
Europe	Limerick	52.6647	-8.6231	Europe/Dublin	ie
Europe	Limoges	45.8336	1.2476	Europe/Paris	fr
Europe	Lincoln (GB)	53.2268	-0.5379	Europe/London	gb
Europe	Linköping	58.4109	15.6216	Europe/Stockholm	se
Europe	Linz	48.3064	14.2861	Europe/Vienna	at
Europe	Lipetsk	52.5876	39.5515	Europe/Moscow	ru
Europe	Liverpool	53.4106	-2.9779	Europe/London	gb
Europe	Livorno	43.5443	10.3262	Europe/Rome	it
Europe	Liège	50.6337	5.5675	Europe/Brussels	be
Europe	Lleida	41.6167	0.6222	Europe/Madrid	es
Europe	Logroño	42.4661	-2.4512	Europe/Madrid	es
Europe	Lublin	51.2506	22.5701	Europe/Warsaw	pl
Europe	Luhansk	48.5681	39.3055	Europe/Kyiv	ua
Europe	Luton	51.8797	-0.4175	Europe/London	gb
Europe	Lutsk	50.7578	25.3502	Europe/Kyiv	ua
Europe	Lyubertsy	55.6772	37.8932	Europe/Moscow	ru
Europe	Lárisa	39.6285	22.4211	Europe/Athens	gr
Europe	Lübeck	53.8689	10.6873	Europe/Berlin	de
Europe	Maastricht	50.8483	5.6889	Europe/Amsterdam	nl
Europe	Magdeburg	52.1313	11.6319	Europe/Berlin	de
Europe	Magnitogorsk	53.3981	59.0066	Asia/Yekaterinburg	ru
Europe	Mahilyow	53.9088	30.3404	Europe/Minsk	by
Europe	Maidstone	51.2667	0.5167	Europe/London	gb
Europe	Mainz	49.9819	8.2801	Europe/Berlin	de
Europe	Makhachkala	42.9778	47.5003	Europe/Moscow	ru
Europe	Makiyivka	48.0478	37.9258	Europe/Kyiv	ua
Europe	Malmö	55.6059	13.0007	Europe/Stockholm	se
Europe	Mannheim	49.4891	8.4669	Europe/Berlin	de
Europe	Mansfield	53.1333	-1.2000	Europe/London	gb
Europe	Marbella	36.5154	-4.8858	Europe/Madrid	es
Europe	Mariupol	47.0951	37.5413	Europe/Kyiv	ua
Europe	Marne La Vallée	48.8358	2.6424	Europe/Paris	fr
Europe	Mataró	41.5421	2.4445	Europe/Madrid	es
Europe	Maykop	44.6079	40.1024	Europe/Moscow	ru
Europe	Mazyr	52.0416	29.2163	Europe/Minsk	by
Europe	Melitopol	46.8473	35.3820	Europe/Kyiv	ua
Europe	Messina	38.1939	15.5526	Europe/Rome	it
Europe	Mestre	45.4917	12.2454	Europe/Rome	it
Europe	Metz	49.1191	6.1727	Europe/Paris	fr
Europe	Mezhdurechensk	53.6899	88.0622	Asia/Novokuznetsk	ru
Europe	Miass	55.0455	60.1076	Asia/Yekaterinburg	ru
Europe	Middlesbrough	54.5762	-1.2348	Europe/London	gb
Europe	Milton Keynes	52.0417	-0.7558	Europe/London	gb
Europe	Miskolc	48.1033	20.7781	Europe/Budapest	hu
Europe	Mitrovicë	42.8833	20.8667	Europe/Belgrade	xk
Europe	Modena	44.6478	10.9254	Europe/Rome	it
Europe	Moers	51.4534	6.6326	Europe/Berlin	de
Europe	Montpellier	43.6109	3.8763	Europe/Paris	fr
Europe	Montreuil	48.8642	2.4432	Europe/Paris	fr
Europe	Monza	45.5800	9.2725	Europe/Rome	it
Europe	Mostar	43.3433	17.8081	Europe/Sarajevo	ba
Europe	Mulhouse	47.7520	7.3287	Europe/Paris	fr
Europe	Murcia	37.9870	-1.1300	Europe/Madrid	es
Europe	Murom	55.5685	42.0239	Europe/Moscow	ru
Europe	Mykolayiv	46.9763	31.9930	Europe/Kyiv	ua
Europe	Mytishchi	55.9110	37.7296	Europe/Moscow	ru
Europe	Málaga	36.7202	-4.4203	Europe/Madrid	es
Europe	Móstoles	40.3223	-3.8650	Europe/Madrid	es
Europe	Mönchengladbach	51.1854	6.4417	Europe/Berlin	de
Europe	Münster	51.9624	7.6257	Europe/Berlin	de
Europe	Naberezhnyye Chelny	55.7372	52.4196	Europe/Moscow	ru
Europe	Nakhodka	42.8436	132.9183	Asia/Vladivostok	ru
Europe	Nalchik	43.4981	43.6189	Europe/Moscow	ru
Europe	Namur	50.4669	4.8675	Europe/Brussels	be
Europe	Nancy	48.6844	6.1850	Europe/Paris	fr
Europe	Nantes	47.2172	-1.5534	Europe/Paris	fr
Europe	Nazran	43.2260	44.7732	Europe/Moscow	ru
Europe	Neftekamsk	56.0888	54.2638	Asia/Yekaterinburg	ru
Europe	Nefteyugansk	61.0998	72.6035	Asia/Yekaterinburg	ru
Europe	Neuss	51.1981	6.6850	Europe/Berlin	de
Europe	Nevinnomyssk	44.6333	41.9444	Europe/Moscow	ru
Europe	Newcastle upon Tyne	54.9733	-1.6140	Europe/London	gb
Europe	Newport	51.5877	-2.9983	Europe/London	gb
Europe	Nice	43.7031	7.2661	Europe/Paris	fr
Europe	Nijmegen	51.8425	5.8528	Europe/Amsterdam	nl
Europe	Nikopol	47.5683	34.3913	Europe/Kyiv	ua
Europe	Nizhnekamsk	55.6379	51.8150	Europe/Moscow	ru
Europe	Nizhnevartovsk	60.9344	76.5531	Asia/Yekaterinburg	ru
Europe	Nizhniy Novgorod	56.3287	44.0020	Europe/Moscow	ru
Europe	Nizhny Tagil	57.9194	59.9650	Asia/Yekaterinburg	ru
Europe	Niš	43.3247	21.9033	Europe/Belgrade	rs
Europe	Noginsk	55.8649	38.4485	Europe/Moscow	ru
Europe	Norilsk	69.3535	88.2027	Asia/Krasnoyarsk	ru
Europe	Northampton	52.2500	-0.8833	Europe/London	gb
Europe	Norwich	52.6278	1.2983	Europe/London	gb
Europe	Nottingham	52.9536	-1.1505	Europe/London	gb
Europe	Novara	45.4469	8.6212	Europe/Rome	it
Europe	Novi Sad	45.2517	19.8369	Europe/Belgrade	rs
Europe	Novocheboksarsk	56.1110	47.4776	Europe/Moscow	ru
Europe	Novocherkassk	47.4222	40.0937	Europe/Moscow	ru
Europe	Novokuybyshevsk	53.0971	49.9400	Europe/Samara	ru
Europe	Novokuznetsk	53.7575	87.1360	Asia/Novokuznetsk	ru
Europe	Novomoskovsk	54.0110	38.2908	Europe/Moscow	ru
Europe	Novorossiysk	44.7319	37.7618	Europe/Moscow	ru
Europe	Novotroitsk	51.2010	58.3132	Asia/Yekaterinburg	ru
Europe	Noyabrsk	63.1931	75.4373	Asia/Yekaterinburg	ru
Europe	Nuremberg	49.4542	11.0775	Europe/Berlin	de
Europe	Nyíregyháza	47.9554	21.7167	Europe/Budapest	hu
Europe	Nîmes	43.8366	4.3579	Europe/Paris	fr
Europe	Oberhausen	51.4781	6.8625	Europe/Berlin	de
Europe	Obninsk	55.1099	36.6124	Europe/Moscow	ru
Europe	Odense	55.3959	10.3883	Europe/Copenhagen	dk
Europe	Odintsovo	55.6698	37.2772	Europe/Moscow	ru
Europe	Offenbach	50.1006	8.7665	Europe/Berlin	de
Europe	Oktyabrsky	54.4815	53.4710	Asia/Yekaterinburg	ru
Europe	Oldenburg	53.1404	8.2148	Europe/Berlin	de
Europe	Oldham	53.5405	-2.1183	Europe/London	gb
Europe	Olsztyn	53.7838	20.4927	Europe/Warsaw	pl
Europe	Omsk	54.9924	73.3686	Asia/Omsk	ru
Europe	Opole	50.6712	17.9260	Europe/Warsaw	pl
Europe	Oradea	47.0458	21.9183	Europe/Bucharest	ro
Europe	Orekhovo-Zuyevo	55.8124	38.9915	Europe/Moscow	ru
Europe	Orenburg	51.7671	55.0988	Asia/Yekaterinburg	ru
Europe	Orihuela	38.0848	-0.9440	Europe/Madrid	es
Europe	Orléans (FR)	47.9025	1.9041	Europe/Paris	fr
Europe	Orsha	54.5136	30.4036	Europe/Minsk	by
Europe	Orsk	51.2321	58.4880	Asia/Yekaterinburg	ru
Europe	Orël	52.9688	36.0791	Europe/Moscow	ru
Europe	Osnabrück	52.2726	8.0498	Europe/Berlin	de
Europe	Ostrava	49.8347	18.2820	Europe/Prague	cz
Europe	Oulu	65.0124	25.4682	Europe/Helsinki	fi
Europe	Ourense	42.3367	-7.8641	Europe/Madrid	es
Europe	Oviedo	43.3603	-5.8448	Europe/Madrid	es
Europe	Oxford	51.7522	-1.2560	Europe/London	gb
Europe	Paderborn	51.7191	8.7544	Europe/Berlin	de
Europe	Padua	45.4080	11.8859	Europe/Rome	it
Europe	Palma	39.5694	2.6502	Europe/Madrid	es
Europe	Pamplona	42.8169	-1.6432	Europe/Madrid	es
Europe	Parma	44.7993	10.3262	Europe/Rome	it
Europe	Pavlohrad	48.5321	35.8688	Europe/Kyiv	ua
Europe	Penza	53.1957	45.0108	Europe/Moscow	ru
Europe	Perm	58.0105	56.2502	Asia/Yekaterinburg	ru
Europe	Perpignan	42.6976	2.8954	Europe/Paris	fr
Europe	Perugia	43.1122	12.3888	Europe/Rome	it
Europe	Pervouralsk	56.9053	59.9436	Asia/Yekaterinburg	ru
Europe	Pescara	42.4584	14.2028	Europe/Rome	it
Europe	Peterborough	52.5736	-0.2478	Europe/London	gb
Europe	Petropavlovsk-Kamchatsky	53.0639	158.6275	Asia/Kamchatka	ru
Europe	Petrozavodsk	61.7849	34.3469	Europe/Moscow	ru
Europe	Pforzheim	48.8844	8.6989	Europe/Berlin	de
Europe	Piacenza	45.0524	9.6934	Europe/Rome	it
Europe	Piatra Neamţ	46.9167	26.3333	Europe/Bucharest	ro
Europe	Pilsen	49.7475	13.3776	Europe/Prague	cz
Europe	Pinsk	52.1215	26.0673	Europe/Minsk	by
Europe	Piraeus	37.9420	23.6462	Europe/Athens	gr
Europe	Pisa	43.7085	10.4036	Europe/Rome	it
Europe	Piteşti	44.8500	24.8667	Europe/Bucharest	ro
Europe	Ploieşti	44.9500	26.0167	Europe/Bucharest	ro
Europe	Plovdiv	42.1539	24.7500	Europe/Sofia	bg
Europe	Plymouth	50.3715	-4.1430	Europe/London	gb
Europe	Podolsk	55.4242	37.5547	Europe/Moscow	ru
Europe	Poltava	49.5892	34.5537	Europe/Kyiv	ua
Europe	Poole	50.7143	-1.9846	Europe/London	gb
Europe	Porto	41.1485	-8.6110	Europe/Lisbon	pt
Europe	Portsmouth	50.7990	-1.0913	Europe/London	gb
Europe	Potsdam	52.3989	13.0657	Europe/Berlin	de
Europe	Prato	43.8805	11.0970	Europe/Rome	it
Europe	Preston	53.7628	-2.7045	Europe/London	gb
Europe	Prizren	42.2139	20.7397	Europe/Belgrade	xk
Europe	Prokop’yevsk	53.9152	86.7189	Asia/Novokuznetsk	ru
Europe	Pskov	57.8192	28.3318	Europe/Moscow	ru
Europe	Pushkino	55.9946	37.8290	Europe/Moscow	ru
Europe	Pyatigorsk	44.0500	43.0504	Europe/Moscow	ru
Europe	Pátra	38.2462	21.7351	Europe/Athens	gr
Europe	Pécs	46.0762	18.2281	Europe/Budapest	hu
Europe	Płock	52.5468	19.7064	Europe/Warsaw	pl
Europe	Radom	51.4025	21.1471	Europe/Warsaw	pl
Europe	Reading	51.4562	-0.9711	Europe/London	gb
Europe	Recklinghausen	51.6138	7.1974	Europe/Berlin	de
Europe	Regensburg	49.0151	12.1016	Europe/Berlin	de
Europe	Reggio Calabria	38.1105	15.6613	Europe/Rome	it
Europe	Reggio nell'Emilia	44.6983	10.6312	Europe/Rome	it
Europe	Reims	49.2653	4.0285	Europe/Paris	fr
Europe	Remscheid	51.1798	7.1925	Europe/Berlin	de
Europe	Rennes	48.1111	-1.6743	Europe/Paris	fr
Europe	Reus	41.1561	1.1069	Europe/Madrid	es
Europe	Reutlingen	48.4914	9.2043	Europe/Berlin	de
Europe	Rijeka	45.3267	14.4424	Europe/Zagreb	hr
Europe	Rimini	44.0575	12.5653	Europe/Rome	it
Europe	Rivne	50.6204	26.2370	Europe/Kyiv	ua
Europe	Rostock	54.0887	12.1405	Europe/Berlin	de
Europe	Rostov-on-Don	47.2200	39.7077	Europe/Moscow	ru
Europe	Rotherham	53.4301	-1.3568	Europe/London	gb
Europe	Rotterdam	51.9225	4.4792	Europe/Amsterdam	nl
Europe	Rouen	49.4431	1.0993	Europe/Paris	fr
Europe	Rubtsovsk	51.5147	81.2061	Asia/Barnaul	ru
Europe	Ruda Śląska	50.2584	18.8563	Europe/Warsaw	pl
Europe	Ruse	43.8487	25.9534	Europe/Sofia	bg
Europe	Ryazan’	54.6270	39.7041	Europe/Moscow	ru
Europe	Rybinsk	58.0456	38.8381	Europe/Moscow	ru
Europe	Rybnik	50.0971	18.5418	Europe/Warsaw	pl
Europe	Rzeszów	50.0413	21.9990	Europe/Warsaw	pl
Europe	Saarbrücken	49.2326	7.0098	Europe/Berlin	de
Europe	Sabadell	41.5433	2.1094	Europe/Madrid	es
Europe	Saint Peters	51.3667	1.4167	Europe/London	gb
Europe	Saint-Quentin-en-Yvelines	48.7719	2.0189	Europe/Paris	fr
Europe	Saint-Étienne	45.4339	4.3900	Europe/Paris	fr
Europe	Salamanca (ES)	40.9688	-5.6639	Europe/Madrid	es
Europe	Salavat	53.3828	55.9109	Asia/Yekaterinburg	ru
Europe	Salerno	40.6754	14.7933	Europe/Rome	it
Europe	Salzburg	47.7994	13.0440	Europe/Vienna	at
Europe	Salzgitter	52.1570	10.4154	Europe/Berlin	de
Europe	Samara	53.2077	50.1355	Europe/Samara	ru
Europe	Santa Cruz de Tenerife	28.4682	-16.2546	Atlantic/Canary	es
Europe	Santander	43.4659	-3.8049	Europe/Madrid	es
Europe	Saransk	54.1848	45.1717	Europe/Moscow	ru
Europe	Saratov	51.5405	45.9901	Europe/Saratov	ru
Europe	Satu Mare	47.7993	22.8625	Europe/Bucharest	ro
Europe	Sergiyev Posad	56.3120	38.1387	Europe/Moscow	ru
Europe	Serpukhov	54.9198	37.4162	Europe/Moscow	ru
Europe	Setúbal	38.5244	-8.8882	Europe/Lisbon	pt
Europe	Sevastopol	44.6080	33.5213	Europe/Simferopol	ua
Europe	Severodvinsk	64.5583	39.8297	Europe/Moscow	ru
Europe	Seversk	56.6006	84.8864	Asia/Tomsk	ru
Europe	Shakhty	47.7192	40.2160	Europe/Moscow	ru
Europe	Shchyolkovo	55.9250	37.9722	Europe/Moscow	ru
Europe	Sheffield	53.3830	-1.4659	Europe/London	gb
Europe	Sibiu	45.8000	24.1500	Europe/Bucharest	ro
Europe	Siegen	50.8748	8.0243	Europe/Berlin	de
Europe	Simferopol	44.9572	34.1108	Europe/Simferopol	ua
Europe	Siracusa	37.0754	15.2866	Europe/Rome	it
Europe	Slough	51.5095	-0.5954	Europe/London	gb
Europe	Slovyansk	48.8497	37.5974	Europe/Kyiv	ua
Europe	Smolensk	54.7783	32.0509	Europe/Moscow	ru
Europe	Sochi	43.5970	39.7248	Europe/Moscow	ru
Europe	Solihull	52.4143	-1.7809	Europe/London	gb
Europe	Solikamsk	59.6669	56.7427	Asia/Yekaterinburg	ru
Europe	Solingen	51.1734	7.0845	Europe/Berlin	de
Europe	Sollentuna	59.4280	17.9509	Europe/Stockholm	se
Europe	Sosnowiec	50.2868	19.1039	Europe/Warsaw	pl
Europe	Southampton	50.9040	-1.4043	Europe/London	gb
Europe	Southend-on-Sea	51.5378	0.7143	Europe/London	gb
Europe	Split	43.5089	16.4392	Europe/Zagreb	hr
Europe	St Helens	53.4500	-2.7333	Europe/London	gb
Europe	Stara Zagora	42.4320	25.6426	Europe/Sofia	bg
Europe	Staryy Oskol	51.3025	37.8461	Europe/Moscow	ru
Europe	Stavanger	58.9701	5.7333	Europe/Oslo	no
Europe	Stavropol	45.0344	41.9642	Europe/Moscow	ru
Europe	Sterlitamak	53.6379	55.9533	Asia/Yekaterinburg	ru
Europe	Stockport	53.4098	-2.1576	Europe/London	gb
Europe	Stoke-on-Trent	53.0042	-2.1854	Europe/London	gb
Europe	Strasbourg	48.5839	7.7455	Europe/Paris	fr
Europe	Stuttgart	48.7823	9.1770	Europe/Berlin	de
Europe	Sumy	50.9174	34.7991	Europe/Kyiv	ua
Europe	Sunderland	54.9046	-1.3822	Europe/London	gb
Europe	Surgut	61.2576	73.4177	Asia/Yekaterinburg	ru
Europe	Sutton	51.3500	-0.2000	Europe/London	gb
Europe	Sutton Coldfield	52.5667	-1.8167	Europe/London	gb
Europe	Swansea	51.6208	-3.9432	Europe/London	gb
Europe	Swindon	51.5580	-1.7812	Europe/London	gb
Europe	Syktyvkar	61.6639	50.8163	Europe/Moscow	ru
Europe	Syzran	53.1585	48.4681	Europe/Samara	ru
Europe	Szczecin	53.4289	14.5530	Europe/Warsaw	pl
Europe	Szeged	46.2530	20.1482	Europe/Budapest	hu
Europe	Székesfehérvár	47.1900	18.4103	Europe/Budapest	hu
Europe	Taganrog	47.2363	38.9053	Europe/Moscow	ru
Europe	Tambov	52.7363	41.4410	Europe/Moscow	ru
Europe	Tampere	61.4991	23.7871	Europe/Helsinki	fi
Europe	Taranto	40.4644	17.2471	Europe/Rome	it
Europe	Targówek	52.2918	21.0484	Europe/Warsaw	pl
Europe	Tarnów	50.0138	20.9870	Europe/Warsaw	pl
Europe	Tarragona	41.1191	1.2454	Europe/Madrid	es
Europe	Telde	27.9924	-15.4192	Atlantic/Canary	es
Europe	Telford	52.6766	-2.4493	Europe/London	gb
Europe	Terni	42.5633	12.6433	Europe/Rome	it
Europe	Ternopil	49.5540	25.5907	Europe/Kyiv	ua
Europe	Terrassa	41.5667	2.0167	Europe/Madrid	es
Europe	The Hague	52.0767	4.2986	Europe/Amsterdam	nl
Europe	Thessaloníki	40.6407	22.9349	Europe/Athens	gr
Europe	Tilburg	51.5555	5.0913	Europe/Amsterdam	nl
Europe	Timişoara	45.7537	21.2257	Europe/Bucharest	ro
Europe	Tiraspol	46.8428	29.6284	Europe/Chisinau	md
Europe	Tobolsk	58.1981	68.2546	Asia/Yekaterinburg	ru
Europe	Tolyatti	53.5303	49.3461	Europe/Samara	ru
Europe	Tomsk	56.5005	84.9822	Asia/Tomsk	ru
Europe	Torrejón de Ardoz	40.4554	-3.4697	Europe/Madrid	es
Europe	Toruń	53.0138	18.5981	Europe/Warsaw	pl
Europe	Toulon	43.1244	5.9284	Europe/Paris	fr
Europe	Toulouse	43.6043	1.4437	Europe/Paris	fr
Europe	Tours	47.3948	0.7040	Europe/Paris	fr
Europe	Trento	46.0679	11.1211	Europe/Rome	it
Europe	Trier	49.7557	6.6394	Europe/Berlin	de
Europe	Trieste	45.6495	13.7768	Europe/Rome	it
Europe	Trondheim	63.4305	10.3951	Europe/Oslo	no
Europe	Tula	54.1961	37.6182	Europe/Moscow	ru
Europe	Turin	45.0705	7.6868	Europe/Rome	it
Europe	Turku	60.4515	22.2687	Europe/Helsinki	fi
Europe	Tuzla	44.5384	18.6671	Europe/Sarajevo	ba
Europe	Tver	56.8584	35.9006	Europe/Moscow	ru
Europe	Tychy	50.1372	18.9664	Europe/Warsaw	pl
Europe	Tyumen	57.1522	65.5272	Asia/Yekaterinburg	ru
Europe	Târgu Mureş	46.5425	24.5575	Europe/Bucharest	ro
Europe	Udine	46.0693	13.2371	Europe/Rome	it
Europe	Ufa	54.7431	55.9678	Asia/Yekaterinburg	ru
Europe	Ukhta	63.5690	53.6914	Europe/Moscow	ru
Europe	Ulan-Ude	51.8265	107.5998	Asia/Irkutsk	ru
Europe	Ulm	48.3984	9.9916	Europe/Berlin	de
Europe	Ulyanovsk	54.3282	48.3866	Europe/Ulyanovsk	ru
Europe	Umeå	63.8284	20.2597	Europe/Stockholm	se
Europe	Uppsala	59.8588	17.6389	Europe/Stockholm	se
Europe	Ursynów	52.1505	21.0504	Europe/Warsaw	pl
Europe	Ussuriysk	43.8047	131.9573	Asia/Vladivostok	ru
Europe	Ust’-Ilimsk	58.0006	102.6619	Asia/Irkutsk	ru
Europe	Utrecht	52.0908	5.1222	Europe/Amsterdam	nl
Europe	Uzhhorod	48.6242	22.2947	Europe/Kyiv	ua
Europe	Valencia (ES)	39.4739	-0.3797	Europe/Madrid	es
Europe	Valladolid	41.6554	-4.7235	Europe/Madrid	es
Europe	Vantaa	60.2941	25.0410	Europe/Helsinki	fi
Europe	Varna	43.2191	27.9102	Europe/Sofia	bg
Europe	Velikiy Novgorod	58.5213	31.2710	Europe/Moscow	ru
Europe	Velikiye Luki	56.3406	30.5438	Europe/Moscow	ru
Europe	Venlo	51.3700	6.1681	Europe/Amsterdam	nl
Europe	Verona	45.4385	10.9938	Europe/Rome	it
Europe	Vicenza	45.5467	11.5475	Europe/Rome	it
Europe	Vigo	42.2328	-8.7226	Europe/Madrid	es
Europe	Vinnytsya	49.2322	28.4687	Europe/Kyiv	ua
Europe	Viseu	40.6617	-7.9090	Europe/Lisbon	pt
Europe	Vitebsk	55.1904	30.2049	Europe/Minsk	by
Europe	Vladikavkaz	43.0410	44.6699	Europe/Moscow	ru
Europe	Vladimir	56.1385	40.3998	Europe/Moscow	ru
Europe	Vlorë	40.4696	19.4838	Europe/Tirane	al
Europe	Volgodonsk	47.5114	42.1527	Europe/Moscow	ru
Europe	Volgograd	48.7138	44.4976	Europe/Volgograd	ru
Europe	Vologda	59.2239	39.8840	Europe/Moscow	ru
Europe	Volzhsky	48.7858	44.7797	Europe/Volgograd	ru
Europe	Voronezh	51.6683	39.1920	Europe/Moscow	ru
Europe	Västerås	59.6162	16.5528	Europe/Stockholm	se
Europe	Wakefield	53.6833	-1.4977	Europe/London	gb
Europe	Walsall	52.5853	-1.9840	Europe/London	gb
Europe	Walthamstow	51.5907	-0.0208	Europe/London	gb
Europe	Warrington	53.3925	-2.5802	Europe/London	gb
Europe	Watford	51.6553	-0.3960	Europe/London	gb
Europe	Wałbrzych	50.7714	16.2843	Europe/Warsaw	pl
Europe	West Bromwich	52.5187	-1.9945	Europe/London	gb
Europe	Wiesbaden	50.0860	8.2444	Europe/Berlin	de
Europe	Wigan	53.5430	-2.6371	Europe/London	gb
Europe	Winterthur	47.5056	8.7241	Europe/Zurich	ch
Europe	Woking	51.3190	-0.5589	Europe/London	gb
Europe	Wolfsburg	52.4245	10.7815	Europe/Berlin	de
Europe	Wolverhampton	52.5855	-2.1230	Europe/London	gb
Europe	Worcester (GB)	52.1893	-2.2200	Europe/London	gb
Europe	Worthing	50.8180	-0.3754	Europe/London	gb
Europe	Wuppertal	51.2563	7.1482	Europe/Berlin	de
Europe	Würzburg	49.7939	9.9512	Europe/Berlin	de
Europe	Włocławek	52.6482	19.0678	Europe/Warsaw	pl
Europe	Yakutsk	62.0311	129.7229	Asia/Yakutsk	ru
Europe	Yaroslavl	57.6299	39.8737	Europe/Moscow	ru
Europe	Yelets	52.6144	38.5093	Europe/Moscow	ru
Europe	Yevpatoriya	45.2009	33.3665	Europe/Simferopol	ua
Europe	York	53.9576	-1.0827	Europe/London	gb
Europe	Yoshkar-Ola	56.6388	47.8908	Europe/Moscow	ru
Europe	Yuzhno-Sakhalinsk	46.9543	142.7356	Asia/Sakhalin	ru
Europe	Zaanstad	52.4531	4.8136	Europe/Amsterdam	nl
Europe	Zabrze	50.3249	18.7858	Europe/Warsaw	pl
Europe	Zaporizhzhya	47.8517	35.1171	Europe/Kyiv	ua
Europe	Zaragoza	41.6561	-0.8773	Europe/Madrid	es
Europe	Zelenograd	55.9825	37.1814	Europe/Moscow	ru
Europe	Zemun	44.8458	20.4012	Europe/Belgrade	rs
Europe	Zenica	44.2017	17.9040	Europe/Sarajevo	ba
Europe	Zheleznodorozhnyy	55.7440	38.0168	Europe/Moscow	ru
Europe	Zhytomyr	50.2623	28.6791	Europe/Kyiv	ua
Europe	Zielona Góra	51.9355	15.5064	Europe/Warsaw	pl
Europe	Zlatoust	55.1718	59.6547	Asia/Yekaterinburg	ru
Europe	Zoetermeer	52.0575	4.4931	Europe/Amsterdam	nl
Europe	Zwolle	52.5125	6.0944	Europe/Amsterdam	nl
Europe	Zürich	47.3667	8.5500	Europe/Zurich	ch
Europe	Århus	56.1567	10.2108	Europe/Copenhagen	dk
Europe	Örebro	59.2741	15.2066	Europe/Stockholm	se
Europe	Čačak	43.8914	20.3497	Europe/Belgrade	rs
Europe	Łódź	51.7706	19.4739	Europe/Warsaw	pl
Middle East	'Ākra	36.7336	43.8804	Asia/Baghdad	iq
Middle East	Abadan	30.3392	48.3043	Asia/Tehran	ir
Middle East	Abha	18.2164	42.5053	Asia/Riyadh	sa
Middle East	Abū Ghurayb	33.3056	44.1848	Asia/Baghdad	iq
Middle East	Abū al-Kahṣīb	30.4431	47.8780	Asia/Baghdad	iq
Middle East	Adana	36.9862	35.3253	Europe/Istanbul	tr
Middle East	Adapazarı	40.7806	30.4033	Europe/Istanbul	tr
Middle East	Aden	12.7796	45.0385	Asia/Aden	ye
Middle East	Adıyaman	37.7644	38.2763	Europe/Istanbul	tr
Middle East	Afyonkarahisar	38.7567	30.5433	Europe/Istanbul	tr
Middle East	Ahar	38.4774	47.0699	Asia/Tehran	ir
Middle East	Ahvaz	31.3190	48.6842	Asia/Tehran	ir
Middle East	Ajman	25.4018	55.4788	Asia/Dubai	ae
Middle East	Aksaray	38.3725	34.0254	Europe/Istanbul	tr
Middle East	Al Ain City	24.1917	55.7606	Asia/Dubai	ae
Middle East	Al Aḩmadī	29.0769	48.0839	Asia/Kuwait	kw
Middle East	Al Bāb	36.3705	37.5157	Asia/Damascus	sy
Middle East	Al Diwaniyah	31.9929	44.9255	Asia/Baghdad	iq
Middle East	Al Fallūjah	33.3491	43.7860	Asia/Baghdad	iq
Middle East	Al Fāw	29.9742	48.4731	Asia/Baghdad	iq
Middle East	Al Hillah	32.4637	44.4196	Asia/Baghdad	iq
Middle East	Al Hindīyah	32.5419	44.2247	Asia/Baghdad	iq
Middle East	Al Hufūf	25.3647	49.5876	Asia/Riyadh	sa
Middle East	Al Jubayl	27.0174	49.6225	Asia/Riyadh	sa
Middle East	Al Kharj	24.1554	47.3346	Asia/Riyadh	sa
Middle East	Al Madīnah	30.9632	47.2700	Asia/Baghdad	iq
Middle East	Al Maḩmūdīyah	33.0622	44.3656	Asia/Baghdad	iq
Middle East	Al Miqdādīyah	33.9786	44.9369	Asia/Baghdad	iq
Middle East	Al Qurnah	31.0155	47.4336	Asia/Baghdad	iq
Middle East	Al Qāmishlī	37.0521	41.2314	Asia/Damascus	sy
Middle East	Al Ḩasakah	36.5024	40.7477	Asia/Damascus	sy
Middle East	Al Ḩudaydah	14.7978	42.9545	Asia/Aden	ye
Middle East	Al ‘Amārah	31.8356	47.1448	Asia/Baghdad	iq
Middle East	Al-Kut	32.5128	45.8182	Asia/Baghdad	iq
Middle East	Al-Musayab	32.7787	44.2901	Asia/Baghdad	iq
Middle East	Alanya	36.5438	31.9998	Europe/Istanbul	tr
Middle East	Aleppo	36.2012	37.1612	Asia/Damascus	sy
Middle East	Aley	33.8053	35.6000	Asia/Beirut	lb
Middle East	Amasya	40.6533	35.8331	Europe/Istanbul	tr
Middle East	An Nu‘mānīyah	32.5562	45.4129	Asia/Baghdad	iq
Middle East	Andīmeshk	32.4615	48.3537	Asia/Tehran	ir
Middle East	Antakya	36.2066	36.1572	Europe/Istanbul	tr
Middle East	Antalya	36.9081	30.6956	Europe/Istanbul	tr
Middle East	Ar Ramthā	32.5587	36.0082	Asia/Amman	jo
Middle East	Ar Raqqah	35.9528	39.0079	Asia/Damascus	sy
Middle East	Ar Rayyān	25.2919	51.4244	Asia/Qatar	qa
Middle East	Arar	30.9753	41.0381	Asia/Riyadh	sa
Middle East	Ardabīl	38.2498	48.2933	Asia/Tehran	ir
Middle East	Arnavutköy	41.1835	28.7402	Europe/Istanbul	tr
Middle East	Arsuz	36.4130	35.8903	Europe/Istanbul	tr
Middle East	Arāk	34.0949	49.6981	Asia/Tehran	ir
Middle East	As Salţ	32.0392	35.7272	Asia/Amman	jo
Middle East	As Samawah	31.3320	45.2944	Asia/Baghdad	iq
Middle East	As Suwayq	23.8494	57.4386	Asia/Muscat	om
Middle East	Ash Sharqāt	35.5172	43.2281	Asia/Baghdad	iq
Middle East	Ash Shaţrah	31.4091	46.1727	Asia/Baghdad	iq
Middle East	Ashdod	31.7921	34.6497	Asia/Jerusalem	il
Middle East	Ashkelon	31.6693	34.5715	Asia/Jerusalem	il
Middle East	Aydın	37.8450	27.8396	Europe/Istanbul	tr
Middle East	Az Zubayr	30.3921	47.7017	Asia/Baghdad	iq
Middle East	Az Zulfī	26.2995	44.8154	Asia/Riyadh	sa
Middle East	Ağrı	39.7147	43.0401	Europe/Istanbul	tr
Middle East	Bahārestān	32.4881	51.7731	Asia/Tehran	ir
Middle East	Balıkesir	39.6492	27.8861	Europe/Istanbul	tr
Middle East	Bandar Abbas	27.1865	56.2808	Asia/Tehran	ir
Middle East	Bandar-e Anzalī	37.4732	49.4579	Asia/Tehran	ir
Middle East	Bandar-e Māhshahr	30.5566	49.1885	Asia/Tehran	ir
Middle East	Bandırma	40.3522	27.9767	Europe/Istanbul	tr
Middle East	Baqubah	33.7540	44.6052	Asia/Baghdad	iq
Middle East	Basrah	30.5085	47.7804	Asia/Baghdad	iq
Middle East	Bat Yam	32.0238	34.7518	Asia/Jerusalem	il
Middle East	Batman	37.8874	41.1322	Europe/Istanbul	tr
Middle East	Bayjī	34.9291	43.4888	Asia/Baghdad	iq
Middle East	Bağcılar	41.0390	28.8567	Europe/Istanbul	tr
Middle East	Başakşehir	41.1060	28.7910	Europe/Istanbul	tr
Middle East	Baḥarkah	36.3156	44.0353	Asia/Baghdad	iq
Middle East	Beersheba	31.2518	34.7913	Asia/Jerusalem	il
Middle East	Behbahān	30.5959	50.2417	Asia/Tehran	ir
Middle East	Bet Shemesh	31.7307	34.9929	Asia/Jerusalem	il
Middle East	Bingöl	38.8847	40.4939	Europe/Istanbul	tr
Middle East	Bojnūrd	37.4747	57.3290	Asia/Tehran	ir
Middle East	Bolu	40.7358	31.6061	Europe/Istanbul	tr
Middle East	Borāzjān	29.2699	51.2188	Asia/Tehran	ir
Middle East	Borūjerd	33.8973	48.7516	Asia/Tehran	ir
Middle East	Buraydah	26.3260	43.9750	Asia/Riyadh	sa
Middle East	Bursa	40.1956	29.0601	Europe/Istanbul	tr
Middle East	Bushehr	28.9689	50.8366	Asia/Tehran	ir
Middle East	Büyükçekmece	41.0207	28.5850	Europe/Istanbul	tr
Middle East	Bābol	36.5510	52.6786	Asia/Tehran	ir
Middle East	Bāneh	35.9975	45.8853	Asia/Tehran	ir
Middle East	Bīrjand	32.8663	59.2211	Asia/Tehran	ir
Middle East	Būkān	36.5210	46.2089	Asia/Tehran	ir
Middle East	Chālūs	36.6550	51.4204	Asia/Tehran	ir
Middle East	Cizre	37.3302	42.1848	Europe/Istanbul	tr
Middle East	Dammam	26.4344	50.1033	Asia/Riyadh	sa
Middle East	Deir ez-Zor	35.3359	40.1408	Asia/Damascus	sy
Middle East	Denizli	37.7742	29.0875	Europe/Istanbul	tr
Middle East	Derince	40.7569	29.8147	Europe/Istanbul	tr
Middle East	Dezful	32.3811	48.4058	Asia/Tehran	ir
Middle East	Dhamār	14.5427	44.4051	Asia/Aden	ye
Middle East	Dihok	36.8661	42.9879	Asia/Baghdad	iq
Middle East	Diyarbakır	37.9136	40.2172	Europe/Istanbul	tr
Middle East	Dorūd	33.4922	49.0616	Asia/Tehran	ir
Middle East	Düzce	40.8389	31.1639	Europe/Istanbul	tr
Middle East	Dūmā	33.5718	36.4027	Asia/Damascus	sy
Middle East	Edirne	41.6772	26.5560	Europe/Istanbul	tr
Middle East	Elazığ	38.6743	39.2232	Europe/Istanbul	tr
Middle East	Erbil	36.1912	44.0094	Asia/Baghdad	iq
Middle East	Ereğli	37.5133	34.0467	Europe/Istanbul	tr
Middle East	Erzincan	39.7392	39.4901	Europe/Istanbul	tr
Middle East	Erzurum	39.9086	41.2769	Europe/Istanbul	tr
Middle East	Esenyurt	41.0270	28.6773	Europe/Istanbul	tr
Middle East	Eskişehir	39.7767	30.5206	Europe/Istanbul	tr
Middle East	Eslamshahr	35.5522	51.2350	Asia/Tehran	ir
Middle East	Fardīs	35.7555	50.9967	Asia/Tehran	ir
Middle East	Fujairah	25.1164	56.3414	Asia/Dubai	ae
Middle East	Gaza	31.5016	34.4667	Asia/Gaza	ps
Middle East	Gaziantep	37.0594	37.3825	Europe/Istanbul	tr
Middle East	Gebze	40.8028	29.4307	Europe/Istanbul	tr
Middle East	Giresun	40.9170	38.3874	Europe/Istanbul	tr
Middle East	Gonbad-e Kāvūs	37.2500	55.1672	Asia/Tehran	ir
Middle East	Gorgān	36.8427	54.4439	Asia/Tehran	ir
Middle East	Gölbaşı	39.7904	32.8090	Europe/Istanbul	tr
Middle East	Ha'il	27.5219	41.6907	Asia/Riyadh	sa
Middle East	Hafar Al-Batin	28.4328	45.9708	Asia/Riyadh	sa
Middle East	Haifa	32.8130	34.9993	Asia/Jerusalem	il
Middle East	Hamadān	34.7992	48.5146	Asia/Tehran	ir
Middle East	Hebron	31.5294	35.0938	Asia/Hebron	ps
Middle East	Homs	34.7240	36.7256	Asia/Damascus	sy
Middle East	Ibb	13.9667	44.1833	Asia/Aden	ye
Middle East	Idlib	35.9306	36.6339	Asia/Damascus	sy
Middle East	Iranshahr	27.2024	60.6848	Asia/Tehran	ir
Middle East	Irbid	32.5556	35.8500	Asia/Amman	jo
Middle East	Isfahan	32.6525	51.6746	Asia/Tehran	ir
Middle East	Isparta	37.7644	30.5522	Europe/Istanbul	tr
Middle East	Iğdır	39.9237	44.0450	Europe/Istanbul	tr
Middle East	Jahrom	28.5000	53.5605	Asia/Tehran	ir
Middle East	Jebel Ali	25.0025	55.1081	Asia/Dubai	ae
Middle East	Jizan	16.8892	42.5511	Asia/Riyadh	sa
Middle East	Jīroft	28.6781	57.7406	Asia/Tehran	ir
Middle East	Kahramanmaraş	37.5847	36.9264	Europe/Istanbul	tr
Middle East	Kamālshahr	35.8619	50.8742	Asia/Tehran	ir
Middle East	Karabük	41.2049	32.6277	Europe/Istanbul	tr
Middle East	Karaj	35.8327	50.9915	Asia/Tehran	ir
Middle East	Karaman	37.1811	33.2150	Europe/Istanbul	tr
Middle East	Karbala	32.6160	44.0249	Asia/Baghdad	iq
Middle East	Kashan	33.9824	51.4277	Asia/Tehran	ir
Middle East	Kastamonu	41.3781	33.7753	Europe/Istanbul	tr
Middle East	Kayseri	38.7322	35.4853	Europe/Istanbul	tr
Middle East	Kelar	34.6281	45.3185	Asia/Baghdad	iq
Middle East	Kerman	30.2832	57.0788	Asia/Tehran	ir
Middle East	Kermanshah	34.3142	47.0650	Asia/Tehran	ir
Middle East	Kfar Saba	32.1750	34.9069	Asia/Jerusalem	il
Middle East	Khamis Mushait	18.3000	42.7333	Asia/Riyadh	sa
Middle East	Khasnahzān	36.2009	44.1424	Asia/Baghdad	iq
Middle East	Khobar	26.2794	50.2083	Asia/Riyadh	sa
Middle East	Khomeynī Shahr	32.6856	51.5361	Asia/Tehran	ir
Middle East	Khorramabad	33.4878	48.3558	Asia/Tehran	ir
Middle East	Khorramshahr	30.4408	48.1843	Asia/Tehran	ir
Middle East	Khuraybat as Sūq	31.8791	35.9210	Asia/Amman	jo
Middle East	Khān Yūnis	31.3402	34.3063	Asia/Gaza	ps
Middle East	Khānaqīn	34.3482	45.3907	Asia/Baghdad	iq
Middle East	Khūy	38.5503	44.9521	Asia/Tehran	ir
Middle East	Kilis	36.7161	37.1150	Europe/Istanbul	tr
Middle East	Kirkuk	35.4681	44.3922	Asia/Baghdad	iq
Middle East	Konya	37.8713	32.4846	Europe/Istanbul	tr
Middle East	Kufa	32.0511	44.4402	Asia/Baghdad	iq
Middle East	Kütahya	39.4242	29.9833	Europe/Istanbul	tr
Middle East	Küçükçekmece	40.9910	28.7712	Europe/Istanbul	tr
Middle East	Kāshmar	35.2383	58.4656	Asia/Tehran	ir
Middle East	Kāzerūn	29.6192	51.6535	Asia/Tehran	ir
Middle East	Kırıkkale	39.8453	33.5064	Europe/Istanbul	tr
Middle East	Kırşehir	39.1458	34.1639	Europe/Istanbul	tr
Middle East	Kızıltepe	37.1884	40.5772	Europe/Istanbul	tr
Middle East	Latakia	35.5312	35.7909	Asia/Damascus	sy
Middle East	Lusail	25.4175	51.5075	Asia/Qatar	qa
Middle East	Lāhījān	37.2042	50.0092	Asia/Tehran	ir
Middle East	Madinah	24.4686	39.6142	Asia/Riyadh	sa
Middle East	Madīnat Ḩamad	26.1153	50.5069	Asia/Bahrain	bh
Middle East	Mahābād	36.7631	45.7222	Asia/Tehran	ir
Middle East	Makkah	21.4266	39.8256	Asia/Riyadh	sa
Middle East	Malatya	38.3502	38.3167	Europe/Istanbul	tr
Middle East	Maltepe	40.9357	29.1551	Europe/Istanbul	tr
Middle East	Malāyer	34.3016	48.8217	Asia/Tehran	ir
Middle East	Manisa	38.6120	27.4265	Europe/Istanbul	tr
Middle East	Marand	38.4329	45.7749	Asia/Tehran	ir
Middle East	Mardin	37.3131	40.7436	Europe/Istanbul	tr
Middle East	Marvdasht	29.8741	52.8026	Asia/Tehran	ir
Middle East	Marāgheh	37.3921	46.2391	Asia/Tehran	ir
Middle East	Marāgheh (IR)	35.8292	59.6332	Asia/Tehran	ir
Middle East	Marīvān	35.5183	46.1830	Asia/Tehran	ir
Middle East	Masjed Soleymān	31.9364	49.3039	Asia/Tehran	ir
Middle East	Mersin	36.8120	34.6389	Europe/Istanbul	tr
Middle East	Mosul	36.3350	43.1189	Asia/Baghdad	iq
Middle East	Moḩammad Shahr	35.7630	50.9171	Asia/Tehran	ir
Middle East	Mukalla	14.5425	49.1242	Asia/Aden	ye
Middle East	Muratpaşa	36.8916	30.7650	Europe/Istanbul	tr
Middle East	Musaffah	24.3589	54.4827	Asia/Dubai	ae
Middle East	Mustafakemalpaşa	40.0382	28.4087	Europe/Istanbul	tr
Middle East	Mīāndoāb	36.9667	46.1096	Asia/Tehran	ir
Middle East	Mīāneh	37.4210	47.7150	Asia/Tehran	ir
Middle East	Nabatîyé et Tahta	33.3789	35.4839	Asia/Beirut	lb
Middle East	Nablus	32.2211	35.2544	Asia/Hebron	ps
Middle East	Najaf	32.0259	44.3462	Asia/Baghdad	iq
Middle East	Najafābād	32.6346	51.3653	Asia/Tehran	ir
Middle East	Najrān	17.4933	44.1277	Asia/Riyadh	sa
Middle East	Nasimshahr	35.5653	51.1583	Asia/Tehran	ir
Middle East	Nasiriyah	31.0580	46.2573	Asia/Baghdad	iq
Middle East	Nazilli	37.9163	28.3223	Europe/Istanbul	tr
Middle East	Naz̧arābād	35.9541	50.6061	Asia/Tehran	ir
Middle East	Netanya	32.3329	34.8599	Asia/Jerusalem	il
Middle East	Neyshābūr	36.2133	58.7957	Asia/Tehran	ir
Middle East	Nilüfer	40.2140	28.9157	Europe/Istanbul	tr
Middle East	Nāḩiyat al Iskandarīyah	32.8873	44.3462	Asia/Baghdad	iq
Middle East	Ordu	40.9778	37.8905	Europe/Istanbul	tr
Middle East	Orūmīyeh	37.5527	45.0761	Asia/Tehran	ir
Middle East	Osmaniye	37.0742	36.2478	Europe/Istanbul	tr
Middle East	Pardīs	35.7469	51.8122	Asia/Tehran	ir
Middle East	Petaẖ Tiqva	32.0871	34.8875	Asia/Jerusalem	il
Middle East	Piranshahr	36.7010	45.1413	Asia/Tehran	ir
Middle East	Pākdasht	35.4785	51.6834	Asia/Tehran	ir
Middle East	Pārsābād	39.6482	47.9174	Asia/Tehran	ir
Middle East	Qal‘at Sukkar	31.8632	46.0732	Asia/Baghdad	iq
Middle East	Qarchak	35.4287	51.5776	Asia/Tehran	ir
Middle East	Qazvin	36.2688	50.0041	Asia/Tehran	ir
Middle East	Qeładizê	36.1825	45.1302	Asia/Baghdad	iq
Middle East	Qods	35.7214	51.1090	Asia/Tehran	ir
Middle East	Qom	34.6401	50.8764	Asia/Tehran	ir
Middle East	Qurayyat	31.3318	37.3428	Asia/Riyadh	sa
Middle East	Qā’em Shahr	36.4667	52.8676	Asia/Tehran	ir
Middle East	Qūchān	37.1060	58.5095	Asia/Tehran	ir
Middle East	Rafaḩ	31.2972	34.2436	Asia/Gaza	ps
Middle East	Rafsanjān	30.4067	55.9939	Asia/Tehran	ir
Middle East	Ramadi	33.4206	43.3078	Asia/Baghdad	iq
Middle East	Ras Al Khaimah	25.7895	55.9432	Asia/Dubai	ae
Middle East	Rasht	37.2761	49.5886	Asia/Tehran	ir
Middle East	Reẖovot	31.8942	34.8120	Asia/Jerusalem	il
Middle East	Rishon LeTsiyyon	31.9710	34.7894	Asia/Jerusalem	il
Middle East	Rize	41.0208	40.5219	Europe/Istanbul	tr
Middle East	Robāţ Karīm	35.4846	51.0829	Asia/Tehran	ir
Middle East	Russeifa	32.0178	36.0464	Asia/Amman	jo
Middle East	Rustaq	23.3908	57.4244	Asia/Muscat	om
Middle East	Rānyah	36.2551	44.8824	Asia/Baghdad	iq
Middle East	Sabzevar	36.2126	57.6819	Asia/Tehran	ir
Middle East	Sadr City	33.3889	44.4583	Asia/Baghdad	iq
Middle East	Sakakah	29.9697	40.2064	Asia/Riyadh	sa
Middle East	Salihli	38.4826	28.1477	Europe/Istanbul	tr
Middle East	Samandağ	36.0801	35.9760	Europe/Istanbul	tr
Middle East	Samsun	41.2798	36.3361	Europe/Istanbul	tr
Middle East	Sanandaj	35.3150	46.9988	Asia/Tehran	ir
Middle East	Sancaktepe	41.0024	29.2319	Europe/Istanbul	tr
Middle East	Saqqez	36.2499	46.2735	Asia/Tehran	ir
Middle East	Sari	36.5633	53.0601	Asia/Tehran	ir
Middle East	Seeb	23.6703	58.1891	Asia/Muscat	om
Middle East	Semnan	35.5769	53.3920	Asia/Tehran	ir
Middle East	Shahr-e Kord	32.3261	50.8572	Asia/Tehran	ir
Middle East	Shahr-e Ṣadrā	29.7997	52.5022	Asia/Tehran	ir
Middle East	Shahreẕā	32.0088	51.8641	Asia/Tehran	ir
Middle East	Shahrud	36.4182	54.9763	Asia/Tehran	ir
Middle East	Shahrīār	35.6588	51.0577	Asia/Tehran	ir
Middle East	Sharjah	25.3342	55.4122	Asia/Dubai	ae
Middle East	Shiraz	29.6103	52.5311	Asia/Tehran	ir
Middle East	Shāhīn Shahr	32.8579	51.5529	Asia/Tehran	ir
Middle East	Shūshtar	32.0497	48.8484	Asia/Tehran	ir
Middle East	Sidon	33.5575	35.3715	Asia/Beirut	lb
Middle East	Siirt	37.9293	41.9413	Europe/Istanbul	tr
Middle East	Silifke	36.3778	33.9344	Europe/Istanbul	tr
Middle East	Silopi	37.2438	42.4635	Europe/Istanbul	tr
Middle East	Sirjan	29.4514	55.6809	Asia/Tehran	ir
Middle East	Sivas	39.7483	37.0161	Europe/Istanbul	tr
Middle East	Siverek	37.7550	39.3167	Europe/Istanbul	tr
Middle East	Sohar	24.3474	56.7094	Asia/Muscat	om
Middle East	Sulaymaniyah	35.5650	45.4329	Asia/Baghdad	iq
Middle East	Sultangazi	41.1065	28.8685	Europe/Istanbul	tr
Middle East	Sumayl	36.8582	42.8482	Asia/Baghdad	iq
Middle East	Suruç	36.9761	38.4253	Europe/Istanbul	tr
Middle East	Sāmarrā’	34.1959	43.8857	Asia/Baghdad	iq
Middle East	Sāveh	35.0213	50.3566	Asia/Tehran	ir
Middle East	Sīnah	36.8085	43.0393	Asia/Baghdad	iq
Middle East	Tabuk	28.3998	36.5715	Asia/Riyadh	sa
Middle East	Taiz	13.5795	44.0209	Asia/Aden	ye
Middle East	Tarsus	36.9177	34.8928	Europe/Istanbul	tr
Middle East	Ta’if	21.2703	40.4158	Asia/Riyadh	sa
Middle East	Tekirdağ	40.9781	27.5110	Europe/Istanbul	tr
Middle East	Tel Aviv	32.0809	34.7806	Asia/Jerusalem	il
Middle East	Tokat	40.3139	36.5544	Europe/Istanbul	tr
Middle East	Torbat-e Ḩeydarīyeh	35.2740	59.2195	Asia/Tehran	ir
Middle East	Trabzon	41.0050	39.7269	Europe/Istanbul	tr
Middle East	Tripoli (LB)	34.4335	35.8441	Asia/Beirut	lb
Middle East	Turgutlu	38.4953	27.6997	Europe/Istanbul	tr
Middle East	Turhal	40.3875	36.0811	Europe/Istanbul	tr
Middle East	Tyre	33.2733	35.1939	Asia/Beirut	lb
Middle East	Umm Qaşr	30.0362	47.9195	Asia/Baghdad	iq
Middle East	Umraniye	41.0164	29.1248	Europe/Istanbul	tr
Middle East	Unaizah	26.1000	44.0000	Asia/Riyadh	sa
Middle East	Uşak	38.6735	29.4058	Europe/Istanbul	tr
Middle East	Van	38.4946	43.3832	Europe/Istanbul	tr
Middle East	Varāmīn	35.3242	51.6457	Asia/Tehran	ir
Middle East	Viranşehir	37.2235	39.7552	Europe/Istanbul	tr
Middle East	Warīsān	25.1674	55.4071	Asia/Dubai	ae
Middle East	Wādī as Sīr	31.9545	35.8183	Asia/Amman	jo
Middle East	Yanbu	24.0895	38.0618	Asia/Riyadh	sa
Middle East	Yazd	31.8972	54.3675	Asia/Tehran	ir
Middle East	Zahedan	29.4963	60.8629	Asia/Tehran	ir
Middle East	Zanjan	36.6764	48.4963	Asia/Tehran	ir
Middle East	Zarqa	32.0727	36.0880	Asia/Amman	jo
Middle East	Zonguldak	41.4514	31.7931	Europe/Istanbul	tr
Middle East	Zābol	31.0306	61.4949	Asia/Tehran	ir
Middle East	Çanakkale	40.1555	26.4127	Europe/Istanbul	tr
Middle East	Çiğli	38.4965	27.0703	Europe/Istanbul	tr
Middle East	Çorlu	41.1607	27.8009	Europe/Istanbul	tr
Middle East	Çorum	40.5489	34.9533	Europe/Istanbul	tr
Middle East	Āmol	36.4696	52.3507	Asia/Tehran	ir
Middle East	Īlām	33.6374	46.4227	Asia/Tehran	ir
Middle East	Īz̄eh	31.8303	49.8676	Asia/Tehran	ir
Middle East	İnegol	40.0781	29.5133	Europe/Istanbul	tr
Middle East	İskenderun	36.5872	36.1735	Europe/Istanbul	tr
Middle East	İzmit	40.7650	29.9293	Europe/Istanbul	tr
Middle East	Şabyā	17.1495	42.6254	Asia/Riyadh	sa
Middle East	Şabāḩ as Sālim	29.2572	48.0572	Asia/Kuwait	kw
Middle East	Şalālah	17.0150	54.0924	Asia/Muscat	om
Middle East	Şanlıurfa	37.1671	38.7939	Europe/Istanbul	tr
Middle East	Şaḩam	24.1722	56.8886	Asia/Muscat	om
Middle East	Şişli	41.0605	28.9872	Europe/Istanbul	tr
Middle East	Ţarţūs	34.8890	35.8866	Asia/Damascus	sy
Middle East	Ţūz Khūrmātū	34.8881	44.6326	Asia/Baghdad	iq
Middle East	Ḩamāh	35.1318	36.7578	Asia/Damascus	sy
Middle East	Ṣuwayliḥ	32.0221	35.8439	Asia/Amman	jo
Middle East	‘Ajlūn	32.3333	35.7528	Asia/Amman	jo
Middle East	‘Ibrī	23.2257	56.5157	Asia/Muscat	om
North America	Abbotsford	49.0580	-122.2526	America/Vancouver	ca
North America	Abilene	32.4487	-99.7331	America/Chicago	us
North America	Acapulco de Juárez	16.8494	-99.9089	America/Mexico_City	mx
North America	Aguascalientes	21.8826	-102.2843	America/Mexico_City	mx
North America	Ajax	43.8501	-79.0329	America/Toronto	ca
North America	Akron	41.0814	-81.5190	America/New_York	us
North America	Albany	42.6526	-73.7562	America/New_York	us
North America	Albuquerque	35.0845	-106.6511	America/Denver	us
North America	Alexandria (US)	38.8048	-77.0469	America/New_York	us
North America	Allentown	40.6084	-75.4902	America/New_York	us
North America	Amarillo	35.2220	-101.8313	America/Chicago	us
North America	Amherst	42.9784	-78.7998	America/New_York	us
North America	Anaheim	33.8353	-117.9145	America/Los_Angeles	us
North America	Ann Arbor	42.2776	-83.7409	America/Detroit	us
North America	Antioch	38.0049	-121.8058	America/Los_Angeles	us
North America	Apatzingán	19.0886	-102.3570	America/Mexico_City	mx
North America	Apopa	13.8072	-89.1792	America/El_Salvador	sv
North America	Arcahaie	18.7702	-72.5123	America/Port-au-Prince	ht
North America	Arlington	32.7357	-97.1081	America/Chicago	us
North America	Arlington (US)	38.8810	-77.1043	America/New_York	us
North America	Arroyo Naranjo	23.0381	-82.3770	America/Havana	cu
North America	Athens (US)	33.9609	-83.3779	America/New_York	us
North America	Atlanta	33.7490	-84.3880	America/New_York	us
North America	Aurora	39.7294	-104.8319	America/Denver	us
North America	Aurora (US)	41.7606	-88.3201	America/Chicago	us
North America	Austin	30.2672	-97.7431	America/Chicago	us
North America	Azcapotzalco	19.4870	-99.1859	America/Mexico_City	mx
North America	Bakersfield	35.3733	-119.0187	America/Los_Angeles	us
North America	Baltimore	39.2904	-76.6122	America/New_York	us
North America	Barrie	44.4001	-79.6663	America/Toronto	ca
North America	Baton Rouge	30.4433	-91.1875	America/Chicago	us
North America	Bayamo	20.3737	-76.6427	America/Havana	cu
North America	Bayamón	18.3986	-66.1557	America/Puerto_Rico	pr
North America	Beaumont	30.0861	-94.1018	America/Chicago	us
North America	Bellevue	47.6104	-122.2007	America/Los_Angeles	us
North America	Berkeley	37.8716	-122.2728	America/Los_Angeles	us
North America	Billings	45.7833	-108.5007	America/Denver	us
North America	Birmingham (US)	33.5207	-86.8025	America/Chicago	us
North America	Boise	43.6135	-116.2035	America/Boise	us
North America	Boston	42.3584	-71.0598	America/New_York	us
North America	Boulder	40.0150	-105.2706	America/Denver	us
North America	Brampton	43.6834	-79.7663	America/Toronto	ca
North America	Brandon	27.9378	-82.2859	America/New_York	us
North America	Brantford	43.1334	-80.2664	America/Toronto	ca
North America	Bridgeport	41.1792	-73.1894	America/New_York	us
North America	Broken Arrow	36.0526	-95.7908	America/Chicago	us
North America	Brooklyn	40.6501	-73.9496	America/New_York	us
North America	Buffalo	42.8865	-78.8784	America/New_York	us
North America	Burlington	43.3862	-79.8371	America/Toronto	ca
North America	Burnaby	49.2664	-122.9526	America/Vancouver	ca
North America	Cabo San Lucas	22.8909	-109.9124	America/Mazatlan	mx
North America	Camagüey	21.3808	-77.9169	America/Havana	cu
North America	Cambridge (CA)	43.3601	-80.3127	America/Toronto	ca
North America	Campeche	19.8407	-90.5168	America/Merida	mx
North America	Cap-Haïtien	19.7594	-72.1981	America/Port-au-Prince	ht
North America	Cape Coral	26.5629	-81.9495	America/New_York	us
North America	Carolina	18.3808	-65.9574	America/Puerto_Rico	pr
North America	Carrefour	18.5333	-72.4000	America/Port-au-Prince	ht
North America	Carrollton	32.9537	-96.8903	America/Chicago	us
North America	Cary	35.7915	-78.7811	America/New_York	us
North America	Catacamas	14.8511	-85.8941	America/Tegucigalpa	hn
North America	Cedar Rapids	42.0083	-91.6441	America/Chicago	us
North America	Celaya	20.5218	-100.8140	America/Mexico_City	mx
North America	Centennial	39.5792	-104.8769	America/Denver	us
North America	Chalco	19.2617	-98.8978	America/Mexico_City	mx
North America	Chandler	33.3062	-111.8413	America/Phoenix	us
North America	Charleston	32.7763	-79.9327	America/New_York	us
North America	Charlotte	35.2271	-80.8431	America/New_York	us
North America	Chattanooga	35.0456	-85.3097	America/New_York	us
North America	Chetumal	18.5196	-88.3040	America/Cancun	mx
North America	Chichicastenango	14.9433	-91.1112	America/Guatemala	gt
North America	Chico	39.7285	-121.8375	America/Los_Angeles	us
North America	Chicoloapan	19.4169	-98.9020	America/Mexico_City	mx
North America	Chihuahua	28.6353	-106.0889	America/Chihuahua	mx
North America	Chilliwack	49.1664	-121.9526	America/Vancouver	ca
North America	Chilpancingo	17.5523	-99.5012	America/Mexico_City	mx
North America	Chinandega	12.6295	-87.1313	America/Managua	ni
North America	Chinautla	14.7029	-90.4998	America/Guatemala	gt
North America	Chiquimula	14.8009	-89.5464	America/Guatemala	gt
North America	Choloma	15.6144	-87.9530	America/Tegucigalpa	hn
North America	Cholula	19.0641	-98.3035	America/Mexico_City	mx
North America	Chula Vista	32.6401	-117.0842	America/Los_Angeles	us
North America	Ciego de Ávila	21.8422	-78.7603	America/Havana	cu
North America	Cienfuegos	22.1468	-80.4481	America/Havana	cu
North America	Cincinnati	39.1271	-84.5144	America/New_York	us
North America	Ciudad Acuña	29.3232	-100.9522	America/Matamoros	mx
North America	Ciudad Apodaca	25.7814	-100.1891	America/Monterrey	mx
North America	Ciudad Benito Juárez	25.6466	-100.0914	America/Monterrey	mx
North America	Ciudad Delicias	28.1901	-105.4701	America/Chihuahua	mx
North America	Ciudad General Escobedo	25.7966	-100.3177	America/Monterrey	mx
North America	Ciudad Guzmán	19.7041	-103.4638	America/Mexico_City	mx
North America	Ciudad Juárez	31.7202	-106.4608	America/Ciudad_Juarez	mx
North America	Ciudad Lázaro Cárdenas	17.9626	-102.1989	America/Mexico_City	mx
North America	Ciudad López Mateos	19.5579	-99.2567	America/Mexico_City	mx
North America	Ciudad Obregón	27.4864	-109.9408	America/Hermosillo	mx
North America	Ciudad Valles	21.9963	-99.0109	America/Mexico_City	mx
North America	Ciudad Victoria	23.7406	-99.1436	America/Monterrey	mx
North America	Ciudad del Carmen	18.6459	-91.8299	America/Merida	mx
North America	Clarksville	36.5298	-87.3594	America/Chicago	us
North America	Clearwater	27.9658	-82.8001	America/New_York	us
North America	Cleveland	41.4995	-81.6954	America/New_York	us
North America	Clovis	36.8252	-119.7029	America/Los_Angeles	us
North America	Coatepeque	14.7041	-91.8643	America/Guatemala	gt
North America	Coatzacoalcos	18.1490	-94.4447	America/Mexico_City	mx
North America	Cobán	15.4703	-90.3745	America/Guatemala	gt
North America	Colima	19.2447	-103.7127	America/Mexico_City	mx
North America	College Station	30.6280	-96.3344	America/Chicago	us
North America	Colorado Springs	38.8339	-104.8214	America/Denver	us
North America	Columbia	34.0007	-81.0348	America/New_York	us
North America	Columbia (US)	38.9517	-92.3341	America/Chicago	us
North America	Columbus	39.9612	-82.9988	America/New_York	us
North America	Columbus (US)	32.4610	-84.9877	America/New_York	us
North America	Comitán	16.2400	-92.1367	America/Merida	mx
North America	Concord	37.9780	-122.0311	America/Los_Angeles	us
North America	Coquitlam	49.2846	-122.7822	America/Vancouver	ca
North America	Coral Springs	26.2712	-80.2706	America/New_York	us
North America	Corona	33.8753	-117.5664	America/Los_Angeles	us
North America	Corpus Christi	27.8006	-97.3964	America/Chicago	us
North America	Costa Mesa	33.6411	-117.9187	America/Los_Angeles	us
North America	Coyoacán	19.3467	-99.1617	America/Mexico_City	mx
North America	Croix-des-Bouquets	18.5768	-72.2262	America/Port-au-Prince	ht
North America	Cuauhtémoc	28.4063	-106.8667	America/Chihuahua	mx
North America	Cuautitlán Izcalli	19.6439	-99.2160	America/Mexico_City	mx
North America	Cuautla	18.8106	-98.9352	America/Mexico_City	mx
North America	Cuernavaca	18.9261	-99.2308	America/Mexico_City	mx
North America	Culiacán	24.8021	-107.3942	America/Mazatlan	mx
North America	Cypress	29.9691	-95.6972	America/Chicago	us
North America	Córdoba (MX)	18.8842	-96.9256	America/Mexico_City	mx
North America	Dallas	32.7831	-96.8067	America/Chicago	us
North America	Daly City	37.7058	-122.4619	America/Los_Angeles	us
North America	Danlí	14.0333	-86.5833	America/Tegucigalpa	hn
North America	Davenport	41.5236	-90.5776	America/Chicago	us
North America	Davie	26.0629	-80.2331	America/New_York	us
North America	Dayton	39.7589	-84.1916	America/New_York	us
North America	Delegación Cuajimalpa de Morelos	19.3692	-99.2909	America/Mexico_City	mx
North America	Delta	49.0892	-123.0532	America/Vancouver	ca
North America	Denton	33.2148	-97.1331	America/Chicago	us
North America	Des Moines	41.6005	-93.6091	America/Chicago	us
North America	Dessalines	19.2618	-72.5161	America/Port-au-Prince	ht
North America	Detroit	42.3314	-83.0457	America/Detroit	us
North America	Downey	33.9400	-118.1326	America/Los_Angeles	us
North America	Durham	35.9940	-78.8986	America/New_York	us
North America	East Hampton	37.0374	-76.3316	America/New_York	us
North America	East Los Angeles	34.0239	-118.1720	America/Los_Angeles	us
North America	Ecatepec de Morelos	19.6049	-99.0606	America/Mexico_City	mx
North America	Edison	40.5187	-74.4121	America/New_York	us
North America	Edmonton	53.5501	-113.4687	America/Edmonton	ca
North America	El Cajon	32.7948	-116.9625	America/Los_Angeles	us
North America	El Monte	34.0686	-118.0276	America/Los_Angeles	us
North America	El Progreso	15.4000	-87.8000	America/Tegucigalpa	hn
North America	Elgin	42.0373	-88.2812	America/Chicago	us
North America	Elizabeth	40.6640	-74.2107	America/New_York	us
North America	Elk Grove	38.4088	-121.3716	America/Los_Angeles	us
North America	Ensenada	31.8715	-116.6007	America/Tijuana	mx
North America	Enterprise	36.0252	-115.2419	America/Los_Angeles	us
North America	Escondido	33.1192	-117.0864	America/Los_Angeles	us
North America	Escuintla	14.3010	-90.7882	America/Guatemala	gt
North America	Etobicoke	43.6442	-79.5699	America/Toronto	ca
North America	Eugene	44.0521	-123.0867	America/Los_Angeles	us
North America	Evansville	37.9748	-87.5559	America/Chicago	us
North America	Everett	47.9790	-122.2021	America/Los_Angeles	us
North America	Fairfield	38.2494	-122.0400	America/Los_Angeles	us
North America	Fargo	46.8772	-96.7898	America/Chicago	us
North America	Fayetteville	35.0527	-78.8784	America/New_York	us
North America	Fontana	34.0922	-117.4351	America/Los_Angeles	us
North America	Fort Collins	40.5853	-105.0844	America/Denver	us
North America	Fort Lauderdale	26.1223	-80.1434	America/New_York	us
North America	Fort Wayne	41.1306	-85.1289	America/Indiana/Indianapolis	us
North America	Fort Worth	32.7254	-97.3208	America/Chicago	us
North America	Fremont	37.5483	-121.9886	America/Los_Angeles	us
North America	Fresnillo	23.1749	-102.8679	America/Mexico_City	mx
North America	Fresno	36.7477	-119.7724	America/Los_Angeles	us
North America	Frisco	33.1507	-96.8236	America/Chicago	us
North America	Gainesville	29.6516	-82.3248	America/New_York	us
North America	Garden Grove	33.7739	-117.9415	America/Los_Angeles	us
North America	Garland	32.9126	-96.6389	America/Chicago	us
North America	Gatineau	45.4772	-75.7016	America/Toronto	ca
North America	Glendale	33.5386	-112.1860	America/Phoenix	us
North America	Glendale (US)	34.1425	-118.2551	America/Los_Angeles	us
North America	Gloucester	45.3500	-75.6333	America/Toronto	ca
North America	Grand Prairie	32.7460	-96.9978	America/Chicago	us
North America	Grand Rapids	42.9634	-85.6681	America/Detroit	us
North America	Greater Sudbury	46.4900	-80.9900	America/Toronto	ca
North America	Greeley	40.4233	-104.7091	America/Denver	us
North America	Green Bay	44.5192	-88.0198	America/Chicago	us
North America	Greensboro	36.0726	-79.7920	America/New_York	us
North America	Gresham	45.4982	-122.4315	America/Los_Angeles	us
North America	Guadalupe	25.6766	-100.2591	America/Monterrey	mx
North America	Guadalupe (MX)	22.7468	-102.5188	America/Mexico_City	mx
North America	Guanabacoa	23.1252	-82.3007	America/Havana	cu
North America	Guantánamo	20.1444	-75.2092	America/Havana	cu
North America	Guelph	43.5459	-80.2560	America/Toronto	ca
North America	Gustavo Adolfo Madero	19.4939	-99.1107	America/Mexico_City	mx
North America	Gómez Palacio	25.5687	-103.4996	America/Monterrey	mx
North America	Halifax	44.6427	-63.5769	America/Halifax	ca
North America	Hamilton	43.2501	-79.8496	America/Toronto	ca
North America	Hartford	41.7637	-72.6851	America/New_York	us
North America	Hayward	37.6688	-122.0808	America/Los_Angeles	us
North America	Henderson	36.0397	-114.9819	America/Los_Angeles	us
North America	Hermosillo	29.0887	-110.9668	America/Hermosillo	mx
North America	Heroica Guaymas	27.9199	-110.8989	America/Hermosillo	mx
North America	Heroica Matamoros	25.8797	-97.5042	America/Matamoros	mx
North America	Hialeah	25.8576	-80.2781	America/New_York	us
North America	Hidalgo del Parral	26.9299	-105.6662	America/Chihuahua	mx
North America	High Point	35.9557	-80.0053	America/New_York	us
North America	Hillsboro	45.5229	-122.9898	America/Los_Angeles	us
North America	Holguín	20.8872	-76.2631	America/Havana	cu
North America	Hollywood	26.0112	-80.1495	America/New_York	us
North America	Huixquilucan	19.3599	-99.3502	America/Mexico_City	mx
North America	Huntington Beach	33.6603	-117.9992	America/Los_Angeles	us
North America	Huntsville	34.7304	-86.5859	America/Chicago	us
North America	Iguala de la Independencia	18.3454	-99.5413	America/Mexico_City	mx
North America	Independence	39.0911	-94.4155	America/Chicago	us
North America	Indianapolis	39.7684	-86.1580	America/Indiana/Indianapolis	us
North America	Inglewood	33.9617	-118.3531	America/Los_Angeles	us
North America	Irapuato	20.6710	-101.3558	America/Mexico_City	mx
North America	Irvine	33.6695	-117.8231	America/Los_Angeles	us
North America	Irving	32.8140	-96.9489	America/Chicago	us
North America	Ixtapaluca	19.3156	-98.8828	America/Mexico_City	mx
North America	Iztapalapa	19.3553	-99.0622	America/Mexico_City	mx
North America	Jackson	32.2988	-90.1848	America/Chicago	us
North America	Jacksonville	30.3322	-81.6556	America/New_York	us
North America	Jacmel	18.2357	-72.5369	America/Port-au-Prince	ht
North America	Jalapa	14.6354	-89.9911	America/Guatemala	gt
North America	Jersey City	40.7282	-74.0776	America/New_York	us
North America	Jiutepec	18.8814	-99.1778	America/Mexico_City	mx
North America	Joliet	41.5252	-88.0834	America/Chicago	us
North America	Jutiapa	14.2849	-89.8880	America/Guatemala	gt
North America	Kamloops	50.6665	-120.3192	America/Vancouver	ca
North America	Kansas City	39.0997	-94.5786	America/Chicago	us
North America	Kelowna	49.8831	-119.4857	America/Vancouver	ca
North America	Kent	47.3809	-122.2348	America/Los_Angeles	us
North America	Killeen	31.1171	-97.7278	America/Chicago	us
North America	Kingston (CA)	44.2298	-76.4810	America/Toronto	ca
North America	Kitchener	43.4254	-80.5112	America/Toronto	ca
North America	Knoxville	35.9606	-83.9207	America/New_York	us
North America	La Ceiba	15.7597	-86.7822	America/Tegucigalpa	hn
North America	La Paz (MX)	24.1423	-110.3132	America/Mazatlan	mx
North America	La Romana	18.4233	-68.9664	America/Santo_Domingo	do
North America	La Vega	19.2203	-70.5310	America/Santo_Domingo	do
North America	Lafayette	30.2241	-92.0198	America/Chicago	us
North America	Lakeland	28.0395	-81.9498	America/New_York	us
North America	Lakewood	39.7047	-105.0814	America/Denver	us
North America	Lancaster	34.6980	-118.1367	America/Los_Angeles	us
North America	Langley	49.1011	-122.6588	America/Vancouver	ca
North America	Lansing	42.7325	-84.5555	America/Detroit	us
North America	Las Cruces	32.3123	-106.7783	America/Denver	us
North America	Las Tunas	20.9613	-76.9519	America/Havana	cu
North America	Las Vegas	36.1750	-115.1372	America/Los_Angeles	us
North America	Laval	45.5699	-73.6920	America/Toronto	ca
North America	Les Cayes	18.1920	-73.7495	America/Port-au-Prince	ht
North America	Lethbridge	49.7000	-112.8186	America/Edmonton	ca
North America	Lewisville	33.0462	-96.9942	America/Chicago	us
North America	Lexington	37.9887	-84.4777	America/New_York	us
North America	Lexington-Fayette	38.0498	-84.4586	America/New_York	us
North America	León	12.4353	-86.8786	America/Managua	ni
North America	León de los Aldama	21.1218	-101.6825	America/Mexico_City	mx
North America	Lincoln	40.8000	-96.6670	America/Chicago	us
North America	Little Rock	34.7465	-92.2896	America/Chicago	us
North America	London (CA)	42.9834	-81.2330	America/Toronto	ca
North America	Long Beach	33.7670	-118.1892	America/Los_Angeles	us
North America	Longueuil	45.5152	-73.4682	America/Toronto	ca
North America	Los Mochis	25.7910	-108.9982	America/Mazatlan	mx
North America	Louisville	38.2542	-85.7594	America/Kentucky/Louisville	us
North America	Lowell	42.6334	-71.3162	America/New_York	us
North America	Lubbock	33.5779	-101.8552	America/Chicago	us
North America	Léogâne	18.5111	-72.6334	America/Port-au-Prince	ht
North America	Madison	43.0731	-89.4012	America/Chicago	us
North America	Manchester (US)	42.9956	-71.4548	America/New_York	us
North America	Manhattan	40.7834	-73.9663	America/New_York	us
North America	Manzanillo	19.1169	-104.3421	America/Mexico_City	mx
North America	Manzanillo (CU)	20.3424	-77.1193	America/Havana	cu
North America	Markham	43.8668	-79.2663	America/Toronto	ca
North America	Masaya	11.9732	-86.0959	America/Managua	ni
North America	Matagalpa	12.9279	-85.9191	America/Managua	ni
North America	Matanzas	23.0439	-81.5828	America/Havana	cu
North America	Mazatlán	23.2216	-106.4189	America/Mazatlan	mx
North America	McAllen	26.2034	-98.2300	America/Chicago	us
North America	McKinney	33.1976	-96.6153	America/Chicago	us
North America	Meads	38.4126	-82.7091	America/New_York	us
North America	Memphis	35.1495	-90.0490	America/Chicago	us
North America	Mesa	33.4223	-111.8226	America/Phoenix	us
North America	Mesquite	32.7668	-96.5992	America/Chicago	us
North America	Metairie	29.9841	-90.1529	America/Chicago	us
North America	Mexicali	32.6278	-115.4545	America/Tijuana	mx
North America	Miami Gardens	25.9420	-80.2456	America/New_York	us
North America	Midland	31.9974	-102.0779	America/Chicago	us
North America	Milton	43.5168	-79.8829	America/Toronto	ca
North America	Milwaukee	43.0389	-87.9065	America/Chicago	us
North America	Minatitlán	18.0001	-94.5569	America/Mexico_City	mx
North America	Minneapolis	44.9800	-93.2638	America/Chicago	us
North America	Miramar	22.3609	-97.9000	America/Monterrey	mx
North America	Mississauga	43.5789	-79.6583	America/Toronto	ca
North America	Mixco	14.6308	-90.6071	America/Guatemala	gt
North America	Mobile	30.6944	-88.0430	America/Chicago	us
North America	Modesto	37.6391	-120.9969	America/Los_Angeles	us
North America	Monclova	26.9069	-101.4206	America/Monterrey	mx
North America	Montgomery	32.3668	-86.3000	America/Chicago	us
North America	Morelia	19.7008	-101.1844	America/Mexico_City	mx
North America	Moreno Valley	33.9375	-117.2306	America/Los_Angeles	us
North America	Murfreesboro	35.8456	-86.3903	America/Chicago	us
North America	Murrieta	33.5539	-117.2139	America/Los_Angeles	us
North America	Mérida	20.9670	-89.6232	America/Merida	mx
North America	Naperville	41.7859	-88.1473	America/Chicago	us
North America	Nashville	36.1659	-86.7844	America/Chicago	us
North America	Naucalpan de Juárez	19.4785	-99.2396	America/Mexico_City	mx
North America	Navojoa	27.0706	-109.4434	America/Hermosillo	mx
North America	Nepean	45.3362	-75.7225	America/Toronto	ca
North America	New Bedford	41.6353	-70.9270	America/New_York	us
North America	New Haven	41.3081	-72.9282	America/New_York	us
North America	New Orleans	29.9547	-90.0751	America/Chicago	us
North America	Newark	40.7357	-74.1724	America/New_York	us
North America	Newport News	36.9804	-76.4297	America/New_York	us
North America	Nicolás Romero	19.6418	-99.3068	America/Mexico_City	mx
North America	Nogales	31.3086	-110.9422	America/Hermosillo	mx
North America	Norfolk	36.8468	-76.2852	America/New_York	us
North America	Norman	35.2226	-97.4395	America/Chicago	us
North America	North Charleston	32.8546	-79.9748	America/New_York	us
North America	North Stamford	41.1382	-73.5435	America/New_York	us
North America	Nuevo Laredo	27.4763	-99.5164	America/Matamoros	mx
North America	Oakland	37.8044	-122.2708	America/Los_Angeles	us
North America	Oakville	43.4501	-79.6829	America/Toronto	ca
North America	Oaxaca	17.0602	-96.7254	America/Mexico_City	mx
North America	Oceanside	33.1959	-117.3795	America/Los_Angeles	us
North America	Odessa	31.8457	-102.3676	America/Chicago	us
North America	Ojo de Agua	19.6803	-99.0100	America/Mexico_City	mx
North America	Oklahoma City	35.4676	-97.5164	America/Chicago	us
North America	Olanchito	15.4813	-86.5742	America/Tegucigalpa	hn
North America	Olathe	38.8814	-94.8191	America/Chicago	us
North America	Omaha	41.2563	-95.9404	America/Chicago	us
North America	Orizaba	18.8519	-97.0996	America/Mexico_City	mx
North America	Orlando	28.5383	-81.3792	America/New_York	us
North America	Orléans	45.4573	-75.5043	America/Toronto	ca
North America	Oshawa	43.9001	-78.8496	America/Toronto	ca
North America	Overland Park	38.9822	-94.6708	America/Chicago	us
North America	Oxnard	34.1975	-119.1770	America/Los_Angeles	us
North America	Pachuca de Soto	20.1170	-98.7333	America/Mexico_City	mx
North America	Palm Bay	28.0345	-80.5887	America/New_York	us
North America	Palma Soriano	20.2115	-75.9944	America/Havana	cu
North America	Palmdale	34.5794	-118.1165	America/Los_Angeles	us
North America	Paradise	36.0972	-115.1467	America/Los_Angeles	us
North America	Pasadena	29.6911	-95.2091	America/Chicago	us
North America	Pasadena (US)	34.1478	-118.1445	America/Los_Angeles	us
North America	Paterson	40.9168	-74.1718	America/New_York	us
North America	Pearland	29.5636	-95.2861	America/Chicago	us
North America	Pembroke Pines	26.0032	-80.2239	America/New_York	us
North America	Peoria	40.6936	-89.5890	America/Chicago	us
North America	Philadelphia	39.9524	-75.1636	America/New_York	us
North America	Piedras Negras	28.7001	-100.5235	America/Matamoros	mx
North America	Pinar del Río	22.4165	-83.6966	America/Havana	cu
North America	Pittsburgh	40.4406	-79.9959	America/New_York	us
North America	Plano	33.0198	-96.6989	America/Chicago	us
North America	Playa del Carmen	20.6274	-87.0799	America/Cancun	mx
North America	Pomona	34.0553	-117.7523	America/Los_Angeles	us
North America	Pompano Beach	26.2379	-80.1248	America/New_York	us
North America	Ponce	18.0103	-66.6240	America/Puerto_Rico	pr
North America	Port Saint Lucie	27.2939	-80.3503	America/New_York	us
North America	Port-de-Paix	19.9398	-72.8304	America/Port-au-Prince	ht
North America	Portland	45.5234	-122.6762	America/Los_Angeles	us
North America	Portmore	17.9710	-76.8869	America/Jamaica	jm
North America	Poza Rica de Hidalgo	20.5331	-97.4595	America/Mexico_City	mx
North America	Providence	41.8240	-71.4128	America/New_York	us
North America	Provo	40.2338	-111.6585	America/Denver	us
North America	Puebla	19.0478	-98.2072	America/Mexico_City	mx
North America	Pueblo	38.2544	-104.6091	America/Denver	us
North America	Puerto Barrios	15.7272	-88.5979	America/Guatemala	gt
North America	Puerto Cortez	15.8256	-87.9297	America/Tegucigalpa	hn
North America	Puerto Plata	19.7934	-70.6884	America/Santo_Domingo	do
North America	Puerto Vallarta	20.6170	-105.2302	America/Mexico_City	mx
North America	Punta Cana	18.5818	-68.4043	America/Santo_Domingo	do
North America	Pétionville	18.5125	-72.2853	America/Port-au-Prince	ht
North America	Queens	40.6815	-73.8365	America/New_York	us
North America	Quetzaltenango	14.8446	-91.5232	America/Guatemala	gt
North America	Québec	46.8123	-71.2145	America/Toronto	ca
North America	Raleigh	35.7721	-78.6386	America/New_York	us
North America	Rancho Cucamonga	34.1064	-117.5931	America/Los_Angeles	us
North America	Red Deer	52.2668	-113.8020	America/Edmonton	ca
North America	Regina	50.4501	-104.6178	America/Regina	ca
North America	Reno	39.5296	-119.8138	America/Los_Angeles	us
North America	Renton	47.4829	-122.2171	America/Los_Angeles	us
North America	Reynosa	26.0800	-98.2846	America/Matamoros	mx
North America	Rialto	34.1064	-117.3703	America/Los_Angeles	us
North America	Richardson	32.9482	-96.7297	America/Chicago	us
North America	Richmond	37.5538	-77.4603	America/New_York	us
North America	Richmond (CA)	49.1700	-123.1368	America/Vancouver	ca
North America	Richmond (US)	37.9358	-122.3478	America/Los_Angeles	us
North America	Riverside	33.9534	-117.3962	America/Los_Angeles	us
North America	Rivière-des-Prairies–Pointe-aux-Trembles	45.6406	-73.5846	America/Toronto	ca
North America	Roanoke	37.2710	-79.9414	America/New_York	us
North America	Rochester	43.1548	-77.6156	America/New_York	us
North America	Rochester (US)	44.0216	-92.4699	America/Chicago	us
North America	Rockford	42.2711	-89.0940	America/Chicago	us
North America	Rosarito	32.3604	-117.0464	America/Tijuana	mx
North America	Roseville	38.7521	-121.2880	America/Los_Angeles	us
North America	Round Rock	30.5083	-97.6789	America/Chicago	us
North America	Saanich	48.5496	-123.3693	America/Vancouver	ca
North America	Sacramento	38.5816	-121.4944	America/Los_Angeles	us
North America	Saguenay	48.4168	-71.0657	America/Toronto	ca
North America	Saint Paul	44.9444	-93.0933	America/Chicago	us
North America	Saint-Louis-de-Terrebonne	45.7020	-73.7867	America/Toronto	ca
North America	Saint-Marc	19.1114	-72.7008	America/Port-au-Prince	ht
North America	Salamanca	20.5698	-101.1977	America/Mexico_City	mx
North America	Salem (US)	44.9429	-123.0351	America/Los_Angeles	us
North America	Salinas	36.6777	-121.6555	America/Los_Angeles	us
North America	Salt Lake City	40.7608	-111.8911	America/Denver	us
North America	Saltillo	25.4260	-100.9796	America/Monterrey	mx
North America	Salvaleón de Higüey	18.6150	-68.7080	America/Santo_Domingo	do
North America	San Antonio	29.4241	-98.4936	America/Chicago	us
North America	San Bernardino	34.1083	-117.2898	America/Los_Angeles	us
North America	San Cristóbal (DO)	18.4171	-70.1068	America/Santo_Domingo	do
North America	San Cristóbal de las Casas	16.7301	-92.6382	America/Merida	mx
North America	San Diego	32.7157	-117.1647	America/Los_Angeles	us
North America	San Francisco	37.7749	-122.4194	America/Los_Angeles	us
North America	San Francisco de Macorís	19.2938	-70.2528	America/Santo_Domingo	do
North America	San Jose (US)	37.3394	-121.8950	America/Los_Angeles	us
North America	San José del Cabo	23.0541	-109.7037	America/Mazatlan	mx
North America	San Juan	18.4663	-66.1057	America/Puerto_Rico	pr
North America	San Juan Sacatepéquez	14.7189	-90.6442	America/Guatemala	gt
North America	San Juan del Río	20.3890	-99.9964	America/Mexico_City	mx
North America	San Luis Potosí	22.1523	-100.9714	America/Monterrey	mx
North America	San Luis Río Colorado	32.4555	-114.7704	America/Hermosillo	mx
North America	San Martin Texmelucan de Labastida	19.2843	-98.4389	America/Mexico_City	mx
North America	San Mateo (US)	37.5630	-122.3255	America/Los_Angeles	us
North America	San Miguel	13.4826	-88.1821	America/El_Salvador	sv
North America	San Miguel de Allende	20.9153	-100.7439	America/Mexico_City	mx
North America	San Miguelito	9.0503	-79.4707	America/Panama	pa
North America	San Nicolás de los Garza	25.7417	-100.3022	America/Monterrey	mx
North America	San Pablo de las Salinas	19.6666	-99.0948	America/Mexico_City	mx
North America	San Pedro Sula	15.5059	-88.0259	America/Tegucigalpa	hn
North America	San Pedro de Macorís	18.4539	-69.3086	America/Santo_Domingo	do
North America	Sancti Spíritus	21.9343	-79.4398	America/Havana	cu
North America	Sandy Springs	33.9243	-84.3785	America/New_York	us
North America	Santa Ana	33.7456	-117.8678	America/Los_Angeles	us
North America	Santa Ana (SV)	13.9883	-89.5568	America/El_Salvador	sv
North America	Santa Catarina	25.6732	-100.4581	America/Monterrey	mx
North America	Santa Clara	22.4071	-79.9658	America/Havana	cu
North America	Santa Clarita	34.3917	-118.5426	America/Los_Angeles	us
North America	Santa Lucía Cotzumalguapa	14.3351	-91.0234	America/Guatemala	gt
North America	Santa Maria (US)	34.9530	-120.4357	America/Los_Angeles	us
North America	Santa Rosa	38.4405	-122.7144	America/Los_Angeles	us
North America	Santa Tecla	13.6774	-89.2833	America/El_Salvador	sv
North America	Santiago de Cuba	20.0229	-75.8217	America/Havana	cu
North America	Santiago de Querétaro	20.5881	-100.3881	America/Mexico_City	mx
North America	Santiago de los Caballeros	19.4504	-70.6908	America/Santo_Domingo	do
North America	Santo Domingo Este	18.4851	-69.8476	America/Santo_Domingo	do
North America	Santo Domingo Oeste	18.5000	-70.0000	America/Santo_Domingo	do
North America	Saskatoon	52.1324	-106.6689	America/Regina	ca
North America	Savannah	32.0835	-81.0998	America/New_York	us
North America	Scottsdale	33.5092	-111.8990	America/Phoenix	us
North America	Sherbrooke	45.4001	-71.8991	America/Toronto	ca
North America	Shreveport	32.5251	-93.7502	America/Chicago	us
North America	Siguatepeque	14.5969	-87.8310	America/Tegucigalpa	hn
North America	Simi Valley	34.2694	-118.7815	America/Los_Angeles	us
North America	Sioux Falls	43.5437	-96.7280	America/Chicago	us
North America	South Bend	41.6834	-86.2500	America/Indiana/Indianapolis	us
North America	South Fulton	33.5926	-84.6729	America/New_York	us
North America	Soyapango	13.7102	-89.1399	America/El_Salvador	sv
North America	Spanish Town	17.9911	-76.9574	America/Jamaica	jm
North America	Spokane	47.6597	-117.4291	America/Los_Angeles	us
North America	Spring Valley	36.1080	-115.2450	America/Los_Angeles	us
North America	Springfield	37.2153	-93.2982	America/Chicago	us
North America	Springfield (US)	42.1015	-72.5898	America/New_York	us
North America	St. Catharines	43.1713	-79.2427	America/Toronto	ca
North America	St. John's	47.5649	-52.7093	America/St_Johns	ca
North America	St. Louis	38.6273	-90.1979	America/Chicago	us
North America	St. Petersburg	27.7709	-82.6793	America/New_York	us
North America	Stamford	41.0534	-73.5387	America/New_York	us
North America	Staten Island	40.5623	-74.1399	America/New_York	us
North America	Sterling Heights	42.5803	-83.0302	America/Detroit	us
North America	Stockton	37.9577	-121.2908	America/Los_Angeles	us
North America	Sunnyvale	37.3688	-122.0363	America/Los_Angeles	us
North America	Sunrise Manor	36.2111	-115.0731	America/Los_Angeles	us
North America	Surprise	33.6306	-112.3332	America/Phoenix	us
North America	Surrey	49.1063	-122.8251	America/Vancouver	ca
North America	Sydney (CA)	46.1351	-60.1831	America/Glace_Bay	ca
North America	Syracuse	43.0481	-76.1474	America/New_York	us
North America	Tacoma	47.2529	-122.4443	America/Los_Angeles	us
North America	Tallahassee	30.4383	-84.2807	America/New_York	us
North America	Tampa	27.9475	-82.4584	America/New_York	us
North America	Tampico	22.2852	-97.8778	America/Monterrey	mx
North America	Tapachula	14.9054	-92.2589	America/Merida	mx
North America	Tehuacán	18.4642	-97.3974	America/Mexico_City	mx
North America	Temecula	33.4936	-117.1484	America/Los_Angeles	us
North America	Tempe	33.4148	-111.9093	America/Phoenix	us
North America	Tepexpan	19.6139	-98.9364	America/Mexico_City	mx
North America	Tepic	21.5073	-104.8933	America/Mazatlan	mx
North America	Terrebonne	45.7000	-73.6473	America/Toronto	ca
North America	Texcoco de Mora	19.5119	-98.8829	America/Mexico_City	mx
North America	Teziutlan	19.8173	-97.3599	America/Mexico_City	mx
North America	The Bronx	40.8499	-73.8664	America/New_York	us
North America	Thornton	39.8680	-104.9719	America/Denver	us
North America	Thousand Oaks	34.1706	-118.8376	America/Los_Angeles	us
North America	Thunder Bay	48.3820	-89.2502	America/Toronto	ca
North America	Tigwav	18.4312	-72.8652	America/Port-au-Prince	ht
North America	Tlalnepantla	19.5401	-99.1954	America/Mexico_City	mx
North America	Tlalpan	19.2951	-99.1621	America/Mexico_City	mx
North America	Tlaquepaque	20.6412	-103.2934	America/Mexico_City	mx
North America	Tláhuac	19.2869	-99.0051	America/Mexico_City	mx
North America	Tocoa	15.6833	-86.0000	America/Tegucigalpa	hn
North America	Toledo	41.6639	-83.5552	America/New_York	us
North America	Toluca	19.2879	-99.6532	America/Mexico_City	mx
North America	Topeka	39.0483	-95.6780	America/Chicago	us
North America	Torrance	33.8359	-118.3406	America/Los_Angeles	us
North America	Torreón	25.5439	-103.4190	America/Monterrey	mx
North America	Totonicapán	14.9119	-91.3605	America/Guatemala	gt
North America	Tri-Cities	46.2454	-119.1962	America/Los_Angeles	us
North America	Trois-Rivières	46.3451	-72.5477	America/Toronto	ca
North America	Tucson	32.2217	-110.9265	America/Phoenix	us
North America	Tulancingo	20.0835	-98.3629	America/Mexico_City	mx
North America	Tulsa	36.1540	-95.9928	America/Chicago	us
North America	Tuscaloosa	33.2098	-87.5692	America/Chicago	us
North America	Tuxtepec	18.0883	-96.1253	America/Mexico_City	mx
North America	Tuxtla	16.7536	-93.1158	America/Merida	mx
North America	Tyler	32.3513	-95.3011	America/Chicago	us
North America	Uruapan	19.4168	-102.0584	America/Mexico_City	mx
North America	Valencia (US)	34.4436	-118.6095	America/Los_Angeles	us
North America	Vallejo	38.1041	-122.2566	America/Los_Angeles	us
North America	Vancouver (US)	45.6387	-122.6615	America/Los_Angeles	us
North America	Vaughan	43.8361	-79.4983	America/Toronto	ca
North America	Veracruz	19.1809	-96.1429	America/Mexico_City	mx
North America	Victoria (CA)	48.4359	-123.3516	America/Vancouver	ca
North America	Victoria de Durango	24.0203	-104.6576	America/Monterrey	mx
North America	Victorville	34.5361	-117.2912	America/Los_Angeles	us
North America	Villa Nueva	14.5251	-90.5854	America/Guatemala	gt
North America	Villahermosa	17.9862	-92.9393	America/Merida	mx
North America	Villeray–Saint-Michel–Parc-Extension	45.5587	-73.6054	America/Toronto	ca
North America	Virginia Beach	36.8529	-75.9780	America/New_York	us
North America	Visalia	36.3302	-119.2921	America/Los_Angeles	us
North America	Vista	33.2000	-117.2425	America/Los_Angeles	us
North America	Waco	31.5493	-97.1467	America/Chicago	us
North America	Warren	42.4904	-83.0130	America/Detroit	us
North America	Waterbury	41.5581	-73.0515	America/New_York	us
North America	West Covina	34.0686	-117.9390	America/Los_Angeles	us
North America	West Jordan	40.6097	-111.9391	America/Denver	us
North America	West Palm Beach	26.7153	-80.0534	America/New_York	us
North America	West Valley City	40.6916	-112.0011	America/Denver	us
North America	Westminster	39.8366	-105.0372	America/Denver	us
North America	Whitby	43.8834	-78.9329	America/Toronto	ca
North America	Wichita	37.6922	-97.3375	America/Chicago	us
North America	Wichita Falls	33.9137	-98.4934	America/Chicago	us
North America	Willemstad	12.1225	-68.8864	America/Curacao	cw
North America	Wilmington	34.2356	-77.9460	America/New_York	us
North America	Winston-Salem	36.0999	-80.2442	America/New_York	us
North America	Worcester	42.2626	-71.8023	America/New_York	us
North America	Xalapa de Enríquez	19.5312	-96.9159	America/Mexico_City	mx
North America	Xico	19.2703	-98.9509	America/Mexico_City	mx
North America	Xochimilco	19.2547	-99.1036	America/Mexico_City	mx
North America	Yautepec	18.8819	-99.0671	America/Mexico_City	mx
North America	Yonkers	40.9304	-73.8979	America/New_York	us
North America	Zacatecas	22.7684	-102.5814	America/Mexico_City	mx
North America	Zamora de Hidalgo	19.9840	-102.2863	America/Mexico_City	mx
North America	Zapopan	20.7211	-103.3874	America/Mexico_City	mx
North America	Zumpango	19.7967	-99.0995	America/Mexico_City	mx
Oceania	Ballarat	-37.5662	143.8496	Australia/Melbourne	au
Oceania	Bendigo	-36.7582	144.2802	Australia/Melbourne	au
Oceania	Cairns	-16.9237	145.7661	Australia/Brisbane	au
Oceania	Central Coast	-33.4298	151.3714	Australia/Sydney	au
Oceania	Dunedin	-45.8742	170.5036	Pacific/Auckland	nz
Oceania	Geelong	-38.1471	144.3607	Australia/Melbourne	au
Oceania	Gold Coast	-28.0003	153.4309	Australia/Brisbane	au
Oceania	Hamilton (NZ)	-37.7833	175.2833	Pacific/Auckland	nz
Oceania	Logan City	-27.6392	153.1094	Australia/Brisbane	au
Oceania	Lower Hutt	-41.2167	174.9167	Pacific/Auckland	nz
Oceania	Mandurah	-32.5269	115.7217	Australia/Perth	au
Oceania	Manukau City	-36.9928	174.8799	Pacific/Auckland	nz
Oceania	Newcastle	-32.9295	151.7801	Australia/Sydney	au
Oceania	Sunshine Coast	-26.6568	153.0796	Australia/Brisbane	au
Oceania	Tauranga	-37.6861	176.1667	Pacific/Auckland	nz
Oceania	Toowoomba	-27.5606	151.9539	Australia/Brisbane	au
Oceania	Townsville	-19.2664	146.8057	Australia/Brisbane	au
Oceania	Wollongong	-34.4240	150.8935	Australia/Sydney	au
South America	Abaetetuba	-1.7181	-48.8825	America/Belem	br
South America	Acarigua	9.5545	-69.1956	America/Caracas	ve
South America	Alagoinhas	-12.1356	-38.4192	America/Bahia	br
South America	Almirante Tamandaré	-25.3247	-49.3100	America/Sao_Paulo	br
South America	Altamira	-3.2033	-52.2064	America/Santarem	br
South America	Alto Hospicio	-20.2687	-70.1049	America/Santiago	cl
South America	Alvorada	-30.0002	-51.0763	America/Sao_Paulo	br
South America	Ambato	-1.2491	-78.6167	America/Guayaquil	ec
South America	Americana	-22.7392	-47.3314	America/Sao_Paulo	br
South America	Anaco	9.4296	-64.4643	America/Caracas	ve
South America	Ananindeua	-1.3656	-48.3722	America/Belem	br
South America	Angra dos Reis	-23.0067	-44.3181	America/Sao_Paulo	br
South America	Anápolis	-16.3267	-48.9528	America/Sao_Paulo	br
South America	Aparecida de Goiânia	-16.8233	-49.2439	America/Sao_Paulo	br
South America	Apucarana	-23.5508	-51.4608	America/Sao_Paulo	br
South America	Aracaju	-10.9111	-37.0717	America/Maceio	br
South America	Araguari	-18.6472	-48.1872	America/Sao_Paulo	br
South America	Araguaína	-7.1911	-48.2072	America/Araguaina	br
South America	Arapiraca	-9.7525	-36.6611	America/Maceio	br
South America	Arapongas	-23.4194	-51.4244	America/Sao_Paulo	br
South America	Araraquara	-21.7944	-48.1756	America/Sao_Paulo	br
South America	Araras	-22.3569	-47.3842	America/Sao_Paulo	br
South America	Araruama	-22.8728	-42.3431	America/Sao_Paulo	br
South America	Araucária	-25.5931	-49.4103	America/Sao_Paulo	br
South America	Araxá	-19.5933	-46.9406	America/Sao_Paulo	br
South America	Araçatuba	-21.2089	-50.4328	America/Sao_Paulo	br
South America	Arequipa	-16.3990	-71.5375	America/Lima	pe
South America	Arica	-18.4755	-70.3006	America/Santiago	cl
South America	Armenia	4.5366	-75.6726	America/Bogota	co
South America	Assis	-22.6617	-50.4122	America/Sao_Paulo	br
South America	Atibaia	-23.1169	-46.5503	America/Sao_Paulo	br
South America	Avellaneda	-34.6602	-58.3674	America/Argentina/Buenos_Aires	ar
South America	Ayacucho	-13.1638	-74.2234	America/Lima	pe
South America	Açailândia	-4.9467	-47.5047	America/Fortaleza	br
South America	Bacabal	-4.2325	-44.7816	America/Fortaleza	br
South America	Bagé	-31.3314	-54.1069	America/Sao_Paulo	br
South America	Bahía Blanca	-38.7176	-62.2655	America/Argentina/Buenos_Aires	ar
South America	Balneário Camboriú	-26.9906	-48.6347	America/Sao_Paulo	br
South America	Balsas	-7.5325	-46.0356	America/Fortaleza	br
South America	Barbacena	-21.2258	-43.7736	America/Sao_Paulo	br
South America	Barcarena	-1.5058	-48.6258	America/Belem	br
South America	Barcelona (VE)	10.1384	-64.6877	America/Caracas	ve
South America	Barinas	8.6206	-70.2310	America/Caracas	ve
South America	Barquisimeto	10.0647	-69.3570	America/Caracas	ve
South America	Barra Mansa	-22.5442	-44.1714	America/Sao_Paulo	br
South America	Barra do Piraí	-22.4700	-43.8256	America/Sao_Paulo	br
South America	Barrancabermeja	7.0653	-73.8547	America/Bogota	co
South America	Barranquilla	10.9685	-74.7813	America/Bogota	co
South America	Barreiras	-12.1528	-44.9900	America/Bahia	br
South America	Barretos	-20.5572	-48.5678	America/Sao_Paulo	br
South America	Barueri	-23.5106	-46.8761	America/Sao_Paulo	br
South America	Bauru	-22.3147	-49.0606	America/Sao_Paulo	br
South America	Bello	6.3373	-75.5580	America/Bogota	co
South America	Belo Horizonte	-19.9208	-43.9378	America/Sao_Paulo	br
South America	Belém	-1.4558	-48.5044	America/Belem	br
South America	Bento Gonçalves	-29.1714	-51.5192	America/Sao_Paulo	br
South America	Betim	-19.9678	-44.1983	America/Sao_Paulo	br
South America	Birigui	-21.2886	-50.3400	America/Sao_Paulo	br
South America	Blumenau	-26.9194	-49.0661	America/Sao_Paulo	br
South America	Boa Vista	2.8197	-60.6733	America/Boa_Vista	br
South America	Botucatu	-22.8858	-48.4450	America/Sao_Paulo	br
South America	Bragança	-1.0536	-46.7656	America/Belem	br
South America	Bragança Paulista	-22.9527	-46.5442	America/Sao_Paulo	br
South America	Breves	-1.6822	-50.4803	America/Belem	br
South America	Brusque	-27.0980	-48.9128	America/Sao_Paulo	br
South America	Bucaramanga	7.1250	-73.1189	America/Bogota	co
South America	Buenaventura	3.5833	-77.0000	America/Bogota	co
South America	Cabimas	10.3991	-71.4521	America/Caracas	ve
South America	Cabo Frio	-22.8872	-42.0262	America/Sao_Paulo	br
South America	Cabo de Santo Agostinho	-8.2877	-35.0292	America/Recife	br
South America	Cabudare	10.0266	-69.2620	America/Caracas	ve
South America	Cachoeiro de Itapemirim	-20.8489	-41.1128	America/Sao_Paulo	br
South America	Caieiras	-23.3642	-46.7406	America/Sao_Paulo	br
South America	Cajamarca	-7.1638	-78.5003	America/Lima	pe
South America	Calabozo	8.9242	-67.4293	America/Caracas	ve
South America	Calama	-22.4567	-68.9237	America/Santiago	cl
South America	Cali	3.4305	-76.5199	America/Bogota	co
South America	Callao	-12.0516	-77.1345	America/Lima	pe
South America	Camaragibe	-8.0217	-34.9811	America/Recife	br
South America	Camaçari	-12.6975	-38.3242	America/Bahia	br
South America	Cambé	-23.2758	-51.2783	America/Sao_Paulo	br
South America	Cametá	-2.2444	-49.4958	America/Belem	br
South America	Campina Grande	-7.2306	-35.8811	America/Fortaleza	br
South America	Campinas	-22.9056	-47.0608	America/Sao_Paulo	br
South America	Campo Grande	-20.4428	-54.6464	America/Campo_Grande	br
South America	Campo Largo	-25.4596	-49.5301	America/Sao_Paulo	br
South America	Campos dos Goytacazes	-21.7523	-41.3304	America/Sao_Paulo	br
South America	Canoas	-29.9178	-51.1836	America/Sao_Paulo	br
South America	Capiatá	-25.3552	-57.4455	America/Asuncion	py
South America	Caraguatatuba	-23.6203	-45.4131	America/Sao_Paulo	br
South America	Cariacica	-20.2639	-40.4200	America/Sao_Paulo	br
South America	Carora	10.1728	-70.0810	America/Caracas	ve
South America	Cartagena	10.3982	-75.4933	America/Bogota	co
South America	Cartago	4.7464	-75.9117	America/Bogota	co
South America	Caruaru	-8.2833	-35.9761	America/Recife	br
South America	Carúpano	10.6652	-63.2539	America/Caracas	ve
South America	Cascavel	-24.9558	-53.4553	America/Sao_Paulo	br
South America	Castanhal	-1.2939	-47.9264	America/Belem	br
South America	Catalão	-18.1658	-47.9464	America/Sao_Paulo	br
South America	Catamarca	-28.4696	-65.7852	America/Argentina/Catamarca	ar
South America	Catanduva	-21.1378	-48.9728	America/Sao_Paulo	br
South America	Catia La Mar	10.6054	-67.0324	America/Caracas	ve
South America	Caucaia	-3.7361	-38.6531	America/Fortaleza	br
South America	Caxias	-4.8589	-43.3561	America/Fortaleza	br
South America	Caxias do Sul	-29.1681	-51.1794	America/Sao_Paulo	br
South America	Ceilândia	-15.8091	-48.1310	America/Sao_Paulo	br
South America	Chapecó	-27.0964	-52.6183	America/Sao_Paulo	br
South America	Charallave	10.2425	-66.8572	America/Caracas	ve
South America	Chiclayo	-6.7701	-79.8550	America/Lima	pe
South America	Chillán	-36.6066	-72.1034	America/Santiago	cl
South America	Chimbote	-9.0751	-78.5937	America/Lima	pe
South America	Chincha Alta	-13.4099	-76.1324	America/Lima	pe
South America	Chía	4.8588	-74.0587	America/Bogota	co
South America	Ciudad Bolívar	8.1237	-63.5469	America/Caracas	ve
South America	Ciudad Guayana	8.3512	-62.6410	America/Caracas	ve
South America	Ciudad Ojeda	10.2016	-71.3148	America/Caracas	ve
South America	Ciudad del Este	-25.5036	-54.6507	America/Asuncion	py
South America	Cochabamba	-17.3819	-66.1599	America/La_Paz	bo
South America	Codó	-4.4553	-43.8856	America/Fortaleza	br
South America	Colatina	-19.5394	-40.6306	America/Sao_Paulo	br
South America	Colina	-33.2044	-70.6747	America/Santiago	cl
South America	Colombo (BR)	-25.2917	-49.2242	America/Sao_Paulo	br
South America	Comodoro Rivadavia	-45.8626	-67.4940	America/Argentina/Catamarca	ar
South America	Concepción	-36.8270	-73.0498	America/Santiago	cl
South America	Concordia	-31.3920	-58.0171	America/Argentina/Cordoba	ar
South America	Conselheiro Lafaiete	-20.6603	-43.7861	America/Sao_Paulo	br
South America	Contagem	-19.9317	-44.0536	America/Sao_Paulo	br
South America	Copiapó	-27.3674	-70.3322	America/Santiago	cl
South America	Coquimbo	-29.9533	-71.3395	America/Santiago	cl
South America	Coro	11.4077	-69.6782	America/Caracas	ve
South America	Coronel	-37.0339	-73.1402	America/Santiago	cl
South America	Coronel Fabriciano	-19.5186	-42.6289	America/Sao_Paulo	br
South America	Corrientes	-27.4678	-58.8344	America/Argentina/Cordoba	ar
South America	Cotia	-23.6039	-46.9192	America/Sao_Paulo	br
South America	Crato	-7.2342	-39.4094	America/Fortaleza	br
South America	Criciúma	-28.6775	-49.3697	America/Sao_Paulo	br
South America	Cubatão	-23.8950	-46.4253	America/Sao_Paulo	br
South America	Cuenca	-2.8953	-78.9963	America/Guayaquil	ec
South America	Cuiabá	-15.5961	-56.0967	America/Cuiaba	br
South America	Cumaná	10.4639	-64.1786	America/Caracas	ve
South America	Curicó	-34.9828	-71.2394	America/Santiago	cl
South America	Curitiba	-25.4278	-49.2731	America/Sao_Paulo	br
South America	Cúa	10.1624	-66.8825	America/Caracas	ve
South America	Cúcuta	7.9074	-72.5049	America/Bogota	co
South America	Daule	-1.8603	-79.9768	America/Guayaquil	ec
South America	Diadema	-23.6861	-46.6228	America/Sao_Paulo	br
South America	Divinópolis	-20.1436	-44.8907	America/Sao_Paulo	br
South America	Dourados	-22.2211	-54.8056	America/Campo_Grande	br
South America	Duque de Caxias	-22.7856	-43.3117	America/Sao_Paulo	br
South America	Ejido	8.5466	-71.2409	America/Caracas	ve
South America	El Limón	10.3059	-67.6321	America/Caracas	ve
South America	El Tigre	8.8890	-64.2527	America/Caracas	ve
South America	El Vigía	8.6135	-71.6570	America/Caracas	ve
South America	Embu das Artes	-23.6489	-46.8522	America/Sao_Paulo	br
South America	Esmeraldas	0.9592	-79.6540	America/Guayaquil	ec
South America	Eunápolis	-16.3775	-39.5803	America/Bahia	br
South America	Ezeiza	-34.8544	-58.5247	America/Argentina/Buenos_Aires	ar
South America	Facatativá	4.8137	-74.3545	America/Bogota	co
South America	Fazenda Rio Grande	-25.6575	-49.3081	America/Sao_Paulo	br
South America	Feira de Santana	-12.2667	-38.9667	America/Bahia	br
South America	Ferraz de Vasconcelos	-23.5408	-46.3686	America/Sao_Paulo	br
South America	Florencia	1.6155	-75.6041	America/Bogota	co
South America	Florianópolis	-27.5967	-48.5492	America/Sao_Paulo	br
South America	Floridablanca	7.0622	-73.0864	America/Bogota	co
South America	Formosa	-26.1849	-58.1731	America/Argentina/Cordoba	ar
South America	Formosa (BR)	-15.5372	-47.3344	America/Sao_Paulo	br
South America	Fortaleza	-3.7172	-38.5431	America/Fortaleza	br
South America	Foz do Iguaçu	-25.5478	-54.5881	America/Sao_Paulo	br
South America	Franca	-20.5386	-47.4008	America/Sao_Paulo	br
South America	Francisco Beltrão	-26.0811	-53.0550	America/Sao_Paulo	br
South America	Francisco Morato	-23.2817	-46.7453	America/Sao_Paulo	br
South America	Funza	4.7164	-74.2120	America/Bogota	co
South America	Gama	-16.0251	-48.0712	America/Sao_Paulo	br
South America	Garanhuns	-8.8820	-36.5022	America/Recife	br
South America	Girardot City	4.3008	-74.8075	America/Bogota	co
South America	Girón	7.0682	-73.1698	America/Bogota	co
South America	Goiânia	-16.6786	-49.2539	America/Sao_Paulo	br
South America	Governador Valadares	-18.8511	-41.9494	America/Sao_Paulo	br
South America	Gravataí	-29.9422	-50.9928	America/Sao_Paulo	br
South America	Guacara	10.2261	-67.8770	America/Caracas	ve
South America	Guadalajara de Buga	3.9009	-76.2978	America/Bogota	co
South America	Guanare	9.0393	-69.7336	America/Caracas	ve
South America	Guarapari	-20.6718	-40.5020	America/Sao_Paulo	br
South America	Guarapuava	-25.3905	-51.4654	America/Sao_Paulo	br
South America	Guaratinguetá	-22.8164	-45.1925	America/Sao_Paulo	br
South America	Guarenas	10.4703	-66.6193	America/Caracas	ve
South America	Guarujá	-23.9931	-46.2564	America/Sao_Paulo	br
South America	Guarulhos	-23.4628	-46.5333	America/Sao_Paulo	br
South America	Guará	-15.8098	-47.9720	America/Sao_Paulo	br
South America	Guatire	10.4740	-66.5424	America/Caracas	ve
South America	Guayaquil	-2.1962	-79.8862	America/Guayaquil	ec
South America	Huancayo	-12.0687	-75.2103	America/Lima	pe
South America	Huaraz	-9.5261	-77.5287	America/Lima	pe
South America	Huánuco	-9.9288	-76.2399	America/Lima	pe
South America	Ibagué	4.4357	-75.2029	America/Bogota	co
South America	Ibarra	0.3488	-78.1246	America/Guayaquil	ec
South America	Ibirité	-20.0219	-44.0589	America/Sao_Paulo	br
South America	Ica	-14.0754	-75.7342	America/Lima	pe
South America	Igarassu	-7.8342	-34.9064	America/Recife	br
South America	Ilhéus	-14.7991	-39.0323	America/Bahia	br
South America	Imperatriz	-5.5264	-47.4917	America/Fortaleza	br
South America	Indaiatuba	-23.0884	-47.2119	America/Sao_Paulo	br
South America	Ipatinga	-19.4683	-42.5367	America/Sao_Paulo	br
South America	Ipojuca	-8.3989	-35.0639	America/Recife	br
South America	Iquique	-20.2133	-70.1503	America/Santiago	cl
South America	Iquitos	-3.7481	-73.2529	America/Lima	pe
South America	Isidro Casanova	-34.7000	-58.5874	America/Argentina/Buenos_Aires	ar
South America	Itabaiana	-10.6850	-37.4253	America/Maceio	br
South America	Itabira	-19.6192	-43.2269	America/Sao_Paulo	br
South America	Itaboraí	-22.7444	-42.8594	America/Sao_Paulo	br
South America	Itabuna	-14.7856	-39.2803	America/Bahia	br
South America	Itacoatiara	-3.1431	-58.4442	America/Manaus	br
South America	Itaguaí	-22.8522	-43.7753	America/Sao_Paulo	br
South America	Itagüí	6.1846	-75.5991	America/Bogota	co
South America	Itaituba	-4.2761	-55.9836	America/Santarem	br
South America	Itajaí	-26.9078	-48.6619	America/Sao_Paulo	br
South America	Itanhaém	-24.1831	-46.7889	America/Sao_Paulo	br
South America	Itapecerica da Serra	-23.7169	-46.8492	America/Sao_Paulo	br
South America	Itaperuna	-21.2050	-41.8878	America/Sao_Paulo	br
South America	Itapetininga	-23.5917	-48.0531	America/Sao_Paulo	br
South America	Itapevi	-23.5489	-46.9342	America/Sao_Paulo	br
South America	Itapipoca	-3.4944	-39.5786	America/Fortaleza	br
South America	Itaquaquecetuba	-23.4861	-46.3483	America/Sao_Paulo	br
South America	Itatiba	-23.0058	-46.8389	America/Sao_Paulo	br
South America	Itu	-23.2642	-47.2992	America/Sao_Paulo	br
South America	Ituiutaba	-18.9743	-49.4621	America/Sao_Paulo	br
South America	Itumbiara	-18.4192	-49.2153	America/Sao_Paulo	br
South America	Ituzaingó	-27.5850	-56.6871	America/Argentina/Cordoba	ar
South America	Jaboatão dos Guararapes	-8.1128	-35.0147	America/Recife	br
South America	Jacareí	-23.3053	-45.9658	America/Sao_Paulo	br
South America	Japeri	-22.6431	-43.6533	America/Sao_Paulo	br
South America	Jaraguá do Sul	-26.4861	-49.0667	America/Sao_Paulo	br
South America	Jataí	-17.8794	-51.7217	America/Sao_Paulo	br
South America	Jaú	-22.2964	-48.5578	America/Sao_Paulo	br
South America	Jequié	-13.8588	-40.0851	America/Bahia	br
South America	Ji Paraná	-10.8853	-61.9517	America/Porto_Velho	br
South America	Joinville	-26.3044	-48.8456	America/Sao_Paulo	br
South America	José C. Paz	-34.5154	-58.7681	America/Argentina/Buenos_Aires	ar
South America	João Pessoa	-7.1150	-34.8631	America/Fortaleza	br
South America	Juazeiro do Norte	-7.2131	-39.3153	America/Fortaleza	br
South America	Juiz de Fora	-21.7642	-43.3503	America/Sao_Paulo	br
South America	Juliaca	-15.5000	-70.1333	America/Lima	pe
South America	Jundiaí	-23.1864	-46.8842	America/Sao_Paulo	br
South America	La Concepción	10.6192	-71.8381	America/Caracas	ve
South America	La Plata	-34.9213	-57.9544	America/Argentina/Buenos_Aires	ar
South America	La Rioja	-29.4133	-66.8564	America/Argentina/La_Rioja	ar
South America	La Serena	-29.9059	-71.2501	America/Santiago	cl
South America	La Victoria	10.2268	-67.3312	America/Caracas	ve
South America	Lagarto	-10.9172	-37.6500	America/Maceio	br
South America	Lages	-27.8161	-50.3261	America/Sao_Paulo	br
South America	Lambaré	-25.3468	-57.6065	America/Asuncion	py
South America	Lampa	-33.2863	-70.8756	America/Santiago	cl
South America	Latacunga	-0.9342	-78.6152	America/Guayaquil	ec
South America	Lauro de Freitas	-12.8944	-38.3272	America/Bahia	br
South America	Lavras	-21.2453	-44.9997	America/Sao_Paulo	br
South America	Leme	-22.1856	-47.3903	America/Sao_Paulo	br
South America	Limeira	-22.5647	-47.4017	America/Sao_Paulo	br
South America	Linhares	-19.3911	-40.0722	America/Sao_Paulo	br
South America	Loja	-3.9931	-79.2042	America/Guayaquil	ec
South America	Lomas de Zamora	-34.7574	-58.4028	America/Argentina/Buenos_Aires	ar
South America	Londrina	-23.3103	-51.1628	America/Sao_Paulo	br
South America	Los Puertos de Altagracia	10.7149	-71.5217	America/Caracas	ve
South America	Los Teques	10.3495	-67.0427	America/Caracas	ve
South America	Los Ángeles (CL)	-37.4697	-72.3537	America/Santiago	cl
South America	Luis Eduardo Magalhães	-12.0909	-45.7850	America/Bahia	br
South America	Luziânia	-16.2525	-47.9503	America/Sao_Paulo	br
South America	Macapá	0.0389	-51.0664	America/Belem	br
South America	Macaé	-22.3848	-41.7832	America/Sao_Paulo	br
South America	Maceió	-9.6658	-35.7353	America/Maceio	br
South America	Machala	-3.2589	-79.9588	America/Guayaquil	ec
South America	Machiques	10.0608	-72.5521	America/Caracas	ve
South America	Madrid (CO)	4.7325	-74.2642	America/Bogota	co
South America	Magangué	9.2420	-74.7547	America/Bogota	co
South America	Magé	-22.6528	-43.0406	America/Sao_Paulo	br
South America	Maicao	11.3784	-72.2395	America/Bogota	co
South America	Maipú	-33.5142	-70.7651	America/Santiago	cl
South America	Mairiporã	-23.3186	-46.5867	America/Sao_Paulo	br
South America	Malambo	10.8595	-74.7739	America/Bogota	co
South America	Maldonado	-34.8979	-54.9502	America/Montevideo	uy
South America	Manacapuru	-3.2997	-60.6206	America/Manaus	br
South America	Manizales	5.0668	-75.5068	America/Bogota	co
South America	Manta	-0.9494	-80.7314	America/Guayaquil	ec
South America	Mar del Plata	-38.0004	-57.5562	America/Argentina/Buenos_Aires	ar
South America	Marabá	-5.3815	-49.1323	America/Belem	br
South America	Maracaibo	10.6423	-71.6109	America/Caracas	ve
South America	Maracanaú	-3.8767	-38.6256	America/Fortaleza	br
South America	Maracay	10.2497	-67.5948	America/Caracas	ve
South America	Maranguape	-3.8908	-38.6856	America/Fortaleza	br
South America	Mariara	10.2953	-67.7177	America/Caracas	ve
South America	Maricá	-22.9194	-42.8186	America/Sao_Paulo	br
South America	Maringá	-23.4253	-51.9386	America/Sao_Paulo	br
South America	Marília	-22.2139	-49.9458	America/Sao_Paulo	br
South America	Maturín	9.7457	-63.1832	America/Caracas	ve
South America	Mauá	-23.6678	-46.4614	America/Sao_Paulo	br
South America	Merlo	-34.6654	-58.7274	America/Argentina/Buenos_Aires	ar
South America	Milagro	-2.1340	-79.5934	America/Guayaquil	ec
South America	Mogi Guaçu	-22.3677	-46.9455	America/Sao_Paulo	br
South America	Mogi das Cruzes	-23.5228	-46.1883	America/Sao_Paulo	br
South America	Montería	8.7508	-75.8782	America/Bogota	co
South America	Montes Claros	-16.7350	-43.8617	America/Sao_Paulo	br
South America	Moreno	-34.6340	-58.7914	America/Argentina/Buenos_Aires	ar
South America	Mossoró	-5.1875	-37.3442	America/Fortaleza	br
South America	Muriaé	-21.1306	-42.3664	America/Sao_Paulo	br
South America	Mérida (VE)	8.5790	-71.1692	America/Caracas	ve
South America	Natal	-5.7950	-35.2094	America/Fortaleza	br
South America	Neiva	2.9300	-75.2797	America/Bogota	co
South America	Neuquén	-38.9508	-68.0592	America/Argentina/Salta	ar
South America	Niterói	-22.8833	-43.1036	America/Sao_Paulo	br
South America	Nossa Senhora do Socorro	-10.8550	-37.1261	America/Maceio	br
South America	Nova Friburgo	-22.2819	-42.5311	America/Sao_Paulo	br
South America	Nova Iguaçu	-22.7592	-43.4511	America/Sao_Paulo	br
South America	Nova Lima	-19.9856	-43.8467	America/Sao_Paulo	br
South America	Nova Serrana	-19.8761	-44.9836	America/Sao_Paulo	br
South America	Novo Hamburgo	-29.6783	-51.1306	America/Sao_Paulo	br
South America	Ocaña	8.2377	-73.3560	America/Bogota	co
South America	Ocumare del Tuy	10.1182	-66.7751	America/Caracas	ve
South America	Oruro	-17.9715	-67.0932	America/La_Paz	bo
South America	Osasco	-23.5325	-46.7917	America/Sao_Paulo	br
South America	Osorno	-40.5740	-73.1335	America/Santiago	cl
South America	Ourinhos	-22.9789	-49.8706	America/Sao_Paulo	br
South America	Palmas	-10.1675	-48.3277	America/Araguaina	br
South America	Palmira	3.5394	-76.3036	America/Bogota	co
South America	Palo Negro	10.1739	-67.5419	America/Caracas	ve
South America	Paragominas	-2.9956	-47.3549	America/Belem	br
South America	Paranaguá	-25.5163	-48.5254	America/Sao_Paulo	br
South America	Paraná	-31.7327	-60.5290	America/Argentina/Cordoba	ar
South America	Parauapebas	-6.0675	-49.9022	America/Belem	br
South America	Parintins	-2.6283	-56.7358	America/Manaus	br
South America	Parnamirim	-5.9156	-35.2628	America/Fortaleza	br
South America	Parnaíba	-2.9047	-41.7767	America/Fortaleza	br
South America	Passo Fundo	-28.2628	-52.4067	America/Sao_Paulo	br
South America	Passos	-20.7189	-46.6097	America/Sao_Paulo	br
South America	Pasto	1.2146	-77.2785	America/Bogota	co
South America	Patos de Minas	-18.5789	-46.5181	America/Sao_Paulo	br
South America	Paulista	-7.9408	-34.8731	America/Recife	br
South America	Paulo Afonso	-9.4061	-38.2147	America/Bahia	br
South America	Paulínia	-22.7611	-47.1542	America/Sao_Paulo	br
South America	Pelotas	-31.7700	-52.3410	America/Sao_Paulo	br
South America	Pereira	4.8143	-75.6949	America/Bogota	co
South America	Petare	10.4768	-66.8079	America/Caracas	ve
South America	Petrolina	-9.3986	-40.5008	America/Recife	br
South America	Petrópolis	-22.5050	-43.1786	America/Sao_Paulo	br
South America	Peñalolén	-33.4684	-70.5341	America/Santiago	cl
South America	Piedecuesta	6.9879	-73.0495	America/Bogota	co
South America	Pindamonhangaba	-22.9239	-45.4617	America/Sao_Paulo	br
South America	Pinhais	-25.4447	-49.1925	America/Sao_Paulo	br
South America	Piracicaba	-22.7253	-47.6492	America/Sao_Paulo	br
South America	Piraquara	-25.4423	-49.0680	America/Sao_Paulo	br
South America	Pitalito	1.8537	-76.0507	America/Bogota	co
South America	Piura	-5.1819	-80.6572	America/Lima	pe
South America	Planaltina	-15.6179	-47.6487	America/Sao_Paulo	br
South America	Ponta Grossa	-25.0950	-50.1619	America/Sao_Paulo	br
South America	Popayán	2.4382	-76.6132	America/Bogota	co
South America	Porlamar	10.9577	-63.8697	America/Caracas	ve
South America	Porto Seguro	-16.4497	-39.0647	America/Bahia	br
South America	Porto Velho	-8.7619	-63.9039	America/Porto_Velho	br
South America	Portoviejo	-1.0576	-80.4514	America/Guayaquil	ec
South America	Posadas	-27.3918	-55.9238	America/Argentina/Cordoba	ar
South America	Potosí	-19.5836	-65.7531	America/La_Paz	bo
South America	Pouso Alegre	-22.2300	-45.9364	America/Sao_Paulo	br
South America	Poços de Caldas	-21.7878	-46.5614	America/Sao_Paulo	br
South America	Praia Grande	-24.0058	-46.4028	America/Sao_Paulo	br
South America	Presidente Prudente	-22.1256	-51.3889	America/Sao_Paulo	br
South America	Pucallpa	-8.3791	-74.5539	America/Lima	pe
South America	Puente Alto	-33.6117	-70.5758	America/Santiago	cl
South America	Puerto Ayacucho	5.6605	-67.5834	America/Caracas	ve
South America	Puerto Cabello	10.4731	-68.0125	America/Caracas	ve
South America	Puerto La Cruz	10.2138	-64.6328	America/Caracas	ve
South America	Puerto Montt	-41.4693	-72.9424	America/Santiago	cl
South America	Puno	-15.8400	-70.0220	America/Lima	pe
South America	Punto Fijo	11.6915	-70.1992	America/Caracas	ve
South America	Queimados	-22.7161	-43.5553	America/Sao_Paulo	br
South America	Quevedo	-1.0288	-79.4626	America/Guayaquil	ec
South America	Quibdó	5.6919	-76.6583	America/Bogota	co
South America	Quilicura	-33.3680	-70.7139	America/Santiago	cl
South America	Quillacollo	-17.3923	-66.2784	America/La_Paz	bo
South America	Quilmes	-34.7206	-58.2545	America/Argentina/Buenos_Aires	ar
South America	Quilpué	-33.0475	-71.4425	America/Santiago	cl
South America	Rancagua	-34.1691	-70.7405	America/Santiago	cl
South America	Rawson	-31.5819	-68.5421	America/Argentina/San_Juan	ar
South America	Resende	-22.4689	-44.4467	America/Sao_Paulo	br
South America	Resistencia	-27.4636	-58.9866	America/Argentina/Cordoba	ar
South America	Riacho Fundo II	-15.8981	-48.0467	America/Sao_Paulo	br
South America	Ribeirão Preto	-21.1775	-47.8103	America/Sao_Paulo	br
South America	Ribeirão das Neves	-19.7669	-44.0867	America/Sao_Paulo	br
South America	Rio Branco	-9.9747	-67.8100	America/Rio_Branco	br
South America	Rio Claro	-22.4114	-47.5614	America/Sao_Paulo	br
South America	Rio Grande	-32.0350	-52.0986	America/Sao_Paulo	br
South America	Rio Verde	-17.7981	-50.9281	America/Sao_Paulo	br
South America	Rio das Ostras	-22.5269	-41.9450	America/Sao_Paulo	br
South America	Riobamba	-1.6651	-78.6589	America/Guayaquil	ec
South America	Riohacha	11.5444	-72.9072	America/Bogota	co
South America	Rionegro	6.1551	-75.3737	America/Bogota	co
South America	Rondonópolis	-16.4708	-54.6356	America/Cuiaba	br
South America	Rosario	-32.9468	-60.6393	America/Argentina/Cordoba	ar
South America	Río Cuarto	-33.1304	-64.3527	America/Argentina/Cordoba	ar
South America	Sabanalarga	10.6307	-74.9221	America/Bogota	co
South America	Sabará	-19.8864	-43.8067	America/Sao_Paulo	br
South America	Sacaba	-17.3980	-66.0383	America/La_Paz	bo
South America	Salta	-24.8065	-65.4200	America/Argentina/Salta	ar
South America	Salto	-23.2008	-47.2869	America/Sao_Paulo	br
South America	Salvador	-12.9756	-38.4910	America/Bahia	br
South America	Samambaia	-15.8823	-48.1043	America/Sao_Paulo	br
South America	San Bernardo	-33.5922	-70.6996	America/Santiago	cl
South America	San Carlos	9.6641	-68.5866	America/Caracas	ve
South America	San Carlos del Zulia	9.0010	-71.9268	America/Caracas	ve
South America	San Cristóbal	7.7659	-72.2358	America/Caracas	ve
South America	San Felipe	10.3401	-68.7430	America/Caracas	ve
South America	San Fernando de Apure	7.8896	-67.4718	America/Caracas	ve
South America	San Juan de los Morros	9.9125	-67.3540	America/Caracas	ve
South America	San Lorenzo	-25.3397	-57.5088	America/Asuncion	py
South America	San Luis	-33.2914	-66.3247	America/Argentina/San_Luis	ar
South America	San Miguel de Tucumán	-26.8160	-65.2105	America/Argentina/Tucuman	ar
South America	San Nicolás de los Arroyos	-33.3342	-60.2108	America/Argentina/Buenos_Aires	ar
South America	San Rafael	-34.6153	-68.3324	America/Argentina/Mendoza	ar
South America	San Salvador de Jujuy	-24.1928	-65.2934	America/Argentina/Jujuy	ar
South America	Santa Anita - Los Ficus	-12.0505	-76.9733	America/Lima	pe
South America	Santa Bárbara d'Oeste	-22.7536	-47.4136	America/Sao_Paulo	br
South America	Santa Cruz de la Sierra	-17.7863	-63.1812	America/La_Paz	bo
South America	Santa Cruz do Capibaribe	-7.9575	-36.2047	America/Recife	br
South America	Santa Cruz do Sul	-29.7175	-52.4258	America/Sao_Paulo	br
South America	Santa Fe	-31.6488	-60.7087	America/Argentina/Cordoba	ar
South America	Santa Luzia	-19.7697	-43.8514	America/Sao_Paulo	br
South America	Santa Maria	-29.6842	-53.8069	America/Sao_Paulo	br
South America	Santa Marta	11.2386	-74.1943	America/Bogota	co
South America	Santa Rita	-7.1139	-34.9781	America/Fortaleza	br
South America	Santa Rosa (AR)	-36.6162	-64.2899	America/Argentina/Salta	ar
South America	Santa Teresa del Tuy	10.2329	-66.6647	America/Caracas	ve
South America	Santana	-0.0382	-51.1748	America/Belem	br
South America	Santana de Parnaíba	-23.4442	-46.9178	America/Sao_Paulo	br
South America	Santarém	-2.4431	-54.7083	America/Santarem	br
South America	Santiago del Estero	-27.8005	-64.2629	America/Argentina/Cordoba	ar
South America	Santo Antônio de Jesus	-12.9689	-39.2614	America/Bahia	br
South America	Santo Domingo de los Colorados	-0.2537	-79.1763	America/Guayaquil	ec
South America	Santos	-23.9608	-46.3336	America/Sao_Paulo	br
South America	Sapucaia do Sul	-29.8178	-51.1455	America/Sao_Paulo	br
South America	Sarandi	-23.4436	-51.8739	America/Sao_Paulo	br
South America	Senador Canedo	-16.7081	-49.0931	America/Sao_Paulo	br
South America	Serra	-20.1286	-40.3078	America/Sao_Paulo	br
South America	Sertãozinho	-21.1378	-47.9903	America/Sao_Paulo	br
South America	Sete Lagoas	-19.4658	-44.2467	America/Sao_Paulo	br
South America	Simões Filho	-12.7844	-38.4039	America/Bahia	br
South America	Sincelejo	9.3045	-75.3905	America/Bogota	co
South America	Sinop	-11.8642	-55.5025	America/Cuiaba	br
South America	Soacha	4.5794	-74.2168	America/Bogota	co
South America	Sobral	-3.6861	-40.3497	America/Fortaleza	br
South America	Sogamoso	5.7143	-72.9339	America/Bogota	co
South America	Soledad	10.9184	-74.7646	America/Bogota	co
South America	Sorocaba	-23.5017	-47.4581	America/Sao_Paulo	br
South America	Sorriso	-12.5453	-55.7114	America/Cuiaba	br
South America	Sucre	-19.0333	-65.2627	America/La_Paz	bo
South America	Sullana	-4.9039	-80.6853	America/Lima	pe
South America	Sumaré	-22.8219	-47.2669	America/Sao_Paulo	br
South America	Suzano	-23.5425	-46.3108	America/Sao_Paulo	br
South America	São Bernardo do Campo	-23.6939	-46.5650	America/Sao_Paulo	br
South America	São Caetano do Sul	-23.6231	-46.5511	America/Sao_Paulo	br
South America	São Carlos	-22.0175	-47.8908	America/Sao_Paulo	br
South America	São Cristóvão	-11.0147	-37.2064	America/Maceio	br
South America	São Gonçalo do Amarante	-5.7933	-35.3294	America/Fortaleza	br
South America	São José	-27.6153	-48.6275	America/Sao_Paulo	br
South America	São José (BR)	-28.2134	-49.1638	America/Sao_Paulo	br
South America	São José de Ribamar	-2.5557	-44.0599	America/Fortaleza	br
South America	São José do Rio Preto	-20.8197	-49.3794	America/Sao_Paulo	br
South America	São José dos Campos	-23.1794	-45.8869	America/Sao_Paulo	br
South America	São José dos Pinhais	-25.5302	-49.2084	America/Sao_Paulo	br
South America	São João de Meriti	-22.8039	-43.3722	America/Sao_Paulo	br
South America	São Leopoldo	-29.7603	-51.1472	America/Sao_Paulo	br
South America	São Luís	-2.5297	-44.3028	America/Fortaleza	br
South America	São Mateus	-18.7201	-39.8589	America/Sao_Paulo	br
South America	São Pedro da Aldeia	-22.8392	-42.1028	America/Sao_Paulo	br
South America	Taboão da Serra	-23.6261	-46.7917	America/Sao_Paulo	br
South America	Tacna	-18.0146	-70.2536	America/Lima	pe
South America	Talca	-35.4232	-71.6497	America/Santiago	cl
South America	Talcahuano	-36.7249	-73.1168	America/Santiago	cl
South America	Tandil	-37.3287	-59.1369	America/Argentina/Buenos_Aires	ar
South America	Tangará da Serra	-14.6194	-57.4858	America/Cuiaba	br
South America	Tarija	-21.5355	-64.7296	America/La_Paz	bo
South America	Tatuí	-23.3556	-47.8569	America/Sao_Paulo	br
South America	Taubaté	-23.0264	-45.5553	America/Sao_Paulo	br
South America	Teixeira de Freitas	-17.5350	-39.7419	America/Bahia	br
South America	Temuco	-38.7363	-72.5974	America/Santiago	cl
South America	Teresina	-5.0892	-42.8019	America/Fortaleza	br
South America	Teresópolis	-22.4167	-42.9782	America/Sao_Paulo	br
South America	Teófilo Otoni	-17.8575	-41.5053	America/Sao_Paulo	br
South America	Tinaquillo	9.9186	-68.3047	America/Caracas	ve
South America	Toledo (BR)	-24.7136	-53.7431	America/Sao_Paulo	br
South America	Trindade	-16.6494	-49.4889	America/Sao_Paulo	br
South America	Trujillo	-8.1160	-79.0300	America/Lima	pe
South America	Três Lagoas	-20.7876	-51.7034	America/Campo_Grande	br
South America	Tubarão	-28.4667	-49.0069	America/Sao_Paulo	br
South America	Tuluá	4.0847	-76.1954	America/Bogota	co
South America	Tunja	5.5448	-73.3576	America/Bogota	co
South America	Turmero	10.2286	-67.4742	America/Caracas	ve
South America	Táriba	7.8212	-72.2233	America/Caracas	ve
South America	Uberaba	-19.7483	-47.9319	America/Sao_Paulo	br
South America	Uberlândia	-18.9186	-48.2772	America/Sao_Paulo	br
South America	Ubá	-21.1200	-42.9428	America/Sao_Paulo	br
South America	Umuarama	-23.7664	-53.3250	America/Sao_Paulo	br
South America	Upata	8.0162	-62.4056	America/Caracas	ve
South America	Uruguaiana	-29.7547	-57.0883	America/Sao_Paulo	br
South America	Valdivia	-39.8142	-73.2459	America/Santiago	cl
South America	Valencia	10.1615	-68.0004	America/Caracas	ve
South America	Valera	9.3178	-70.6036	America/Caracas	ve
South America	Valinhos	-22.9706	-46.9958	America/Sao_Paulo	br
South America	Valle de La Pascua	9.2155	-66.0073	America/Caracas	ve
South America	Valledupar	10.4654	-73.2531	America/Bogota	co
South America	Valparaíso	-33.0360	-71.6296	America/Santiago	cl
South America	Valparaíso de Goiás	-16.0658	-47.9786	America/Sao_Paulo	br
South America	Varginha	-21.5514	-45.4303	America/Sao_Paulo	br
South America	Vespasiano	-19.6919	-43.9233	America/Sao_Paulo	br
South America	Viamão	-30.0811	-51.0233	America/Sao_Paulo	br
South America	Vila Velha	-20.3297	-40.2925	America/Sao_Paulo	br
South America	Villa Mercedes	-37.4042	-71.9795	America/Santiago	cl
South America	Villavicencio	4.1324	-73.6256	America/Bogota	co
South America	Vitória da Conquista	-14.8661	-40.8394	America/Bahia	br
South America	Vitória de Santo Antão	-8.1181	-35.2914	America/Recife	br
South America	Viña del Mar	-33.0246	-71.5518	America/Santiago	cl
South America	Volta Redonda	-22.5231	-44.1042	America/Sao_Paulo	br
South America	Várzea Grande	-15.6467	-56.1325	America/Cuiaba	br
South America	Várzea Paulista	-23.2114	-46.8283	America/Sao_Paulo	br
South America	Yaritagua	10.0808	-69.1242	America/Caracas	ve
South America	Yopal	5.3357	-72.3939	America/Bogota	co
South America	Zipaquirá	5.0221	-74.0048	America/Bogota	co
South America	Águas Claras	-15.8397	-48.0267	America/Sao_Paulo	br
South America	Águas Lindas de Goiás	-15.7619	-48.2817	America/Sao_Paulo	br
