'ain-benian	Cheraga	Africa	36.7677	2.9592
'ain-el-turk	Mers el Kebir	Africa	35.7279	-0.7081
'ain-merane	Mazouna	Africa	36.1223	0.8986
abomey-calavi	Ganvié	Africa	6.4644	2.3929
abu-tij	As Sāḩil	Africa	27.0631	31.3442
accra	Osu	Africa	5.5573	-0.1864
ad-darwa	Mediouna	Africa	33.4516	-7.5199
agadez	Alaghsas	Africa	17.0187	8.0168
agege	Akowonjo	Africa	6.6101	3.3097
agege	Alimosho	Africa	6.6066	3.3024
agege	Ikeja	Africa	6.5965	3.3420
ahwiaa	Tafo	Africa	6.7316	-1.6137
ain-attig	Mers El Kheir	Africa	33.8626	-6.9296
ain-oulmene	Salah Bey	Africa	35.8545	5.2905
ain-temouchent	El Malah	Africa	35.3914	-1.0924
ait-melloul	Dchira El Jihadia	Africa	30.3734	-9.5476
ait-melloul	Inezgane	Africa	30.3554	-9.5364
ait-melloul	My Drarga	Africa	30.3773	-9.4734
ajegunle	Aliayabiagba	Africa	6.4500	3.3333
akbou	Ighram	Africa	36.4629	4.5053
al-'ayn-as-sukhnah	Ain Sukhna	Africa	29.6002	32.3167
al-aaroui	Selouane	Africa	35.0731	-2.9423
al-badari	Şidfā	Africa	26.9664	31.3795
al-balyana	Dār as Salām	Africa	26.2784	32.0561
al-basaliyah-bahri	As Sibā‘īyah	Africa	25.1941	32.6771
al-hoceima	Tirhanimîne	Africa	35.2362	-3.9545
al-junaynah	'Ārdamatā	Africa	13.4755	22.4853
al-junaynah	El Geneina Fort	Africa	13.4748	22.4574
al-mansurah	Ţalkhā	Africa	31.0539	31.3779
al-qanatir-al-khayriyah	Manshīyat al Qanāţir	Africa	30.1848	31.1065
algiers	Birkhadem	Africa	36.7150	3.0500
algiers	Saoula	Africa	36.7046	3.0246
amanfrom	Kasoa	Africa	5.5345	-0.4168
aplahoue	Djakotomé	Africa	6.8991	1.7162
armant	Ţūd	Africa	25.5828	32.5329
arsi-negele	Kuyera	Africa	7.3000	38.6500
arzew	Aïn el Bya	Africa	35.8039	-0.3018
as-salihiyah-al-jadidah	Al Qaşşāşīn	Africa	30.5641	31.9339
as-sarw	Az Zarqā	Africa	31.2086	31.6353
as-sarw	Mīt Abū Ghālib	Africa	31.2884	31.6772
as-sinbillawayn	Timayy al Imdīd	Africa	30.9438	31.5293
ashaiman	Lashibi	Africa	5.6848	-0.0401
ashaiman	Tema	Africa	5.6698	-0.0166
assiut	An Nāşirīyah	Africa	27.2058	31.1964
at-taj	Al Jawf	Africa	24.1989	23.2909
az-zahra'	Qarqūzah	Africa	32.7457	12.8423
az-zawiyah	Al Ḩurshah	Africa	32.7647	12.6739
az-zawiyah	Zawiya	Africa	32.7522	12.7278
azazga	Freha	Africa	36.7523	4.3155
bab-ezzouar	Bordj el Kiffan	Africa	36.7487	3.1925
bab-ezzouar	Dar el Beïda	Africa	36.7133	3.2125
bamako	Sirakoro Méguétana	Africa	12.5644	-7.9155
banamba	Toubakoura	Africa	13.4637	-7.3828
bani-suwayf	Banī Suwayf al Jadīdah	Africa	29.0330	31.1141
bani-suwayf	New Bani Sewif City	Africa	29.0356	31.1179
beau-bassin-rose-hill	Bambous	Africa	-20.2567	57.4061
beau-bassin-rose-hill	Quatre Bornes	Africa	-20.2638	57.4791
bebedja	Goré	Africa	8.6500	16.5167
ben-jerrar	Lqoliaa	Africa	30.2976	-9.4660
benguela	Navegantes	Africa	-12.5900	13.3912
beni-douala	Tizi-n-Tleta	Africa	36.5457	4.0571
beni-mered	Beni Tamou	Africa	36.5383	2.8217
beni-mered	Oued el Alleug	Africa	36.5553	2.7903
beni-mered	Souma	Africa	36.5183	2.9053
benoni	Brakpan	Africa	-26.2366	28.3694
benoni	Springs	Africa	-26.2500	28.4000
berkane	Sidi Slimane Echcharaa	Africa	34.9082	-2.3506
bhisho	Ndevana	Africa	-32.9077	27.5097
bhisho	Qonce	Africa	-32.8808	27.3938
bissau	Bairro Militar	Africa	11.8746	-15.6158
bissau	Contumo	Africa	11.8500	-15.6167
bissau	Missira	Africa	11.8614	-15.6068
bissau	Plaque	Africa	11.8833	-15.6167
bissau	Quelele	Africa	11.8667	-15.6333
bissau	Reino de Antula	Africa	11.9000	-15.5833
bissau	Reino de Bandim	Africa	11.8500	-15.6000
bissau	Sintra-Nema	Africa	11.8624	-15.5974
bizerte	Menzel Abderhaman	Africa	37.2374	9.8631
bizerte	Menzel Jemil	Africa	37.2362	9.9145
blida	Boû Arfa	Africa	36.4630	2.8146
boboniessoko	Zaïbo	Africa	6.9893	-6.6667
boditi	Shanto	Africa	7.0236	37.8608
bonon	Bognonzra	Africa	6.9432	-5.9673
bordj-el-bahri	Aïn Taya	Africa	36.7933	3.2869
bougara	Ouled Slama Fouaga	Africa	36.5483	3.1101
bouinan	Chebli	Africa	36.5772	3.0092
boumerdas	Thenia	Africa	36.7254	3.5566
brikama	Gunjur	Africa	13.2019	-16.7339
brufut	Tanji	Africa	13.3489	-16.7908
budaka	Butaleja	Africa	0.9119	33.9511
bugembe	Kakira	Africa	0.5083	33.2878
bukoba	Katerero	Africa	-1.4000	31.7333
bunamwaya	Kajansi	Africa	0.2155	32.5345
burj-al-'arab-al-jadidah	Burj al ‘Arab	Africa	30.9032	29.5528
busogo	Kora	Africa	-1.6101	29.4450
busogo	Mukamira	Africa	-1.6111	29.4969
busogo	Mukingo	Africa	-1.5394	29.5558
busumbala	Sanyang	Africa	13.2667	-16.7606
busumbala	Sinchu Alagi	Africa	13.3749	-16.6784
buyale	Kiryandongo Refugee Camp	Africa	1.9399	32.1660
cairo	Būlāq Abū al ‘Ilā	Africa	30.0604	31.2315
cairo	Giza	Africa	30.0094	31.2086
cairo	Madīnat an Naşr	Africa	30.0667	31.3000
camama	Vila Flor	Africa	-8.9801	13.3078
camayenne	Dixinn	Africa	9.5511	-13.6731
cape-town	Athlone	Africa	-33.9672	18.5021
cape-town	Lansdowne	Africa	-33.9873	18.4975
cape-town	Rondebosch	Africa	-33.9633	18.4764
caxito	Mabubas	Africa	-8.5243	13.6862
cela	Quissecula	Africa	-11.3922	15.0920
centurion	Midstream	Africa	-25.9185	28.1988
ciro	Worabe	Africa	7.8526	38.1853
constantine	Hamma Bouziane	Africa	36.4121	6.5960
cyangugu	Bushenge	Africa	-2.4421	28.9824
cyato	Rangiro	Africa	-2.4045	29.1606
dakar	Le Plateau	Africa	14.6622	-17.4397
dar-es-salaam	Magomeni	Africa	-6.8000	39.2500
dara	Ndibène Dahra	Africa	15.3338	-15.4766
diamniadio	Sébikhotane	Africa	14.7452	-17.1378
dikirnis	Minyat an Naşr	Africa	31.1262	31.6431
diourbel	Tiébo	Africa	14.6333	-16.2333
dishna	Al Waqf	Africa	26.0866	32.4226
disuq	Ar Raḩmānīyah	Africa	31.1048	30.6413
djamaa	Sidi Amrane	Africa	33.4988	6.0080
djemmal	Zeramedine	Africa	35.5752	10.7346
djibouti	Balbala	Africa	11.5619	43.1067
dogbo	Toviklin	Africa	6.8894	1.8372
draa-ben-khedda	Tadmaït	Africa	36.7441	3.9005
duekoue	Bahé-Blaon	Africa	6.6707	-7.3426
duekoue	Fengolo	Africa	6.7863	-7.3934
dumila	Magole	Africa	-6.3770	37.3737
dundee-(za)	Glencoe	Africa	-28.1783	30.1470
dwarsloop	Mafemani	Africa	-24.7886	31.0794
dwarsloop	Thulamahashi	Africa	-24.7246	31.1994
edenvale	Alexandra	Africa	-26.1053	28.0988
edfu	Ar Radīsīyah Qiblī	Africa	24.9065	32.8856
ekpe	Semi	Africa	6.3667	2.6167
el-attaf	El Abadia	Africa	36.2695	1.6861
el-hed	Feraoun	Africa	36.5604	4.8545
el-kseur	Amizour	Africa	36.6402	4.9013
el-mgarsa	Midoun	Africa	33.8081	10.9923
el-mourouj	Ben Arous	Africa	36.7545	10.2217
el-mourouj	Boumhel El Bassatine	Africa	36.7251	10.2350
el-mourouj	Fouchana	Africa	36.7005	10.1685
el-mourouj	La Mohammedia	Africa	36.6745	10.1563
ettadhamen	Den Den	Africa	36.8075	10.1106
ettadhamen	Douar Hicher	Africa	36.8266	10.0897
ettadhamen	Le Bardo	Africa	36.8106	10.1348
ettadhamen	Manouba	Africa	36.8101	10.0956
ettadhamen	Mnihla	Africa	36.8477	10.1108
faraskur	Ar-Rawḍah	Africa	31.3234	31.7612
faraskur	Kafr Sa‘d	Africa	31.3557	31.6848
farshut	Abū Ţisht	Africa	26.1204	32.0954
fatick	Poukham Un	Africa	14.3575	-16.4123
fes	Fès al Bali	Africa	34.0701	-4.9547
fes	New Fes	Africa	34.0547	-5.0072
fes	Oulad Tayeb	Africa	33.9463	-4.9951
fes	Ras el Ma	Africa	33.9740	-5.0961
fnidek	Ceuta	Africa	35.8892	-5.3204
fort-portal	Buhesi	Africa	0.5810	30.2101
freetown	Goderich	Africa	8.4276	-13.2860
gabes	Chenini Nahal	Africa	33.8722	10.0552
gabes	Teboulbou	Africa	33.8455	10.1142
gaborone	Tlokweng	Africa	-24.6686	25.9711
gafsa	El Ksar	Africa	34.3992	8.8040
gbapleu	Kranzadougou	Africa	6.4850	-7.2010
gbawe	Awoshi	Africa	5.5838	-0.2779
gbawe	Mandela	Africa	5.5522	-0.3391
germiston	Alberton	Africa	-26.2679	28.1223
gharyan	Al Qawāsim	Africa	32.1842	13.0604
gihombo	Kirimbi	Africa	-2.2647	29.1964
gihombo	Mahembe	Africa	-2.2386	29.2929
goma	Gisenyi	Africa	-1.7028	29.2564
gremda	Dar el Haj Taïeb	Africa	34.7844	10.7439
grombalia	Beni Khalled	Africa	36.6504	10.5900
guelma	Boumahra Ahmed	Africa	36.4583	7.5139
guelma	Héliopolis	Africa	36.5036	7.4428
had-soualem	Sidi Rahal	Africa	33.4774	-7.9364
hadjout	Tipasa	Africa	36.5897	2.4489
halwan	Al Badrashayn	Africa	29.8500	31.2667
hammam-lif	Borj Cedria	Africa	36.6970	10.3865
hammam-lif	Ez Zahra	Africa	36.7461	10.3083
hammam-lif	La Sebala du Mornag	Africa	36.6793	10.2919
handeni	Chanika	Africa	-5.4167	38.0167
harare	Mount Hampden	Africa	-17.7417	30.9389
hennaya	Beni Mester	Africa	34.8704	-1.4232
hihya	Al Ibrāhīmīyah	Africa	30.7188	31.5630
hoima	Buhimba	Africa	1.3472	31.3081
homa-bay	Awendo	Africa	-0.5000	34.4000
humansdorp	Kruisfontein	Africa	-34.0033	24.7314
ikire	Apomu	Africa	7.3516	4.1833
imzouren	Bni Bouayach	Africa	35.1051	-3.8403
injibara	Ādīs K’idamē	Africa	11.0833	36.8833
ise-ekiti	Emure-Ekiti	Africa	7.4364	5.4592
ishaka	Kyamahungu	Africa	-0.4514	30.1133
ivato	Ambohidratrimo	Africa	-18.8180	47.4338
iwo	Olupona	Africa	7.6004	4.1926
jomvu	Mazeras	Africa	-3.9643	39.5498
kafr-ad-dawwar	‘Izbat ‘Alī as Sayyid	Africa	31.1567	30.1477
kakiri	Kiziba	Africa	0.5139	32.3506
kalaa-srira	Ezzouhour	Africa	35.7901	10.5826
kalaban-koro	Kabala	Africa	12.5255	-8.0393
kaolack	Kahone	Africa	14.1584	-16.0357
kapenguria	Makutano	Africa	1.2588	35.0957
karuri-(ke)	Murang’a	Africa	-0.7210	37.1526
kasaali	Kalisizo	Africa	-0.5364	31.6214
katabi	Entebbe	Africa	0.0562	32.4795
katima-mulilo	Sesheke	Africa	-17.4759	24.2968
katiola	Fronan	Africa	8.2149	-5.1255
katoro	Buseresere	Africa	-3.0488	31.8854
katumba	Kiwira	Africa	-9.1731	33.5415
katumba	Tukuyu	Africa	-9.2500	33.6500
kelaa-kebira	Akouda	Africa	35.8691	10.5653
khemis-el-khechna	Arbatache	Africa	36.6377	3.3713
khemis-el-khechna	Ouled Haddaj	Africa	36.7146	3.3422
khemis-el-khechna	Ouled Moussa	Africa	36.6839	3.3666
khemis-miliana	Miliana	Africa	36.3055	2.2248
kibuye	Gitesi	Africa	-2.1139	29.4022
kidatu	Ruaha	Africa	-7.6569	36.9830
kigoma	Mwandiga	Africa	-4.8300	29.6581
kikolo	Cacuaco	Africa	-8.7798	13.3748
kira	Kasangati	Africa	0.4380	32.6025
kira	Kireka	Africa	0.3475	32.6492
kirambo	Macuba	Africa	-2.2933	29.1877
kisii	Thomas Magena home	Africa	-0.7702	34.7508
kitengela	Athi River	Africa	-1.4563	36.9783
kobo	Robit	Africa	9.9946	39.8969
kolea	Zeralda	Africa	36.7117	2.8424
koumassi	Marcory	Africa	5.3120	-3.9936
koungheul	Koungneul Sossé	Africa	13.9667	-14.8167
kumasi	New Tafo	Africa	6.7190	-1.6119
kyela	Ipinda	Africa	-9.4833	33.9000
l'arbaa-nait-irathen	Tizi Rached	Africa	36.6718	4.1918
la-marsa	Carthage	Africa	36.8611	10.3316
la-marsa	Le Kram	Africa	36.8358	10.3164
la-possession	Le Port	Africa	-20.9375	55.2942
lagos	Makoko	Africa	6.4961	3.3878
lagos	Mushin	Africa	6.5280	3.3541
lagos	Oshodi	Africa	6.5550	3.3436
lagos	Shomolu	Africa	6.5389	3.3742
lagos	Surulere	Africa	6.5015	3.3581
lahraouyine	Tit Mellil	Africa	33.5581	-7.4865
lasoano	El Bahay	Africa	6.3466	45.4781
leslie	Lebohang	Africa	-26.3794	28.9211
lokossa	Athiémé	Africa	6.5808	1.6696
loum	Tombel	Africa	4.7466	9.6705
luanda	Cazenga	Africa	-8.8380	13.2840
luanda	Kilamba	Africa	-8.8486	13.2750
luanda	Kima Kieza	Africa	-8.8341	13.2952
luanda	Mulenvos	Africa	-8.8669	13.3344
luanda	Rangel	Africa	-8.8264	13.2629
luenoufla	Bédiala	Africa	7.1601	-6.3064
lugazi	Buikwe	Africa	0.3375	33.0106
lukwatini	Nhlazatje	Africa	-26.0403	30.7927
lusaka	Madido	Africa	-15.3545	28.3742
lusaka	Ntandabale	Africa	-15.3896	28.4220
lushoto	Matui	Africa	-4.8000	38.2500
lushoto	Mazinde	Africa	-4.8000	38.2167
luxor	Al Bayāḑīyah	Africa	25.6648	32.6354
luxor	Az Zaynīyah Qiblī	Africa	25.7509	32.6776
luxor	Aţ Ţārif	Africa	25.7383	32.6368
mafikeng	Mmabatho	Africa	-25.8500	25.6333
magu	Kihangara	Africa	-2.5833	33.3500
mahdia	Zouila	Africa	35.5006	11.0606
maianga	Golfe	Africa	-8.8664	13.2617
maianga	Ingombota	Africa	-8.8181	13.2289
makouda	Boudjima	Africa	36.8022	4.1519
mamoudzou	Dzaoudzi	Africa	-12.7834	45.2569
mamoudzou	Kaouéni	Africa	-12.7712	45.2242
mamoudzou	Koungou	Africa	-12.7336	45.2042
mamoudzou	Labattoir	Africa	-12.7770	45.2823
mamoudzou	Mtsapéré	Africa	-12.7864	45.2173
mandera	Beled Hawo	Africa	3.9284	41.8800
maneah	Coyah	Africa	9.7064	-13.3847
mankesim	Saltpond	Africa	5.2091	-1.0606
maputsoe	Ficksburg	Africa	-28.8720	27.8751
margate	Ga-Malakhe	Africa	-30.8063	30.3348
marrakesh	Méchouar-Kasba	Africa	31.6008	-7.9865
martil	Azla	Africa	35.5530	-5.2447
maseru	Mabote	Africa	-29.2786	27.5242
mashtul-as-suq	Shibīn al Qanāţir	Africa	30.3127	31.3202
maxixe	Inhambane	Africa	-23.8650	35.3833
mbake	Keur Médoune	Africa	14.7584	-15.9043
mbandaka	Bolenge	Africa	0.0000	18.2167
mbarara	Bwizibwera	Africa	-0.5917	30.6286
meagui	Touagui	Africa	5.4310	-6.5595
medina-estates	Adenta	Africa	5.7142	-0.1542
meknes	Douar Toulal	Africa	33.8848	-5.5966
meknes	Ouislane	Africa	33.9141	-5.4897
menzel-bourguiba	Douar Tindja	Africa	37.1667	9.7500
menzel-bourguiba	Tinja	Africa	37.1596	9.7606
merelani	Mbuguni	Africa	-3.5667	36.9500
minya	Al-Minyā al-Jadīdah	Africa	28.0864	30.8146
misserete	Avrankou	Africa	6.5559	2.6512
mit-ghamr	Zefta	Africa	30.7142	31.2443
mit-salsil	Kafr al Kurdī	Africa	31.1684	31.7655
mizan-teferi	Komtikas	Africa	6.9577	35.5575
mkhuhlu	Calcutta	Africa	-24.9832	31.2349
mkhuhlu	Hlanganani	Africa	-24.9591	31.1702
mocimboa-da-praia	Mocímboa	Africa	-11.3167	40.3500
mogoditshane	Gabane	Africa	-24.6667	25.7822
mohammedia	Beni Yakhlef	Africa	33.6841	-7.3392
mohammedia	El Mansouria	Africa	33.7464	-7.3019
moknine	Ksar Hellal	Africa	35.6477	10.8905
monastir	Bembla et Mnara	Africa	35.6991	10.7952
monastir	Skanes	Africa	35.7749	10.7946
mouzaia	Chiffa	Africa	36.4629	2.7387
mozambique	Mossuril	Africa	-14.9678	40.6639
msaken	Ouardenine	Africa	35.7092	10.6740
msaken	Ouerdanine	Africa	35.6901	10.6760
muizenberg	Retreat	Africa	-34.0551	18.4762
munuf	Sirs al Layyānah	Africa	30.4428	30.9698
mutare	Machipanda	Africa	-18.9860	32.7355
nabeul	Beni Khiar	Africa	36.4692	10.7822
nabeul	Dar Chabanne	Africa	36.4680	10.7517
nabeul	Douane	Africa	36.4477	10.7557
nairobi	Pumwani	Africa	-1.2832	36.8473
nakaloke	Sironko	Africa	1.2313	34.2477
namalombwe	Lusaka West	Africa	-15.3186	28.1103
ndola	Mapalo	Africa	-12.9369	28.6721
ndouci	Gbolouville	Africa	5.7941	-4.6613
new-cairo	Al Qāhirah al Jadīdah	Africa	30.0421	31.4445
newala-kisimani	Luchingu	Africa	-10.9000	39.3333
newala-kisimani	Newala	Africa	-10.9333	39.3000
niakoul-rab	Jaxaay Parcelle Niakoul Rap	Africa	14.7747	-17.2802
njeru	Jinja	Africa	0.4390	33.2032
njombe-(cm)	Penja	Africa	4.6391	9.6799
nouakchott	Dar Naim	Africa	18.1081	-15.9267
nouakchott	Ksar	Africa	18.0995	-15.9574
nouakchott	Tevragh Zeina	Africa	18.0989	-15.9885
nouna	Pa	Africa	12.6667	-3.9500
nyabitekeli	Shangi	Africa	-2.4036	29.0059
nyachera	Mabare	Africa	-0.9667	30.4500
nyagatare	Bugaragara	Africa	-1.2929	30.4077
nyagatare	Umutara	Africa	-1.2955	30.3230
nyahururu	Mairo Inya	Africa	0.0254	36.4087
nyeri	Tetu	Africa	-0.4342	36.9168
nzega-(rw)	Gikongoro	Africa	-2.4640	29.5739
obonoma	Degema Hulk	Africa	4.7614	6.7496
okene	Ogaminana	Africa	7.5938	6.2180
ongata-rongai	Lang'ata	Africa	-1.3666	36.7332
onitsha	Nkpor	Africa	6.1504	6.8304
oran	Es Senia	Africa	35.6478	-0.6240
orita-eruwa	Eruwa	Africa	7.5391	3.4245
oshakati	Ongwediva	Africa	-17.7720	15.7656
ota	Ijoko	Africa	6.7424	3.2622
ota	Iyesi	Africa	6.6606	3.1798
ota	River Atuwara	Africa	6.6819	3.1431
ouargla	Rouissat	Africa	31.9243	5.3502
ouarzazate	Tabount	Africa	30.9032	-6.9158
oued-lill	La Mornaghia	Africa	36.7590	10.0170
ouidah	Kouandé	Africa	6.4000	2.0667
pikine	Guédiawaye	Africa	14.7745	-17.4021
pikine	N’diareme limamoulaye	Africa	14.7815	-17.3841
pobe	Adjaouèrè	Africa	7.0023	2.6059
pointe-noire	Loandjili	Africa	-4.7561	11.8578
port-louis	Baie du Tombeau	Africa	-20.1194	57.4914
port-louis	Le Hochet	Africa	-20.1386	57.5301
port-said	Al-Manākh	Africa	31.2679	32.2846
port-said	Az-Zuhūr	Africa	31.2650	32.2640
port-said	Aḍ-Ḍawāḥy	Africa	31.2441	32.2773
port-said	Būr Fu’ād	Africa	31.2441	32.3195
porto-novo	Adjarra	Africa	6.5344	2.6683
qus	Jarājūs	Africa	25.8720	32.7559
qus	Naqādah	Africa	25.9011	32.7239
qus	Qifţ	Africa	25.9984	32.8181
rades	La Goulette	Africa	36.8192	10.3065
rades	Mégrine	Africa	36.7692	10.2364
raqo	Golwayn	Africa	6.5073	45.8349
rass-el-djebel	El Alia	Africa	37.1691	10.0348
ressano-garcia	Komatipoort	Africa	-25.4332	31.9548
rhennouch	Métouia	Africa	33.9592	9.9962
rouiba	Reghaïa	Africa	36.7359	3.3402
rufisque	Bargny	Africa	14.6971	-17.2301
rufisque	Bargny Guèdj	Africa	14.6870	-17.2281
rufisque	Bargny Ngoude	Africa	14.6941	-17.2353
rufisque	Rufisque est	Africa	14.7162	-17.2728
rujewa	Urunda	Africa	-8.6500	34.3000
ruwa	Epworth	Africa	-17.8900	31.1475
saaba	Nioko I	Africa	12.3950	-1.4386
sabha	Al Jadīd	Africa	27.0500	14.4000
saint-leu	Piton Saint-Leu	Africa	-21.2196	55.3151
sainte-marie	Sainte-Suzanne	Africa	-20.9062	55.6079
sakiet-ed-daier	El Ain	Africa	34.8000	10.7833
sakiet-ed-daier	Sakiet ez Zit	Africa	34.8019	10.7636
sakumona	Nungua	Africa	5.6010	-0.0771
sakumona	Teshi Old Town	Africa	5.5836	-0.1072
samannud	Aga	Africa	30.9416	31.2904
sambizanga	Hoji ya Henda	Africa	-8.8052	13.2897
sangarebougou	Moribabougou	Africa	12.6867	-7.8638
saonre	Zinguédéssé	Africa	12.2466	-1.5840
sassandra	Gaoulou	Africa	5.0335	-6.1514
segou	Pèlèngana	Africa	13.4274	-6.2220
serekunda	Bakau	Africa	13.4781	-16.6819
serekunda	Bakau New Town	Africa	13.4730	-16.6851
serekunda	Bununka Kunda	Africa	13.4272	-16.6853
serekunda	Dippa Kunda	Africa	13.4403	-16.6869
serekunda	Faji Kunda	Africa	13.4178	-16.6667
serekunda	Ibo Town	Africa	13.4353	-16.6764
serekunda	Latri Kunda	Africa	13.4486	-16.6853
serekunda	Manjai Kunda	Africa	13.4453	-16.7028
serekunda	Sanchaba	Africa	13.4222	-16.7097
serekunda	Sukuta	Africa	13.4103	-16.7081
serekunda	Talinding	Africa	13.4256	-16.6726
serekunda	Welingara	Africa	13.4036	-16.6736
shagamu	Iperu	Africa	6.9100	3.6656
shanwa	Nyalikungu	Africa	-3.1833	33.7833
shubra-al-khaymah	Ḩadā’iq al Qubbah	Africa	30.0884	31.2835
sidi-amar	El Hadjar	Africa	36.8038	7.7368
sidi-ech-chahmi	Assi Bou Nif	Africa	35.6922	-0.4994
sidi-ech-chahmi	En Nedjma	Africa	35.6478	-0.5695
sinkasse	Cinkansé	Africa	11.1186	0.0099
sohag	Akhmīm	Africa	26.5622	31.7457
soliman	Mennzel Bou Zelfa	Africa	36.6831	10.5843
somanda	Lalago	Africa	-3.4500	33.9500
soshanguve	Mabopane	Africa	-25.5090	28.0640
souk-el-arbaa	Souq Larb’a al Gharb	Africa	34.6866	-6.0027
sousse	Hammam Sousse	Africa	35.8609	10.6031
sousse	Maatmeur	Africa	35.7517	10.6908
sousse	Sahline	Africa	35.7517	10.7111
sousse	Zaouiet Sousse	Africa	35.7855	10.6273
sukrah	Rawad	Africa	36.8948	10.1860
sumusta-al-waqf	Sumusţā as Sulţānī	Africa	28.9167	30.8500
taifa	Dome	Africa	5.6500	-0.2361
taifa	New Achimota	Africa	5.6266	-0.2581
takoradi	Sekondi	Africa	4.9342	-1.7145
takoradi	Sekondi-Takoradi	Africa	4.9268	-1.7577
talatona	Benfica	Africa	-8.9443	13.1643
talatona	Nova Vida	Africa	-8.9055	13.2221
tamanrasset	Tamanghasset	Africa	22.7850	5.5228
taroudant	Ait Yazza	Africa	30.5019	-8.7992
teboulba	Bekalta	Africa	35.6174	10.9947
temara	El Harhoura	Africa	33.9448	-6.9311
tenes	Sidi Akkacha	Africa	36.4647	1.3026
thembisa	Ivory Park	Africa	-25.9957	28.1971
thies	Thiès Nones	Africa	14.7833	-16.9667
thohoyandou	Tshitereke	Africa	-22.8842	30.4936
tiko	Mutengene	Africa	4.0913	9.3144
timizart	Arhribs	Africa	36.7936	4.3116
tirmitine	Maâtkas	Africa	36.6047	3.9844
tizi-gheniff	Chabet el Ameur	Africa	36.6371	3.6947
tlemcen	Chetouane	Africa	34.9213	-1.2951
tlemcen	Mansoûra	Africa	34.8616	-1.3394
tororo	Malaba	Africa	0.6444	34.2606
touggourt	Tebesbest	Africa	33.1167	6.0833
trichardt	Secunda	Africa	-26.5500	29.1667
tunduma	Nakonde	Africa	-9.3421	32.7450
tunis	Aryanah	Africa	36.8601	10.1934
uromi	Ubiaja	Africa	6.6558	6.3849
vacoas	Curepipe	Africa	-20.3163	57.5259
vikindu	Mwandege	Africa	-6.9756	39.2893
waka	Tarch’a Sodo	Africa	7.1514	37.1718
windhoek	Katutura	Africa	-22.5231	17.0603
wobulenzi	Namasuba	Africa	0.6894	32.4214
wonji	Wenjī	Africa	8.4500	39.2833
youri-kourtere	Kollo	Africa	13.3043	2.3390
zagazig	Al Qanāyāt	Africa	30.6193	31.4616
aberdeen-(hk)	Chek Chue	Asia	22.2185	114.2124
aberdeen-(hk)	Hong Kong Island	Asia	22.2630	114.1842
aberdeen-(hk)	Kennedy Town	Asia	22.2828	114.1295
aberdeen-(hk)	Lei Tung	Asia	22.2405	114.1576
aberdeen-(hk)	Lei Tung Estate	Asia	22.2412	114.1552
aberdeen-(hk)	Leighton Hill	Asia	22.2761	114.1840
aberdeen-(hk)	Pok Fu Lam	Asia	22.2686	114.1292
aberdeen-(hk)	South Horizons	Asia	22.2438	114.1483
aberdeen-(hk)	South Horizons (Estate)	Asia	22.2441	114.1462
aberdeen-(hk)	The Peak	Asia	22.2620	114.1565
aberdeen-(hk)	Tin Wan	Asia	22.2511	114.1473
aberdeen-(hk)	Wah Fu	Asia	22.2547	114.1362
abovyan	Avan	Asia	40.2144	44.5785
adichanallur	Mīnād	Asia	8.8503	76.6952
adichanallur	Nedumpana	Asia	8.9080	76.6930
adichanallur	Talattala	Asia	8.8738	76.6716
adilabad	Dasnapur	Asia	19.6540	78.5121
adilabad	Kyathampalle	Asia	19.6678	78.5289
adiwerna	Dukuhturi	Asia	-6.9000	109.0833
adiwerna	Slawi	Asia	-6.9816	109.1407
adiwerna	Tarub	Asia	-6.9333	109.1667
agano	Suibara	Asia	37.8461	139.2304
agartala	Charipara	Asia	23.8091	91.2481
agartala	Dukli	Asia	23.7984	91.2964
ageo	Hasuda	Asia	35.9711	139.6491
ageo	Okegawa	Asia	36.0000	139.5572
ageo	Sashiōgi	Asia	35.9141	139.5805
ageo	Shinden	Asia	35.9997	139.6249
aira	Kajiki	Asia	31.7333	130.6667
ajmer	Pushkar	Asia	26.4902	74.5521
akiruno	Itsukaichi	Asia	35.7253	139.2178
akola	Umbri	Asia	20.7137	77.0264
alam-damai	Bandar Tun Hussein Onn	Asia	3.0547	101.7594
alam-damai	Desa Petaling	Asia	3.0838	101.7090
alam-damai	Kampong Baharu Cheras Batu Sebelas	Asia	3.0500	101.7667
alam-damai	Kampung Baru Balakong	Asia	3.0294	101.7471
alam-damai	Seri Kembangan	Asia	3.0333	101.7167
alangad	Alengād	Asia	10.1190	76.3023
alangad	Aluva	Asia	10.1076	76.3516
alangad	Cheranellūr	Asia	10.0543	76.2896
alangad	Choornikkara	Asia	10.0879	76.3411
alangad	Elūr	Asia	10.0667	76.2833
alangad	Kadungalūr	Asia	10.0948	76.3211
alangad	Karumālūr	Asia	10.1329	76.2799
alangad	Varappuzha	Asia	10.0759	76.2715
allinagaram	Teni	Asia	10.0112	77.4777
alor-setar	Kampung Alor Mengkudu	Asia	6.0884	100.3917
alor-setar	Kuala Kedah	Asia	6.1000	100.3000
ama	Haruta	Asia	35.1422	136.8121
ama	Kanie	Asia	35.1333	136.8000
ama	Kiyosu	Asia	35.2167	136.8333
ama	Ōharu	Asia	35.1746	136.8201
amagi	Tachiarai	Asia	33.4000	130.6167
amagi	Yamaguma	Asia	33.4212	130.6136
amahai	Masohi	Asia	-3.2983	128.9688
amakusa	Hondomachi-hondo	Asia	32.4599	130.1671
amami	Naze	Asia	28.3667	129.4833
ambala-sadar	Bablāi	Asia	30.3573	76.8790
ambala-sadar	Kardhān	Asia	30.3177	76.8660
ambalantota	Hambantota	Asia	6.1241	81.1185
amballur	Marattakara	Asia	10.4733	76.2558
amballur	Namminikara	Asia	10.4322	76.2542
amballur	Puthūr	Asia	10.4874	76.2793
ambasamudram	Kallidaikurichi	Asia	8.6859	77.4659
ambasamudram	Vadakku Viravanallur	Asia	8.6979	77.5192
ambattur	Maduravoyal	Asia	13.0675	80.1632
ambattur	Nalambūr	Asia	13.0867	80.1703
ami	Naka	Asia	36.0500	140.1667
amlapura	Amlapura city	Asia	-8.4487	115.6062
amlapura	Bedugul	Asia	-8.4504	115.5925
ampang	Hulu Langat	Asia	3.1137	101.8142
ampang	Ulu Kelang	Asia	3.1800	101.7730
amritsar	Nangli	Asia	31.6863	74.8875
anantapur	Kakkalapalle	Asia	14.6415	77.5668
anantnag	Achhībal	Asia	33.6841	75.2184
anantnag	Bijbehara	Asia	33.7938	75.1070
anew	Gämi	Asia	37.9074	58.4704
anfu-(cn)	Yebao	Asia	34.9372	105.6467
angamali	Chengamanād	Asia	10.1541	76.3416
angamali	Martūru	Asia	10.1717	76.4264
angamali	Nedumbassery	Asia	10.1565	76.4017
angeles-city	Babo-Pangulo	Asia	15.0833	120.5167
angeles-city	Manibaug Pasig	Asia	15.0962	120.5644
angeles-city	Porac	Asia	15.0711	120.5423
angeles-city	Santol	Asia	15.1622	120.5675
angeles-city	Telabastagan	Asia	15.1185	120.6077
angul	Nalco	Asia	20.8654	85.1828
anju	Sinanju	Asia	39.5981	125.6097
ankleshwar	Andada	Asia	21.6559	73.0215
ankleshwar	Anklesvar INA	Asia	21.6167	73.0276
ankleshwar	Gadkhol	Asia	21.6438	73.0121
ankleshwar	Sarangpore	Asia	21.6359	73.0475
anlan	Tiaoshi	Asia	29.2772	106.6425
antipolo	Calumpang	Asia	14.6228	121.0897
antipolo	Marikina City	Asia	14.6481	121.1133
anyang-si	Gunpo	Asia	37.3675	126.9469
anyang-si	Uiwang	Asia	37.3653	126.9478
anyuan	Dazhuang	Asia	34.9589	105.3361
ap-mot	Vị Thanh	Asia	9.7845	105.4701
arao	Nagasu	Asia	32.9326	130.4428
aroor	Ezhupunna	Asia	9.8211	76.2998
aroor	Kodamthuruth	Asia	9.8006	76.3015
aroor	Kumbalam	Asia	9.9063	76.3113
aroor	Kumbalangy	Asia	9.8798	76.2835
aruppukkottai	Pālaiyampatti	Asia	9.5392	78.0984
asakuchi	Kamogatachō-kamogata	Asia	34.5374	133.5897
ashuganj-city	Bhairab Bāzār	Asia	24.0524	90.9764
astanajapura	Karangsembung	Asia	-6.8487	108.6422
atami	Yugawara	Asia	35.1500	139.0667
atarra	Naraini	Asia	25.1903	80.4750
atholi	Chēmanchēri	Asia	11.4048	75.7236
atholi	Icchannūr	Asia	11.3615	75.7782
atholi	Talakkolattur	Asia	11.3537	75.7580
atsugi	Isehara	Asia	35.3993	139.3102
atsugi	Zama	Asia	35.4879	139.3910
attingal	Kīlattingal	Asia	8.6926	76.7933
attingal	Vakkam	Asia	8.6845	76.7675
attur	Narasingapuram	Asia	11.6038	78.5778
attur	Peddanāyakkanpālaiyam	Asia	11.6510	78.5087
atyrau	Balykshi	Asia	47.0667	51.8667
aurangabad	Aurangabad Cantonment	Asia	19.8761	75.2916
avadi	Reddipālaiyam	Asia	13.1078	80.1206
avadi	Vīrarāghavapuram	Asia	13.0731	80.1078
avanigadda	Challapalle	Asia	16.1176	80.9314
avinashi	Palangarai	Asia	11.1978	77.3058
awara	Mikuni	Asia	36.2149	136.1483
awati	Alamaiti	Asia	38.5820	77.4762
awati	Azhatebage	Asia	38.6588	77.4664
aya-nagar	Dera Māndi	Asia	28.4360	77.1760
aya-nagar	Sultan Pur	Asia	28.4956	77.1611
ayancheri	Eravattūr	Asia	11.5801	75.7384
ayancheri	Kottappally	Asia	11.6127	75.6614
ayancheri	Mennānyam	Asia	11.5579	75.7596
ayancheri	Villiappally	Asia	11.6250	75.6287
azhoor	Kadakkavoor	Asia	8.6792	76.7671
azhoor	Kizhuvalam-Koonthalloor	Asia	8.6625	76.8097
azhoor	Vellūr	Asia	8.6262	76.8305
azumino	Toyoshina	Asia	36.2999	137.9011
bac-quang	Thị Trấn Việt Quang	Asia	22.4151	104.8068
bac-tu-liem	Cầu Diễn	Asia	21.0393	105.7666
bac-tu-liem	Thượng Cát	Asia	21.0934	105.7319
bac-tu-liem	Tây Tựu	Asia	21.0730	105.7300
bac-tu-liem	Đông Ngạc	Asia	21.0806	105.7740
bachhraon	Dhanaura	Asia	28.9591	78.2563
bacolod-city	Mansilingan	Asia	10.6311	122.9789
bacolod-city	Sumag	Asia	10.6014	122.9192
badagara	Chōrōd	Asia	11.6277	75.5915
badagara	Iringal	Asia	11.5593	75.6166
badagara	Palayad	Asia	11.5505	75.6289
bade	Daxi	Asia	24.8837	121.2904
badepalli	Jadcherla	Asia	16.7738	78.1367
bago-city	Pacol	Asia	10.4500	122.8167
bago-city	Pulupandan	Asia	10.5178	122.8026
bago-city	Taloc	Asia	10.5746	122.8954
baguio	La Trinidad	Asia	16.4550	120.5875
bahadurgarh	Jharoda Kalān	Asia	28.6526	76.9521
bahadurgarh	Tikri Kalān	Asia	28.6836	76.9701
baheri	Richha	Asia	28.6947	79.5228
baidi	Caotang	Asia	31.0902	109.6240
baihe	Houba	Asia	31.2051	108.5063
baikunthpur	Shivpur Charcha	Asia	23.3289	82.5281
baima	Changba	Asia	29.3347	107.4750
baimajing	Paipu	Asia	19.6398	109.1586
bairagnia	Gaur	Asia	26.7637	85.2766
baishikante	Bage'awati	Asia	38.4891	77.5402
baiyang	Changtan	Asia	30.7392	108.5998
bakhtiarpur	Bakhtiyārpur	Asia	25.4618	85.5318
baki	Grogol	Asia	-7.6011	110.8186
baku	Mehdiabad	Asia	40.4969	49.8517
baliuag	Bustos	Asia	14.9581	120.9178
balung	Panarukan	Asia	-7.7018	113.9184
balussheri	Nanminda	Asia	11.4232	75.8231
ban-bang-kadi	Pathum Thani	Asia	14.0135	100.5305
ban-i-chang	Bang Phae	Asia	13.6916	99.9298
ban-i-chang	Photharam	Asia	13.6923	99.8497
ban-khlong-prawet	Suan Luang	Asia	13.7303	100.6514
ban-mai	Songkhla	Asia	7.1988	100.5951
ban-samae-dam	Ban Khlong Bang Bon	Asia	13.6361	100.3775
ban-tha-kham	Bang Khun Thian	Asia	13.6630	100.4342
banan	Yudong	Asia	29.3850	106.5194
bandar-baharu	Nibong Tebal	Asia	5.1659	100.4779
bandar-baharu	Parit Buntar	Asia	5.1267	100.4932
bandar-saujana-utama	Bandar Puncak Alam	Asia	3.2389	101.4279
bandar-sri-sendayan	Seremban 2	Asia	2.6898	101.9077
bandar-tasik-puteri	Batu Arang	Asia	3.3167	101.4667
bandar-tasik-puteri	Ladang Seri Kundang	Asia	3.2856	101.5190
bandikui	Baswa	Asia	27.1496	76.5834
bando	Iwai	Asia	36.0500	139.9000
bandung	Margahayukencana	Asia	-6.9708	107.5675
banepa	Dhulikhel	Asia	27.6221	85.5428
banepa	Panauti	Asia	27.5847	85.5212
bang-khae	Ban Khlong Bang Phran	Asia	13.6631	100.3878
bang-khae	Ban Lak Song	Asia	13.6893	100.3981
bang-khae	Bang Bon	Asia	13.6618	100.3957
bang-khae	Bang Khae Nuea	Asia	13.7055	100.3893
bang-khae	Bang Phai	Asia	13.7067	100.3867
bang-khae	Bangbontai	Asia	13.6472	100.3714
bang-khae	Khwaeng Bang Khae	Asia	13.6916	100.4045
bang-khae	Phasi Charoen	Asia	13.7147	100.4369
bang-pakong	Phan Thong	Asia	13.4700	101.0931
banga	Surallah	Asia	6.3753	124.7452
bangkok	Bang Kruai	Asia	13.8050	100.4728
bangkok	Bang Phlat	Asia	13.7942	100.5045
bangkok	Bang Rak	Asia	13.7306	100.5239
bangkok	Bangkok Noi	Asia	13.7627	100.4780
bangkok	Bangkok Yai	Asia	13.7232	100.4760
bangkok	Dusit	Asia	13.7771	100.5196
bangkok	Khlong San	Asia	13.7301	100.5087
bangkok	Pathum Wan	Asia	13.7370	100.5233
bangkok	Ratchathewi	Asia	13.7590	100.5336
bangkok	Sathorn	Asia	13.7500	100.5168
bangkok	Taling Chan	Asia	13.7770	100.4567
bangkok	Thon Buri	Asia	13.7250	100.4851
banjar-(id)	Seririt	Asia	-8.1928	114.9388
banjaran	Pameungpeuk	Asia	-7.0183	107.6039
banjarbaru	Martapura	Asia	-3.4109	114.8642
bankra	Dumjor	Asia	22.6199	88.2457
bankra	Mahiari	Asia	22.5883	88.2354
banmankhi-bazar	Banmankhi	Asia	25.8886	87.1942
bao'an	Houhai	Asia	22.5123	113.9255
bao'an	Lequn	Asia	22.5776	113.8739
bao'an	Shekou	Asia	22.4936	113.9156
bao'an	Wushipai	Asia	22.5238	113.9097
baramati	Jalochi	Asia	18.1566	74.6071
barasat	Madhyamgram	Asia	22.6894	88.4459
barbigha	Bar Bigha	Asia	25.2186	85.7332
barbil	Bada Barabīl	Asia	22.1119	85.3868
bardoli	Baben	Asia	21.1373	73.0965
barishal	Charāmaddi	Asia	22.6420	90.4260
barnala	Dhanaula	Asia	30.2822	75.5734
barpeta-road	Howli	Asia	26.4224	90.9800
baruni	Barauni	Asia	25.4709	85.9760
baruni	Bihāt	Asia	25.4253	86.0208
baruni	Teghra	Asia	25.4904	85.9400
basi	Lālru	Asia	30.4917	76.7987
batang	Mlonggo	Asia	-6.5333	110.7000
bathinda	Mahna	Asia	30.2280	74.9937
battambang	Phum Ânlŭng Vĭl	Asia	13.0834	103.2350
batticaloa	Eravur Town	Asia	7.7782	81.6038
batu-berendam	Kampung Ayer Keroh	Asia	2.2654	102.2801
batu-berendam	Kampung Ayer Molek	Asia	2.2139	102.3278
batu-berendam	Kampung Cheng	Asia	2.2635	102.2179
batu-berendam	Kampung Tanjung Minyak	Asia	2.2666	102.2004
batu-berendam	Kawasan Perindustrian Cheng	Asia	2.2618	102.2317
batu-pahat	Kampung Minyak Beku	Asia	1.7954	102.8971
bayan-lepas	Bukit Gemuroh	Asia	5.2977	100.2115
bayan-lepas	Kampung Sungai Ara	Asia	5.3270	100.2735
bayan-lepas	Kampung Teluk Kumbar	Asia	5.2890	100.2470
bayan-lepas	Relau	Asia	5.3310	100.2830
bayombong	Baggabag B	Asia	16.5059	121.1901
bayombong	Solano	Asia	16.5192	121.1812
bedong	Gurun	Asia	5.8172	100.4738
bedong	Sungai Lalang	Asia	5.6998	100.5145
beibei	Chengjiang	Asia	29.8719	106.3847
beidou	Pitou	Asia	23.8950	120.4786
beidou	Tianwei	Asia	23.8927	120.5240
beigang	Xingang	Asia	23.5574	120.3460
belagavi	Māchai	Asia	15.7926	74.4841
belagavi	Piranvādi	Asia	15.8020	74.4801
benoa	Kuta	Asia	-8.7233	115.1723
bentong-town	Bentung	Asia	3.5316	101.9038
beypore	Cheruvannur	Asia	11.1903	75.8283
beypore	Ferokh	Asia	11.1799	75.8414
beypore	Karuvanthuruthy	Asia	11.1721	75.8226
beypore	Olavanna	Asia	11.2184	75.8325
bhadrachalam	Sarapāka	Asia	17.6913	80.8700
bhadreswar	Shyamnagar	Asia	22.8333	88.3667
bhalswa-jahangirpur	Burāri	Asia	28.7557	77.1994
bhalswa-jahangirpur	Jharoda Mazra Burāri	Asia	28.7301	77.2091
bhalswa-jahangirpur	Kamal Pur Majra Burari	Asia	28.7467	77.1935
bhalswa-jahangirpur	Kādīpur	Asia	28.7740	77.1631
bhalswa-jahangirpur	Libāspur	Asia	28.7509	77.1465
bhalswa-jahangirpur	Mukandpur	Asia	28.7394	77.1831
bhalswa-jahangirpur	Siraspur	Asia	28.7582	77.1309
bhalswa-jahangirpur	Sāhibābād Daulotpur	Asia	28.7471	77.1146
bharuch	Bholav	Asia	21.7197	73.0110
bharuch	Jhadeshwar	Asia	21.7136	73.0323
bhatpara	Chandannagar	Asia	22.8622	88.3680
bhatpara	Hugli	Asia	22.9088	88.3967
bhatpara	Naihāti	Asia	22.8940	88.4152
bhawani-mandi	Bhānpura	Asia	24.5130	75.7469
bhawanipur	Bīrpur	Asia	26.5082	87.0119
bhilai	Bhilai Charoda	Asia	21.2231	81.4561
bhilai	Jāmul	Asia	21.2500	81.4000
bhilwara	Māndal	Asia	25.4413	74.5698
bhiwadi	Tāoru	Asia	28.2117	76.9498
bhiwandi	Kalher	Asia	19.2472	73.0152
bhiwandi	Khoni	Asia	19.3173	73.0597
bhongir	Yadagirigutta	Asia	17.5889	78.9434
bhuj	Madhapar	Asia	23.2376	69.6995
bhusawal	Kandāri	Asia	21.0608	75.8098
bijaynagar	Gulābpura	Asia	25.9045	74.6603
bijnor	Jhālu	Asia	29.3361	78.2261
bijuri	Bangawan	Asia	23.1926	82.1272
bilaspur	Bodrī	Asia	22.0235	82.1136
bilaspur	Lingiādīh	Asia	22.0775	82.1761
bilaspur	Sirgittī	Asia	22.0471	82.1487
bilaspur	Tifrā	Asia	22.0631	82.1313
bilimora	Gandevi	Asia	20.8121	72.9981
bina	Etāwa	Asia	24.1835	78.2029
binangonan	Cardona	Asia	14.4865	121.2275
birganj	Raxaul	Asia	26.9798	84.8507
bishan	Hebian	Asia	29.6566	106.1967
bodinayakkanur	Chokkanāthapuram	Asia	9.9921	77.3566
bodupal	Pīrzādagūda	Asia	17.3945	78.5905
bodupal	Uppal Kalan	Asia	17.4058	78.5591
boisar	Khaira	Asia	19.7867	72.7616
boisar	Pasthal	Asia	19.8202	72.7296
bokaro	Chas	Asia	23.6356	86.1671
bolarum	Bāspalli	Asia	17.5391	78.3636
bongabon	General Mamerto Natividad	Asia	15.6025	121.0515
bongabon	Laur	Asia	15.5865	121.1834
bongabon	Palayan City	Asia	15.5415	121.0848
brahmapur	Lochapada	Asia	19.3287	84.8007
budge-budge	Dhulagari	Asia	22.5821	88.1710
budge-budge	Fort Gloster	Asia	22.5044	88.1833
budge-budge	Pujali	Asia	22.4679	88.1452
budge-budge	Pānchla	Asia	22.5367	88.1379
budta	Malingao	Asia	7.1608	124.4750
bueng-kum	Bang Kapi	Asia	13.7653	100.6470
bueng-kum	Huamak	Asia	13.7578	100.6474
bueng-kum	Khan Na Yao	Asia	13.8256	100.6774
bueng-kum	Khlong Chan	Asia	13.7813	100.6451
bueng-kum	Khlong Kum	Asia	13.7884	100.6803
bueng-kum	Saphan Sung	Asia	13.7700	100.6848
bugo	Tagoloan	Asia	8.5395	124.7541
bukit-jalil	Bandar Kinrara	Asia	3.0493	101.6415
bukit-jalil	Kuchai Lama	Asia	3.0847	101.6909
bukit-jalil	Sri Petaling	Asia	3.0688	101.6897
bukit-jalil	Taman OUG	Asia	3.0729	101.6763
bukit-mertajam	Bukit Tengah	Asia	5.3460	100.4392
bukit-mertajam	Kubang Semang	Asia	5.4037	100.4574
bukit-rahman-putra	Damansara Damai	Asia	3.1989	101.5918
bukit-rahman-putra	Kampung Setia	Asia	3.2418	101.5330
bukit-rahman-putra	Kuang	Asia	3.2594	101.5541
bukit-rahman-putra	Sungai Buloh	Asia	3.2100	101.5610
bunawan	Veruela	Asia	8.0731	125.9558
burirchar	Ayla Patakata	Asia	22.2173	90.2096
burla	Hīrākud	Asia	21.5250	83.8727
butuan	Libertad	Asia	8.9442	125.5019
cagayan-de-oro	Balulang	Asia	8.4453	124.6314
caijia	Jiaping	Asia	28.9916	106.3484
calamba	Mamatid	Asia	14.2349	121.1590
calauan	Bay	Asia	14.1837	121.2855
caloocan	Bagong Barrio	Asia	14.6664	120.9932
caloocan	Malabon	Asia	14.6733	120.9397
caloocan	Navotas	Asia	14.6667	120.9500
calumpit	Apalit	Asia	14.9533	120.7700
cam-le	Hòa Cường	Asia	16.0431	108.1821
cam-pha	Cẩm Phả Mines	Asia	21.0167	107.3000
can-tho	Bình Minh	Asia	10.0682	105.8222
can-tho	Bình Thủy	Asia	10.0743	105.7397
can-tho	Cái Răng	Asia	10.0009	105.7510
candelaria	Bignay Uno	Asia	13.8644	121.4879
candelaria	Concepcion Ibaba	Asia	13.9231	121.4610
candelaria	Malabanban Norte	Asia	13.9452	121.4306
candi-prambanan	Jogonalan	Asia	-7.7036	110.5361
caojie	Shuangfeng	Asia	30.0233	106.4296
caojie	Yanjing	Asia	29.9449	106.3503
caotun	Zhongxing New Village	Asia	23.9591	120.6852
carmona	Biñan	Asia	14.3427	121.0807
carmona	Pulong Santa Cruz	Asia	14.2732	121.0764
castillejos	San Marcelino	Asia	14.9742	120.1573
castillejos	Subic	Asia	14.8787	120.2319
cebu-city	Apas	Asia	10.3408	123.9026
ceper	Delanggu	Asia	-7.6167	110.6833
ceper	Trucuk	Asia	-7.7183	110.6589
ch'osal-li	Sil-li	Asia	39.4947	125.4736
chakapara	Baranagar	Asia	22.6413	88.3773
chaklasi	Boriavi	Asia	22.6112	72.9328
chaklasi	Kanjari	Asia	22.6124	72.9211
chakwal	Bhaun	Asia	32.8605	72.7568
chandigarh	Naya Gaon	Asia	30.7752	76.7931
chandrapura	Dugda	Asia	23.7452	86.1718
chanduasi	Narauli	Asia	28.4855	78.7148
chang-hua	Changhua	Asia	24.0692	120.5512
changling-(cn)	Wuqiao	Asia	30.7797	108.4551
changshouhu	Linfeng	Asia	29.8910	107.2197
changxin	Hongguang Qidui	Asia	38.7332	106.2872
changyuan	Guchang	Asia	29.4868	105.5886
chanthaburi	Tha Mai	Asia	12.6219	102.0048
charsadda	Utmanzai	Asia	34.1878	71.7627
chau-doc	Châu Phong	Asia	10.7167	105.1333
chau-doc	Khánh Hòa	Asia	10.6833	105.1667
chavara	Ponmana	Asia	9.0080	76.5202
chefushan	Yanzibu	Asia	34.5056	117.7022
chelambra	Ramanattukara	Asia	11.1780	75.8689
chelambra	Thenhippalam	Asia	11.1323	75.8822
chengguan-qu	Doilungdêqên	Asia	29.6550	90.9918
chengxian-chengguanzhen	Jifeng	Asia	33.6553	105.6579
chengxian-chengguanzhen	Paosha	Asia	33.7235	105.6757
chennai	Chetput	Asia	13.0700	80.2408
cherthala	Kokōtamangalam South	Asia	9.6795	76.3589
cherthala	Shertallai	Asia	9.6858	76.3400
cherthala	Srīkandamangalam	Asia	9.6594	76.3633
cherthala	Thanneermukkom	Asia	9.6634	76.3807
cherthala	Vayalār	Asia	9.7116	76.3389
chettipalaiyam	Boyampālaiyam	Asia	11.1487	77.3537
chettipalaiyam	Nerupperichchal	Asia	11.1610	77.3740
chettipalaiyam	Tirumuruganpūndi	Asia	11.1649	77.3084
chettipalaiyam	Velampālaiyam	Asia	11.1376	77.3106
chhota-gobindpur	Gadhra	Asia	22.7467	86.2455
chhota-gobindpur	Ghorabandha	Asia	22.7724	86.2711
chhota-gobindpur	Haludbani	Asia	22.7512	86.2099
chhota-gobindpur	Jadugora	Asia	22.6536	86.3560
chhota-gobindpur	Sarjamda	Asia	22.7476	86.2257
chiba	Yotsukaidō	Asia	35.6500	140.1667
chidambaram	Annāmalainagar	Asia	11.4000	79.7333
chidambaram	Kīl Bhuvanagiri	Asia	11.4422	79.6476
chidawa	Sūrajgarh	Asia	28.3101	75.7327
chigasaki	Ebina	Asia	35.3812	139.3965
chigasaki	Nihammatsu	Asia	35.3728	139.3917
chikugo	Hirokawa	Asia	33.2429	130.5521
chikuma	Sakaki	Asia	36.4667	138.1833
chikusei	Shimodate	Asia	36.3000	139.9833
chino-(jp)	Suwa	Asia	36.0380	138.1131
chipurupalle	Sriramnagar	Asia	18.2833	83.5342
chirala	Vetapālem	Asia	15.7850	80.3066
chirkunda	Maithon	Asia	23.7800	86.8100
chirkunda	Siuliban	Asia	23.7486	86.7848
chittur	Pudunagaram	Asia	10.6802	76.6836
chittur	Pudusseri	Asia	10.7582	76.7859
chofu	Azamino	Asia	35.5699	139.5448
chofu	Inokashira	Asia	35.6931	139.5834
chofu	Komae	Asia	35.6342	139.5755
chofu	Noborito	Asia	35.6220	139.5605
chongxing	Haojiaqiao	Asia	38.0167	106.2833
chortoq	Uychi	Asia	41.0290	71.8500
choshi	Hasaki	Asia	35.7333	140.8333
cibinong	Citeureup	Asia	-6.4856	106.8819
coimbatore	Kuniyamuttūr	Asia	10.9638	76.9525
coimbatore	Kurichchi	Asia	10.9609	76.9738
coimbatore	Rāmachettipālaiyam	Asia	10.9582	76.9201
colombo	Kolonnawa	Asia	6.9329	79.8848
coonoor	Kērkandi	Asia	11.3678	76.7458
cotabato	Sultan Kudarat	Asia	7.2289	124.2578
cuddalore	Kammivapettai	Asia	11.7530	79.7457
cumbum	Kāmayakkavundanpatti	Asia	9.7386	77.3200
curug	Cikupa	Asia	-6.2364	106.5083
cyberjaya	Putrajaya	Asia	2.9353	101.6911
da-nang	An Hải	Asia	16.0667	108.2333
da-nang	Sơn Trà	Asia	16.0607	108.2326
da-nang	Thanh Khê	Asia	16.0706	108.1910
dabwali	Mandi Dabwāli	Asia	29.9663	74.7002
dachang	Gucun	Asia	31.3493	121.3934
dachang	Miaohang	Asia	31.3247	121.4395
dachang	Pengpu	Asia	31.2855	121.4367
dadamtu	Bayandai	Asia	43.9659	81.2485
dade	Zhen’an	Asia	31.1523	108.3167
dagupan	Calasiao	Asia	16.0111	120.3600
daharki	Khairpur	Asia	28.0644	69.7036
daisen	Rokugō	Asia	39.4167	140.5500
daisen	Ōmagari	Asia	39.4500	140.4833
daizhuang	Chahe	Asia	34.5333	117.8833
dajin	Tanjia	Asia	31.4557	108.4986
dakor	Thāsra	Asia	22.7983	73.2117
dalu	Qitang	Asia	29.7785	106.2851
damiao	Dahuangshan	Asia	34.2934	117.3444
dandong	Sinŭiju	Asia	40.1006	124.3981
dangjiang	Xingdaohu	Asia	21.7148	109.1321
danshui	Sanzhi	Asia	25.2578	121.5018
date	Hobaramachi	Asia	37.8167	140.5500
date	Yanagawamachi-saiwaichō	Asia	37.8500	140.6000
daud-khel	Kalabagh	Asia	32.9616	71.5464
daudnagar	Nāsriganj	Asia	25.0514	84.3284
daxing'anling	Tahe	Asia	52.3215	124.6976
daxing-(cn)	Xinyingpan	Asia	27.1676	100.9201
dazaifu	Chikushino-shi	Asia	33.4963	130.5156
dehradun	Clement Town	Asia	30.2636	78.0086
delhi-cantonment	Kusum Pur	Asia	28.5547	77.1573
delhi-cantonment	Murādābād Pahāri	Asia	28.5646	77.1513
denpasar	Batubulan	Asia	-8.6238	115.2620
denpasar	Dalung	Asia	-8.6255	115.1704
deoghar	Jasidih	Asia	24.5138	86.6458
deoli	Bhati	Asia	28.4295	77.2257
deoli	Neb Sarai	Asia	28.5084	77.2006
deoli	Saiyad-ul-ajaib	Asia	28.5192	77.2035
deoli	Tighri	Asia	28.5123	77.2408
depok	Sawangan	Asia	-6.4028	106.7744
deulgaon-raja	Sindkhed Raja	Asia	19.9536	76.1264
dhaka	Bhatara	Asia	23.8000	90.4500
dhaka	Kafrul	Asia	23.7882	90.3736
dhaka	Mirpur Model Thana	Asia	23.8093	90.3609
dhaka	Pallabi	Asia	23.8250	90.3700
dhanpuri	Amlai	Asia	23.1984	81.5806
dhanpuri	Burhar	Asia	23.2149	81.5320
dharapuram	Kulattuppālaiyam	Asia	10.7613	77.5842
dharmapuri	Lakkanahalli	Asia	12.1120	78.1538
dhule	Walwadi	Asia	20.9209	74.7611
dimapur	Kuda	Asia	25.8909	93.7388
din-daeng	Bang Sue	Asia	13.8109	100.5306
din-daeng	Bang Sue subdistrict	Asia	13.8064	100.5306
din-daeng	Chan Kasem	Asia	13.8206	100.5831
din-daeng	Chatuchak	Asia	13.8290	100.5593
din-daeng	Chomphon	Asia	13.8035	100.5603
din-daeng	Huai Khwang	Asia	13.7768	100.5790
din-daeng	Inner Huai Khwang	Asia	13.7815	100.5838
din-daeng	Khetsamsenok	Asia	13.7928	100.5830
din-daeng	Lat Phrao	Asia	13.8034	100.6070
din-daeng	Phaya Thai	Asia	13.7803	100.5426
din-daeng	Sam Sen Nai	Asia	13.7771	100.5508
din-daeng	Wang Thonglang	Asia	13.7855	100.6116
dinapur-nizamat	Dinapore	Asia	25.6370	85.0479
dinapur-nizamat	Dinapur Cantonment	Asia	25.6362	85.0203
dindigul	Adiyanuthu	Asia	10.3308	77.9812
dindigul	Agaram	Asia	10.4433	77.9485
dindigul	Balakrishnapuram	Asia	10.3591	78.0026
dindigul	Chettināyakkanpatti	Asia	10.3940	77.9754
dindigul	Sīlappādi	Asia	10.3940	78.0078
dindigul	Tādikombu	Asia	10.4390	77.9546
dingjia	Guangpu	Asia	29.3357	106.1452
dingjia	Jianlong	Asia	29.3586	106.1852
dingjia	Zhengxing	Asia	29.4574	106.1293
dongwenquan	Ersheng	Asia	29.4658	106.7708
dongwenquan	Jiangjia	Asia	29.3931	106.8192
doraha	Sānehwāl	Asia	30.8413	75.9855
duliajan	Duliajan Oil Town	Asia	27.3578	95.3141
duliajan	Nahorkatiya	Asia	27.2860	95.3280
dunhao	Zishui	Asia	31.4128	108.3147
dupax-del-norte	Dupax del Sur	Asia	16.2838	121.0896
durian-tunggal	Kampung Kerubong	Asia	2.2958	102.2537
durian-tunggal	Kampung Machap Baru	Asia	2.3829	102.3311
dushanbe	Boshkengash	Asia	38.4661	68.8053
dushi	Xiaba	Asia	29.1168	106.5101
duzhou	Bake	Asia	29.9006	107.0229
e'zhou	Ezhou	Asia	30.4000	114.8333
echizen	Takefu	Asia	35.9039	136.1669
edaicode	Kadayal	Asia	8.4083	77.2657
edaicode	Kuzhithurai	Asia	8.3179	77.1919
edaicode	Kāttatturai	Asia	8.2849	77.2755
edaicode	Marthandam	Asia	8.3081	77.2214
edaicode	Nalloor	Asia	8.3064	77.2240
edaicode	Pacode	Asia	8.3352	77.2136
edaicode	Palugal	Asia	8.3536	77.1859
edaicode	Pārassāla	Asia	8.3387	77.1542
edaicode	Tiruvattār	Asia	8.3307	77.2673
edaicode	Triparappu	Asia	8.3948	77.2659
edaicode	Unnamalaikadai	Asia	8.2996	77.2406
edaicode	Verukulambu	Asia	8.2953	77.2939
edattala	Alwaye	Asia	10.1065	76.3548
edattala	Kunnatnād	Asia	10.0429	76.4241
edattala	Puthencruz	Asia	9.9773	76.4105
edattala	Vāzhakulam	Asia	10.0938	76.4198
elamkunnapuzha	Kadamakudi	Asia	10.0642	76.2456
elamkunnapuzha	Mulavukad	Asia	10.0136	76.2631
elamkunnapuzha	Narakal	Asia	10.0383	76.2221
elayavur	Ancharakandy	Asia	11.8841	75.4850
elayavur	Chelora	Asia	11.8949	75.4396
elayavur	Kanhirode	Asia	11.9184	75.4645
elayavur	Kudali	Asia	11.9198	75.4722
elayavur	Munderi	Asia	11.9303	75.4455
elayavur	Puzhathi	Asia	11.9011	75.3892
elayavur	Varam	Asia	11.8996	75.4132
electronic-city-phase-i	Bommasandra Industrial Area	Asia	12.8177	77.6842
electronic-city-phase-i	Hebbagodi	Asia	12.8263	77.6809
electronic-city-phase-i	Jigani	Asia	12.7861	77.6385
electronic-city-phase-i	koppana Agrahara	Asia	12.8551	77.6671
erattupetta	Palai	Asia	9.7131	76.6833
erode	Brāhmana Periya Agrahāram	Asia	11.3690	77.7063
erode	Kāsipālaiyam	Asia	11.3198	77.7097
erode	Pallipalayam	Asia	11.3652	77.7623
erode	Periya Semūr	Asia	11.3609	77.6895
erode	Sūrampatti	Asia	11.3273	77.7112
erode	Tindal	Asia	11.3169	77.6742
erode	Vīrappanchathiram	Asia	11.3531	77.7125
erode	Ālampālaiyam	Asia	11.3635	77.7677
ettumanur	Ettumanoor	Asia	9.6700	76.5700
faizpur	Sāvda	Asia	21.1505	75.8894
faruka	Mangla	Asia	31.8931	72.3817
fatehpur-sikri	Achhnera	Asia	27.1783	77.7567
fatwa	Khusropur	Asia	25.4817	85.3849
fengcheng	Jiangnan	Asia	29.7931	107.0371
fengcheng-(cn)	Sunlou	Asia	34.6667	116.5833
fergana	Kirguli	Asia	40.4355	71.7672
forbesganj	Shahbazpur	Asia	26.3051	87.2887
fuchu	Inagi	Asia	35.6330	139.4997
fuchu	Kodaira	Asia	35.7260	139.4851
fuchu	Kokubunji	Asia	35.7022	139.4756
fuchu	Tama	Asia	35.6436	139.4684
fuchucho	Shin’ichi	Asia	34.5554	133.2730
fuefuki	Isawa	Asia	35.6500	138.6333
fuefuki	Yamanashi	Asia	35.6715	138.6983
fuhuan	Guanba	Asia	28.8019	106.8059
fujieda	Yaizu	Asia	34.8688	138.3195
fukuroi	Mori	Asia	34.8333	137.9333
fukutsu	Nishifukuma	Asia	33.7663	130.4746
fuling	Lizhi	Asia	29.7032	107.3952
fussa	Hakonegasaki	Asia	35.7694	139.3511
fussa	Hamura	Asia	35.7623	139.3195
futian	Longxi	Asia	31.3022	109.6355
fuxing	Mu’er	Asia	29.8060	106.6444
fyzabad	Ayodhya	Asia	26.7991	82.2047
gadag-betageri	Gadag	Asia	15.4298	75.6297
gandhinagar	Chhala	Asia	23.3078	72.7740
gandhinagar	Pethāpur	Asia	23.2631	72.6739
gangu-chengguanzhen	Baijiawan	Asia	34.6958	105.2889
gangu-chengguanzhen	Liufeng	Asia	34.7345	105.3861
ganh-hao	An Trạch	Asia	9.0686	105.3958
ganja	Goygol	Asia	40.5858	46.3189
ganning	Longsha	Asia	30.6396	108.2370
ganning	Xiangshui	Asia	30.6550	108.1930
ganshui	Dongxi	Asia	28.7614	106.6611
gantang	Santangpu	Asia	27.4056	111.9869
gao'an	Changlong	Asia	30.3062	107.4130
gao'an	Gangjia	Asia	30.2205	107.5040
gao'an	Gaofeng	Asia	30.2197	107.4079
gaojia	Longkong	Asia	30.0448	107.9149
gaojing	Songnan	Asia	31.3504	121.4822
gaoliang	Lihe	Asia	30.8161	108.2622
gaoliu-(cn)	Shuangtang	Asia	34.3653	118.4747
gebog	Baekrajan	Asia	-6.7674	110.8541
gelang-patah	Kampung Jelutong Tengah	Asia	1.4714	103.5675
gelang-patah	Pekan Nenas	Asia	1.5100	103.5141
gemas	Batu Anam	Asia	2.5825	102.7110
general-trias	Noveleta	Asia	14.4292	120.8799
genteng	Gambiran Satu	Asia	-8.3939	114.1464
george-town	Jelutong	Asia	5.3900	100.3188
george-town	Perai	Asia	5.3833	100.3833
ghulja	Taxkowrük	Asia	43.8926	81.3060
gia-lam	Ecopark	Asia	20.9621	105.9318
gia-lam	Long Bien	Asia	21.0333	105.9000
gia-lam	Phúc Lợi	Asia	21.0451	105.9294
gia-lam	Trâu Quỳ	Asia	21.0195	105.9369
gia-lam	Vinhomes Ocean Park	Asia	20.9948	105.9465
gia-rai	Ấp Hô Phòng	Asia	9.2258	105.4186
gingoog	Mariano	Asia	8.8333	125.1167
ginowan	Nakagusuku	Asia	26.2500	127.7833
ginowan	Nishihara	Asia	26.2535	127.7435
ginowan	Urasoe	Asia	26.2590	127.7301
ginowan	Yonabaru	Asia	26.2044	127.7527
gokak	Konnūr	Asia	16.2014	74.7489
gosen	Muramatsu	Asia	37.6926	139.1713
goshogawara	Shimokizukuri	Asia	40.8161	140.3754
goshogawara	Tsugaru	Asia	40.8036	140.4030
goto	Fukuechō	Asia	32.6973	128.8456
guangcun	Wangwu	Asia	19.6562	109.2907
guanhu	Chenlou	Asia	34.3889	118.0500
guanhu	Picheng	Asia	34.4667	117.9667
gudalur	Devarshola	Asia	11.5437	76.4404
gudalur	Kollivāyal	Asia	11.4998	76.4815
gudiyatham	Kondasamudram	Asia	12.9455	78.8788
gudiyatham	Pallikonda	Asia	12.9052	78.9427
guiguinto	Balagtas	Asia	14.8167	120.8667
guiguinto	Bulacan	Asia	14.7928	120.8789
gujranwala	Ladhewala Waraich	Asia	32.1569	74.1156
guledagudda	Kamatgi	Asia	16.0779	75.8132
gumia	Sāram	Asia	23.7625	85.8300
guofu	Zhuantang	Asia	28.8963	106.6684
guojia	Wangyao	Asia	34.8850	105.5417
gurdaspur	Dhāriwāl	Asia	31.9562	75.3239
gurdaspur	Dīnānagar	Asia	32.1366	75.4729
gurugram	Bādshāhpur	Asia	28.3932	77.0492
guwahati	North Guwāhāti	Asia	26.1975	91.7202
gwalior	Morār	Asia	26.2264	78.2248
gwangmyeong	Siheungdong	Asia	37.4518	126.9108
gyoda	Fukiage-fujimi	Asia	36.1000	139.4500
habikino	Fujiidera	Asia	34.5676	135.5974
habikino	Matsubara	Asia	34.5667	135.5500
habra	Ashoknagar Kalyangarh	Asia	22.8642	88.6370
hadali	Kotli Loharan	Asia	32.5889	74.4947
hadapu-zhen	Lichuan Zhen	Asia	34.2484	104.3195
hafizabad	Kaleke Mandi	Asia	31.9760	73.6000
hai-chau	Đại Lộc	Asia	15.8821	108.1209
haikou	Qiongshan	Asia	20.0086	110.3538
haikou	Xiuying	Asia	20.0007	110.2936
hajipur	Sonepur	Asia	25.6961	85.1667
hala	Bhit Shah	Asia	25.8056	68.4914
haldia	Monoharpur	Asia	22.1083	88.0789
han'airike	Yisilamu'awati	Asia	37.5849	80.1840
handa	Agui	Asia	34.9350	136.9130
handa	Hekinan	Asia	34.8833	136.9833
handa	Takahama	Asia	34.9167	136.9833
handa	Taketoyo	Asia	34.8500	136.9167
hanfeng	Fengle	Asia	31.1898	108.4146
hanfeng	Zhendong	Asia	31.1852	108.3954
hanjia	Dianshui	Asia	29.2834	108.0890
hanoi	Ba Dinh	Asia	21.0365	105.8268
hanoi	Bồ Đề	Asia	21.0562	105.8667
hanoi	Cửa Nam	Asia	21.0211	105.8523
hanoi	Hai Bà Trưng	Asia	21.0134	105.8477
hanoi	Hoàn Kiếm	Asia	21.0286	105.8506
hanoi	Liễu Giai	Asia	21.0333	105.8167
hanoi	Lĩnh Nam	Asia	20.9797	105.8904
hanoi	Tương Mai	Asia	20.9888	105.8552
hanoi	Vinhomes Times City	Asia	20.9945	105.8677
hanoi	Vĩnh Tuy	Asia	21.0000	105.8833
hanoi	Yên Phụ	Asia	21.0333	105.8333
hanoi	Ô Chợ Dừa	Asia	21.0215	105.8246
hanyu	Ōwa	Asia	36.1994	139.4947
hanyuan-(cn)	Luhe	Asia	34.0092	105.3402
hanyuan-(cn)	Shaoyu	Asia	34.0641	105.3651
hanyuan-(cn)	Shibao	Asia	34.1079	105.3158
hanyuan-(cn)	Xiyu	Asia	34.0516	105.3036
haripur	Khalabat	Asia	34.0600	72.8896
hashima	Mizuho	Asia	35.3943	136.6690
hashimoto	Nakaiburi	Asia	34.3034	135.5332
hashtsal	Bakarwāla	Asia	28.6678	77.0201
hashtsal	Bāprola	Asia	28.6413	77.0142
hashtsal	Nilithi	Asia	28.6520	77.0564
hashtsal	Raja Pur Khurd	Asia	28.6352	77.0330
hashtsal	Shafi Pur Ranhola	Asia	28.6573	77.0400
hassan	Satyāmangala	Asia	13.0193	76.1243
hechuan	Diaoyucheng	Asia	29.9988	106.2661
hechuan	Nanjin	Asia	29.9850	106.2653
hechuan	Yangcheng	Asia	29.9997	106.2560
hegeng	Wujian	Asia	29.1821	105.8344
hendala	Peliyagoda	Asia	6.9685	79.8836
hendala	Wattala	Asia	6.9892	79.8917
hezhou	Babu	Asia	24.4167	111.5167
higashi-matsuyama	Ōgushi	Asia	36.0223	139.4664
higashimatsushima	Yamoto	Asia	38.4274	141.2149
higashine	Murayama	Asia	38.4697	140.4144
higashinozoe	Inami	Asia	34.7481	134.9128
himamaylan	Suay	Asia	10.0533	122.8423
himeji	Shirahamachō-usazakiminami	Asia	34.7833	134.7167
himimachi	Himi	Asia	36.8467	136.9836
hino	Kunitachi	Asia	35.6833	139.4385
hirakata	Katano	Asia	34.7933	135.6860
hirakata	Neyagawa	Asia	34.7662	135.6276
hirakata	Takatsuki	Asia	34.8483	135.6168
hiratsuka	Ōiso	Asia	35.3156	139.3162
hiroshima	Gion	Asia	34.4333	132.4667
hisar	Ganguwa	Asia	29.1134	75.6958
hitachi-naka	Inada	Asia	36.4333	140.5167
hitachi-naka	Katsuta	Asia	36.3833	140.5333
hitachi-naka	Ōarai	Asia	36.3141	140.5839
hitachiomiya	Ishitsuka	Asia	36.4833	140.3833
hitachiomiya	Ōmiya	Asia	36.5500	140.4167
hlaingthaya	Kan Nar Middle	Asia	16.8805	96.0970
hlaingthaya	Myo Thit Ka	Asia	16.8737	96.0970
hlaingthaya	Nyaung	Asia	16.8346	96.0880
hlaingthaya	Oke Kan	Asia	16.8530	96.0656
hlaingthaya	Shan Chaung	Asia	16.8603	96.0901
hoa-thanh	Phú Khương	Asia	11.2833	106.1333
hoa-thanh	Tây Ninh	Asia	11.3100	106.0983
hokuto-(jp)	Kamiiso	Asia	41.8201	140.6448
homagama	Hanwella Ihala	Asia	6.9012	80.0852
hong-kong	Jordan	Asia	22.3054	114.1700
hong-kong	Kai Tak	Asia	22.3242	114.1974
hong-kong	Kowloon	Asia	22.3167	114.1833
hong-kong	Kowloon City	Asia	22.3305	114.1922
hong-kong	Kowloon City Centre	Asia	22.3298	114.1889
hong-kong	Kowloon West End	Asia	22.3285	114.1851
hong-kong	Mei Foo	Asia	22.3372	114.1386
hong-kong	Mong Kok	Asia	22.3194	114.1714
hong-kong	Nam Cheong	Asia	22.3280	114.1539
hong-kong	Sham Shui Po	Asia	22.3302	114.1595
hong-kong	Wan Chai	Asia	22.2814	114.1726
hong-kong	Whampoa	Asia	22.3050	114.1902
hong-linh	Nghèn	Asia	18.4512	105.7797
honghu	Wanshun	Asia	30.0401	106.9716
hongwon	Samho-rodongjagu	Asia	39.9475	127.8711
honjo	Fukayachō	Asia	36.2000	139.2833
honjo	Ishigami	Asia	36.2500	139.1500
honjo	Kodamachō-kodamaminami	Asia	36.1850	139.1319
honjo	Sakai-nakajima	Asia	36.2667	139.2500
hosur	Attibele	Asia	12.7781	77.7726
hosur	Avalēpalli	Asia	12.7714	77.8594
hosur	Jūjūvādi	Asia	12.7679	77.7918
hosur	Mattigiri	Asia	12.6980	77.8083
hosur	Mūkondapalli	Asia	12.7514	77.8017
hovsan	Biny Selo	Asia	40.4508	50.0869
hsinchu	Zhubei	Asia	24.8383	121.0078
huangdi	Dunbage	Asia	38.8574	77.5047
huangji	Zhengji	Asia	34.4372	117.0389
hue	Hương Thủy	Asia	16.4218	107.6400
huixing	Cuiyun	Asia	29.6882	106.5885
huixing	Jiangbei	Asia	29.7283	106.6351
huixing	Shuangfengqiao	Asia	29.7186	106.6271
huixing	Shuanglonghu	Asia	29.7162	106.6068
hukkyo-ri	Chunghwa	Asia	38.8639	125.8000
huludao	Lianshan	Asia	40.7643	120.8533
hulunbuir	Hailar	Asia	49.2000	119.7000
huyen-lam-ha	Đinh Văn	Asia	11.7862	108.2428
hyesan	Changbai	Asia	41.4177	128.1962
hyesan	Hyesan-dong	Asia	41.3953	128.1873
hyuga	Kadogawa	Asia	32.4713	131.6545
iba	Botolan	Asia	15.2896	120.0245
ibara	Kannabechō-yahiro	Asia	34.5581	133.4180
ibaraki	Settsu	Asia	34.7782	135.5951
ichalkaranji	Kabnur	Asia	16.7017	74.4395
ichalkaranji	Korochi	Asia	16.7192	74.4451
ichikikushikino	Kushikino	Asia	31.7167	130.2667
ichinomiya	Inazawa	Asia	35.2500	136.7833
iga	Ueno-ebisumachi	Asia	34.7586	136.1311
igatpuri	Ghoti Budrukh	Asia	19.7164	73.6282
igatpuri	Kasāra	Asia	19.6451	73.4743
ijok	Batang Berjuntai	Asia	3.3833	101.4167
ikoma	Fuki	Asia	34.6300	135.6964
iksan	Namsa	Asia	35.9333	127.0500
imaricho-ko	Arita	Asia	33.1833	129.9000
imizu	Nishishinminato	Asia	36.7796	137.0758
imus	Bacoor	Asia	14.4590	120.9385
imus	Kawit	Asia	14.4443	120.9016
ina	Kinoshita	Asia	35.9006	137.9878
ina	Minamiminowa	Asia	35.8729	137.9750
inabe	Tōin	Asia	35.0947	136.6006
inashiki	Edosaki	Asia	35.9500	140.3167
indang	Amadeo	Asia	14.1706	120.9236
indang	General Emilio Aguinaldo	Asia	14.1842	120.7958
indore	Bāngarda	Asia	22.7592	75.7954
indore	Bāngarda Chhota	Asia	22.7435	75.8145
indore	Bānk	Asia	22.7030	75.8039
indore	Pālda	Asia	22.6800	75.8939
inuyama	Fusō	Asia	35.3578	136.9098
inzai	Ajiki	Asia	35.8333	140.2333
inzai	Fukawa	Asia	35.8500	140.1500
ipoh	Kampung Manjoi	Asia	4.6192	101.0685
iriga-city	Baao	Asia	13.4549	123.3653
iriga-city	Bato	Asia	13.3528	123.3677
iriga-city	Nabua	Asia	13.4075	123.3724
irinjalakuda	Porathissery	Asia	10.3764	76.2015
ise	Saikū	Asia	34.5333	136.6333
ise	Tamaru	Asia	34.4833	136.6333
ishioka	Kasumigaura	Asia	36.1533	140.2464
ishioka	Suginami	Asia	36.2013	140.2841
iskandar	G‘azalkent	Asia	41.5581	69.7708
isulan	Laguilayan	Asia	6.6721	124.5249
isumi	Katsuura	Asia	35.1462	140.3151
isumi	Ōhara	Asia	35.2476	140.3929
itoshima	Maebaru-chūō	Asia	33.5592	130.2015
iwakuni	Ōtake	Asia	34.2075	132.2206
iyo	Masaki-chō	Asia	33.7876	132.7112
izu	Shuzenji	Asia	34.9701	138.9219
izumi	Izumiōtsu	Asia	34.5000	135.4000
izumi	Tadaoka-higashi	Asia	34.4873	135.3990
izumi	Takaishi	Asia	34.5167	135.4333
jabalpur	Khamaria	Asia	23.2256	79.8801
jaggaiahpet	Jaggayyapeta	Asia	16.8938	80.0981
jaigaon	Phuntsholing	Asia	26.8516	89.3884
jaisingpur	Kurandvād	Asia	16.6832	74.5889
jalai-nur	Lingquan	Asia	49.4052	117.6770
jalalpur-jattan	Sook Kalan	Asia	32.5970	74.1465
jalandhar	Jalandhar Cantonment	Asia	31.2942	75.6197
jambusar	Amod	Asia	21.9932	72.8705
jammu	Brāhmanān di Bāri	Asia	32.6440	74.9110
jammu	Jammu Cantonment	Asia	32.7044	74.8611
jammu	Raipur Domana	Asia	32.7984	74.7827
jamnagar	Bedi	Asia	22.5014	70.0436
jamshedpur	Bagbera	Asia	22.7595	86.1905
jamshedpur	Bhetia	Asia	22.7932	86.1410
jamshedpur	Jugsālai	Asia	22.7767	86.1835
jamshedpur	Kopali	Asia	22.8372	86.1916
jaridih	Bermo	Asia	23.7878	85.9353
jaridih	Kathhāra	Asia	23.7638	85.8847
jeju-city	Ara-dong	Asia	33.4689	126.5275
jeju-city	Ido-dong	Asia	33.4978	126.5272
jeju-city	Ora-dong	Asia	33.4819	126.5064
jeju-city	Seodong	Asia	33.4844	126.4925
jeju-city	Tallang-dong	Asia	33.4903	126.4753
jeonju	Wanju	Asia	35.8451	127.1475
jhajjar	Beri Khās	Asia	28.7015	76.5771
jharia	Jāmadoba	Asia	23.7167	86.4000
jhelum	Sarai Alamgir	Asia	32.9049	73.7552
jhumri-telaiya	Kodarma	Asia	24.4675	85.5940
jiangxi	Suhe	Asia	34.0625	105.2221
jiawang	Jiawang Zhen	Asia	34.4220	117.4676
jieshi-(cn)	Huimin	Asia	29.4619	106.7047
jijiang	Degan	Asia	29.2785	106.2316
jing'an-(cn)	Heqiao	Asia	34.4528	116.9000
jingguan	Liuyin	Asia	29.9621	106.6100
jingguan	Qingping	Asia	29.9770	106.5206
jingguan	Sansheng	Asia	29.8926	106.6265
jinzhong	Yuci	Asia	37.6803	112.7319
jitra	Pokok Sena	Asia	6.1706	100.5189
jiuxian	Pulü	Asia	29.8180	106.1593
jixi	Chengzihe	Asia	45.3361	131.0049
jodhpur	Nandri	Asia	26.3116	73.1009
jodhpur-(in)	Jamjodhpur	Asia	21.9022	70.0357
johor-bahru	Marsiling	Asia	1.4325	103.7741
johor-bahru	Woodlands	Asia	1.4380	103.7888
jombang	Diwek	Asia	-7.5790	112.2311
joso	Mitsukaidō	Asia	36.0167	139.9833
jurong-town	Boon Lay	Asia	1.3110	103.6940
jurong-town	Hong Kah	Asia	1.3594	103.7228
jurong-town	Jurong East	Asia	1.3289	103.7399
jurong-town	Jurong West	Asia	1.3503	103.7228
kadapa	Chemmumiahpet	Asia	14.4629	78.8119
kadapa	Chinnachowk	Asia	14.4752	78.8354
kadodara	Chalthan	Asia	21.1542	72.9614
kadur	Birūr	Asia	13.5972	75.9717
kageleke	Kuiya	Asia	37.2960	79.6358
kageleke	Wu'erqi	Asia	37.3202	79.5593
kaili	Longchang	Asia	26.6667	107.9167
kaipamangalam	Chendrappini	Asia	10.3555	76.1282
kaipamangalam	Kattur	Asia	10.3732	76.1668
kaipamangalam	Pappinivattom	Asia	10.2937	76.1583
kaipamangalam	Perinjanam	Asia	10.3133	76.1485
kaitaichi	Kumano	Asia	34.3328	132.5697
kakinada	Ramanayyapeta	Asia	16.9452	82.2385
kakinada	Suryaraopeta	Asia	16.9996	82.2232
kakkodi	Kuruvattūr	Asia	11.3361	75.8351
kakogawacho-honmachi	Takasago	Asia	34.7630	134.7923
kakrala	Usehat	Asia	27.7980	79.2376
kaladi	Edappāl	Asia	10.7834	76.0079
kaladi	Kuttippuram	Asia	10.8425	76.0308
kalamb	Manchar	Asia	19.0044	73.9435
kalappatti	Srvanampatti	Asia	11.0764	77.0045
kalappatti	Vilankurichi	Asia	11.0715	77.0173
kalasin	Kamalasai	Asia	16.3384	103.5756
kallakurichi	Kallakkurichchi	Asia	11.7404	78.9590
kalyan	Ambarnath	Asia	19.2000	73.1667
kalyan	Dombivali	Asia	19.2167	73.0833
kalyan	Mharal Bk	Asia	19.2459	73.1771
kalyan	Ulhasnagar	Asia	19.2167	73.1500
kamakura	Hayama	Asia	35.2765	139.5773
kamakura	Zushi	Asia	35.2948	139.5781
kamikoizumi	Menuma	Asia	36.2225	139.3820
kamisu	Omigawa	Asia	35.8500	140.6167
kamizawa	Mishima	Asia	35.1167	138.9167
kampong-cham	Phumĭ Âmpĭl Leu	Asia	12.0092	105.4341
kampong-pangkal-kalong	Kampong Kadok	Asia	6.0000	102.2500
kampong-sidam	Kuala Ketil	Asia	5.6000	100.6500
kampong-sidam	Padang Serai	Asia	5.5131	100.5536
kampung-baharu-nilai	Bandar Baru Salak Tinggi	Asia	2.8123	101.7356
kampung-baru-subang	Denai Alam	Asia	3.1603	101.5150
kampung-baru-subang	Kota Damansara	Asia	3.1545	101.5802
kampung-kangkar-teberau	Kampung Larkin Lama	Asia	1.5024	103.7440
kampung-kangkar-teberau	Setia Tropika	Asia	1.5463	103.7183
kampung-sungai-kajang	Kampung Tanjung Karang	Asia	3.4242	101.1849
kamthi	Kanhān	Asia	21.2290	79.2398
kamthi	Yerkhera	Asia	21.2165	79.1855
kanayannur	Vypīn	Asia	9.9667	76.2500
kanazawa	Mukai-awagasaki	Asia	36.6325	136.6373
kanchipuram	Nattappettai	Asia	12.8187	79.7493
kanchipuram	Sevilimedu	Asia	12.8083	79.6864
kanchrapara	Bānsbāria	Asia	22.9539	88.4010
kanchrapara	Hālīsahar	Asia	22.9322	88.4186
kanchrapara	Kalyani	Asia	22.9757	88.4337
kandana	Ja Ela	Asia	7.0744	79.8919
kandana	Welisara	Asia	7.0281	79.9014
kandhla	Asāra	Asia	29.2471	77.3089
kangar	Kampung Hutan Arau	Asia	6.4294	100.2817
kangle	Shigang	Asia	31.1361	109.3643
kanhangad	Ajānūr	Asia	12.3361	75.0930
kanhangad	Nīlēshwar	Asia	12.2595	75.1352
kani	Mitake	Asia	35.4167	137.1333
kanigiri-u	Kanigiri	Asia	15.4055	79.5069
kannur	Chirakkal	Asia	11.9126	75.3610
kannur	Pallikunnu	Asia	11.8899	75.3565
kanpur	Jājmau	Asia	26.4304	80.4095
kanpur	Kanpur Cantonment	Asia	26.4594	80.3751
kansad	Sachīn	Asia	21.0872	72.8815
kaohsiung	Fengshan	Asia	22.6266	120.3613
kapas-herd	Malakpur Kohi Rangpur	Asia	28.5403	77.1208
kapas-herd	Rijokri	Asia	28.5139	77.1151
kapas-herd	Samālka	Asia	28.5350	77.0908
kapurthala-town	Husainpur	Asia	31.3118	75.3217
karachi	Pakistan Employees Cooperative Housing Society	Asia	24.8742	67.0642
karaikkudi	Sankarapatti	Asia	10.0477	78.7472
karakkad	Edakkazhiyūr	Asia	10.6228	75.9965
karakkad	Guruvāyūr	Asia	10.5943	76.0411
kariya	Ogawa	Asia	34.9667	136.9667
karnaphuli	Rangamati	Asia	22.6432	92.1919
kartasura	Colomadu	Asia	-7.5333	110.7500
kartasura	Gatak	Asia	-7.5908	110.7044
kartasura	Ngemplak	Asia	-7.5497	110.7164
karumattampatti	Sāmalāpuram	Asia	11.0724	77.1980
karur	Chinna Āndānkovil	Asia	10.9511	78.0681
karur	Senapparetti	Asia	10.9625	78.1132
karur	Tāndoni	Asia	10.9261	78.0941
kasai	Nishitawara	Asia	34.9556	134.7683
kasama-(jp)	Tomobe	Asia	36.3500	140.3000
kasaragod	Chengala	Asia	12.4984	75.0503
kasaragod	Koipādi	Asia	12.5930	74.9626
kasaragod	Kūdlu	Asia	12.5298	74.9788
kaseda-shirakame	Minamisatsuma	Asia	31.3900	130.2834
kasganj	Mārahra	Asia	27.7368	78.5689
kashiba	Hikiso	Asia	34.5442	135.7382
kashiba	Kanmaki	Asia	34.5642	135.7063
kashiba	Katsuragi	Asia	34.4856	135.6970
kashiba	Oji	Asia	34.5986	135.7021
kashiba	Tatsuno-kita	Asia	34.5968	135.6928
kashihara-shi	Sakurai	Asia	34.5000	135.8500
kashihara-shi	Tawaramoto	Asia	34.5542	135.7930
kashihara-shi	Yamato-Takada	Asia	34.5167	135.7500
kashima	Higashigō	Asia	33.1908	130.1380
kashiwa	Abiko	Asia	35.8667	140.0167
kashiwara	Gose	Asia	34.4500	135.7333
kashiwara	Shimobuchi	Asia	34.3862	135.7871
kasuga	Katanawa	Asia	33.5211	130.4244
kasuga	Ōnojō	Asia	33.5357	130.4786
kasugai	Owariasahi	Asia	35.2080	137.0300
kasukabe	Iwatsuki	Asia	35.9647	139.6964
kasukabe	Miyashiro	Asia	36.0223	139.7295
kasukabe	Sugito	Asia	36.0311	139.7264
katagami	Tennō	Asia	39.9000	139.9667
kathmandu	Ki̇̄rtipur	Asia	27.6785	85.2757
kathu	Ban Chalong	Asia	7.8447	98.3390
kathu	Ban Kamala	Asia	7.9551	98.2832
kato	Yashiro	Asia	34.9167	134.9667
katori-shi	Itako	Asia	35.9333	140.5500
katori-shi	Sawara	Asia	35.8833	140.5000
katpadi	Kalinjur	Asia	12.9534	79.1337
katpadi	Kangeyanallur	Asia	12.9508	79.1506
katras	Sijua	Asia	23.7762	86.3303
kattipparutti	Irimbiliyam	Asia	10.8624	76.0922
kattipparutti	Naduvattam	Asia	10.8799	76.0020
kattumannarkoil	Lālpettai	Asia	11.3009	79.5561
kavanur	Kaikalapettai	Asia	13.0219	80.1206
kavanur	Poonamalle	Asia	13.0489	80.1149
kavanur	Tirumeshi	Asia	13.0534	80.0600
kawagoe	Fujimino	Asia	35.9020	139.5249
kawagoe	Igusa	Asia	35.9667	139.4667
kawagoe	Kamifukuoka	Asia	35.8727	139.5137
kawaguchi	Hasune	Asia	35.7830	139.6756
kawaguchi	Hatogaya-honchō	Asia	35.8331	139.7425
kawaguchi	Shimotoda	Asia	35.8150	139.6853
kawaguchi	Ukima	Asia	35.7910	139.6978
kawaguchi	Warabi	Asia	35.8219	139.6855
kawasaki	Ikegami	Asia	35.5767	139.7052
kawasaki	Kamata	Asia	35.5635	139.7210
kawasan-penempatan-ulu-sungai-benut	Kawasan Penempatan Ulu Benut Lima	Asia	1.7439	103.3207
kawasan-penempatan-ulu-sungai-benut	Kawasan Penempatan Ulu Benut Tiga	Asia	1.7497	103.2770
kawthoung	Ranong	Asia	9.9658	98.6348
kayalpattinam	Arumuganeri	Asia	8.5688	78.0909
kayamkulam	Bharanikāvu Tekku	Asia	9.1849	76.5608
kayamkulam	Kandalloor	Asia	9.1756	76.4713
kayamkulam	Kattanam	Asia	9.1761	76.5632
kayamkulam	Krishnāpuram	Asia	9.1521	76.5234
kayamkulam	Muthukulam	Asia	9.2168	76.4592
kayamkulam	Pattiyūrgrāmam	Asia	9.1774	76.5011
kazo	Kisai	Asia	36.1000	139.5833
kazo	Shōbu	Asia	36.0667	139.6000
kebomas	Gresik	Asia	-7.1539	112.6561
kebomas	Kamal	Asia	-7.1678	112.7192
kedungwaru	Tulungagung	Asia	-8.0657	111.9025
kedungwuni	Wonopringgo	Asia	-6.9833	109.6167
kepanjen	Gongdanglegi Kulon	Asia	-8.1753	112.6359
khammam	Khanapuram Haveli	Asia	17.2624	80.1681
kharar	Balaungi	Asia	30.7306	76.6937
kharghar	Navi Mumbai	Asia	19.0368	73.0158
kheda	Bareja	Asia	22.8486	72.5914
kheda	Vaso	Asia	22.6608	72.7552
khedbrahma	Vadāli	Asia	23.9423	73.0378
khirdalan	Bilajari	Asia	40.4444	49.8057
khirdalan	Gobu	Asia	40.4047	49.7131
khirdalan	Hokmali	Asia	40.4311	49.7372
kikugawa	Maruobara	Asia	34.7392	138.1430
kimitsu	Futtsu	Asia	35.3108	139.8188
kirari-sulemannagar	Auhammadpur Mājri	Asia	28.7292	77.0383
kirari-sulemannagar	Begampur	Asia	28.7265	77.0669
kirari-sulemannagar	Kamaruddinnagar	Asia	28.6770	77.0537
kirari-sulemannagar	Karāla	Asia	28.7355	77.0352
kirari-sulemannagar	Mūndka	Asia	28.6801	77.0298
kirari-sulemannagar	Nithari	Asia	28.7049	77.0529
kirari-sulemannagar	Nāngloi Jāt	Asia	28.6796	77.0680
kirari-sulemannagar	Pehlādpur Bāngar	Asia	28.7506	77.0810
kirari-sulemannagar	Pūth Kalān	Asia	28.7116	77.0789
kirari-sulemannagar	Rohini	Asia	28.7432	77.0678
kirari-sulemannagar	Rāni Khera	Asia	28.7060	77.0258
kirari-sulemannagar	Sultan Pur Majra	Asia	28.6897	77.0765
kiratpur	Mandāwar	Asia	29.4866	78.1273
kirishima	Hamanoichi	Asia	31.7167	130.7333
kirishima	Kokubu-matsuki	Asia	31.7333	130.7667
kiryu	Midori	Asia	36.4449	139.2845
kiryu	Ōmamachō-ōmama	Asia	36.4318	139.2753
kishiwada	Kaizuka	Asia	34.4500	135.3500
kita	Arakawa	Asia	35.7383	139.7805
kita	Ikebukuro	Asia	35.7368	139.7071
kita	Itabashi	Asia	35.7489	139.7150
kita	Komagome	Asia	35.7387	139.7406
kita	Machiya	Asia	35.7480	139.7813
kita	Nishiarai	Asia	35.7847	139.7788
kita	Nishinippori	Asia	35.7326	139.7696
kita	Sendagi	Asia	35.7281	139.7602
kita	Sugamo	Asia	35.7348	139.7333
kita	Toshima	Asia	35.7613	139.7449
kita	Ōkubo	Asia	35.7031	139.7044
kita	Ōtsuka	Asia	35.7240	139.7287
kita-akita	Takanosu	Asia	40.2227	140.3661
kitakata	Bange	Asia	37.5644	139.8218
kitanagoya	Iwakura	Asia	35.2833	136.8667
kitanagoya	Komaki	Asia	35.2833	136.9167
kitanagoya	Toyoyama	Asia	35.2505	136.9120
kizhake-chalakudi	Kallūr Tekkumuri	Asia	10.2401	76.3236
kizhake-chalakudi	Kallūr Vadakummuri	Asia	10.2532	76.3281
kizhake-chalakudi	Koratti	Asia	10.2660	76.3477
kizugawa	Sugai	Asia	34.7548	135.7968
klang	Pandamaran	Asia	3.0108	101.4208
klang	Pelabuhan Klang	Asia	2.9996	101.3929
klaten	Kebonarun	Asia	-7.7003	110.5631
klaten	Wedi	Asia	-7.7431	110.5794
kodungallur	Edavilangu	Asia	10.2403	76.1710
kodungallur	Moothakunnam	Asia	10.1899	76.2008
kodungallur	Panangad	Asia	10.2728	76.1748
kodungallur	Thekkumkara	Asia	10.2819	76.2132
kofu	Kai	Asia	35.6846	138.5098
kofu	Shōwa	Asia	35.6279	138.5351
koga	Kurihashi	Asia	36.1333	139.7000
koga	Nogi	Asia	36.2279	139.7345
koka	Minakuchichō-matoba	Asia	34.9667	136.1667
kolhapur	Pachgaon	Asia	16.6602	74.2274
kolhapur	Unchagao	Asia	16.6975	74.2733
kolkata	Howrah	Asia	22.5769	88.3186
kollam	Tirkadavūr	Asia	8.9240	76.5910
kollancode	Ezhudesam	Asia	8.2651	77.1421
kollancode	Keezhkulam	Asia	8.2307	77.1863
kollancode	Methukummal	Asia	8.3075	77.1521
kollancode	Painkulam	Asia	8.2602	77.1740
komalapuram	Kalavoor	Asia	9.5705	76.3276
komalapuram	Mannanchōri	Asia	9.5722	76.3525
komalapuram	Pathirappally	Asia	9.5354	76.3221
komatsu	Nomimachi	Asia	36.4097	136.4847
komoro	Miyota	Asia	36.3366	138.5129
konan	Ōguchi	Asia	35.3415	136.9111
kondapalle	Ibrāhīmpatnam	Asia	16.5830	80.5143
konosu	Kitamoto	Asia	36.0332	139.5377
koovappady	Chelamartam	Asia	10.1371	76.4570
koovappady	Marampilly	Asia	10.1138	76.4418
koovappady	Perumpāvūr	Asia	10.1154	76.4761
kosamba	Kim	Asia	21.4008	72.9268
kosamba	Tarsadi	Asia	21.4700	72.9521
koshi	Okino	Asia	32.8701	130.7917
koshigaya	Matsubushi	Asia	35.9190	139.8113
koshigaya	Yoshikawa	Asia	35.8923	139.8418
koshu	Enzan	Asia	35.7000	138.7333
kosi	Chhāta	Asia	27.7237	77.5081
kot-kapura	Kotkapura	Asia	30.5819	74.8330
kota-bharu	Peringat	Asia	6.0333	102.2833
kota-bharu	Wakaf Baharu	Asia	6.1167	102.2000
kota-tinggi	Kampung Batu Empat	Asia	1.7760	103.8736
kotari	Mukō	Asia	34.9654	135.7041
kottagudem	Chunchupally	Asia	17.5233	80.6041
kottaikadu	Marakkanam	Asia	12.1921	79.9419
kottangara	Elampalloor	Asia	8.9558	76.6739
kottangara	Karuva	Asia	8.9500	76.5986
kottangara	Panayāttur Vadakkumbhāgam	Asia	8.9546	76.6185
kottangara	Perunād	Asia	8.9490	76.6427
kottangara	Trikonavattam	Asia	8.8899	76.6659
kottayam	Aymanam	Asia	9.6068	76.5006
kottayam	Chengalam	Asia	9.5966	76.4678
kottayam	Perumbaikad	Asia	9.6183	76.5313
kottayam	Vijayapuram	Asia	9.5912	76.5612
kottur	Anaimalai	Asia	10.5830	76.9344
kottur	Vettaikkaranpudur	Asia	10.5621	76.9130
kovilpatti	Inam Maniyachi	Asia	9.1706	77.8512
koyilandy	Kizhariyūr	Asia	11.4982	75.6807
krian	Driyorejo	Asia	-7.3659	112.6219
krishnagiri	Kādiganpalli	Asia	12.5232	78.2086
krishnagiri	Kāveripatnam	Asia	12.4219	78.2188
kuah	Kampung Baru Ulu Melaka	Asia	6.3520	99.7879
kuala-lumpur	Bangsar	Asia	3.1294	101.6700
kuala-lumpur	Bukit Bintang	Asia	3.1466	101.7102
kuala-lumpur	Bukit Kerinchi	Asia	3.1063	101.6676
kuala-lumpur	Cheras	Asia	3.1080	101.7260
kuala-lumpur	Seputeh	Asia	3.1167	101.6833
kuala-lumpur	Taman Desa	Asia	3.1059	101.6868
kudappanakkunnu	Kidarakulam	Asia	8.5669	76.9913
kudappanakkunnu	Sreekaryam	Asia	8.5488	76.9172
kudappanakkunnu	Vattiyūrkāvu	Asia	8.5247	76.9889
kukatpally	Quthbullapur	Asia	17.5011	78.4582
kukichuo	Satte	Asia	36.0725	139.7261
kukichuo	Shiraoka	Asia	36.0184	139.6603
kukichuo	Washinomiya	Asia	36.0992	139.6604
kulai	Bandar Putra Kulai	Asia	1.6496	103.6266
kulai	Kampung Sedenak	Asia	1.7114	103.5276
kulasekarapuram	Ayanavelikulangara Vadakku	Asia	9.0430	76.5230
kulasekarapuram	Kalleribhāgam	Asia	9.0540	76.5580
kulasekarapuram	Karungappalli	Asia	9.1042	76.5370
kulasekarapuram	Ochira	Asia	9.1348	76.5117
kulasekarapuram	Thodiyoor	Asia	9.0780	76.5777
kulasekarapuram	Ādanāttutekkumuri Kizhakku	Asia	9.0791	76.5137
kulathummal	Vilappil	Asia	8.5222	77.0400
kumagaya	Yamata	Asia	36.0817	139.3716
kumarapalayam	Bhavāni	Asia	11.4455	77.6821
kumarapalayam	Elandakuttai	Asia	11.4060	77.7750
kumarapalayam	Jāmbai	Asia	11.4678	77.6434
kumarapalayam	Pudūr	Asia	11.4360	77.6760
kumarapalayam	Sūryampālaiyam	Asia	11.4045	77.7123
kumarapalayam	Tattānkuttai	Asia	11.4352	77.7237
kumarapuram	Cheppad	Asia	9.2346	76.4733
kumarapuram	Haripād	Asia	9.2836	76.4552
kumarapuram	Karthikappally	Asia	9.2568	76.4487
kumarapuram	Mēppādam	Asia	9.3242	76.4934
kumbakonam	Dārāsuram	Asia	10.9499	79.3561
kumbakonam	Tirunāgeswaram	Asia	10.9646	79.4293
kumhari	Ahīwāra	Asia	21.3580	81.4179
kundapura	Gangolli	Asia	13.6502	74.6707
kunnamangalam	Kuttikkāttūr	Asia	11.2626	75.8796
kunnamangalam	Pūvātūparamba	Asia	11.2710	75.8894
kunnamkulam	Kadikkād	Asia	10.6705	75.9797
kunnamkulam	Punnayūr	Asia	10.6521	75.9951
kunnamkulam	Vadakkēkkād	Asia	10.6635	76.0033
kuoyiqi	Puqiakeqi	Asia	37.3174	79.7053
kuoyiqi	Tuwaite	Asia	37.3449	79.7681
kurali	Morinda	Asia	30.7901	76.4988
kurayoshi	Matsuzaki	Asia	35.4667	133.9000
kure	Etajima	Asia	34.2386	132.4797
kurnool	Māmidālapādu	Asia	15.8541	78.0148
kurobe-shi	Nyūzen	Asia	36.9374	137.5006
kuroda	Ginan	Asia	35.3883	136.7848
kuroda	Kasamatsuchō	Asia	35.3667	136.7667
kuroishi	Namioka	Asia	40.7107	140.5905
kusatsu	Rittō	Asia	35.0275	135.9997
kuttuparamba	Eruvatti	Asia	11.8062	75.5302
kuttuparamba	Kandamkunnu	Asia	11.8695	75.5808
kuttuparamba	Mangattidam	Asia	11.8433	75.5437
kuttuparamba	Mokēri	Asia	11.7776	75.5731
kuttuparamba	Patiriyat	Asia	11.8490	75.5147
kuttuparamba	Patuvilāyi	Asia	11.8656	75.5233
kuttuparamba	Pāttyam	Asia	11.7930	75.5641
kuwana	Toyoda	Asia	35.0167	136.6667
kyotango	Yotsutsuji	Asia	35.5333	135.1000
kyoto	Kamigyō-ku	Asia	35.0295	135.7567
kyzyl-kyya	Iradan	Asia	40.2667	72.1000
kyzylorda	Tasbuget	Asia	44.7702	65.5546
labuan	Bandar Labuan	Asia	5.2832	115.2537
lahar	Mihona	Asia	26.2837	78.9805
lahore	Model Town	Asia	31.4810	74.3256
lak-si	Anusawari	Asia	13.8947	100.6142
lak-si	Chorakhe Bua	Asia	13.8390	100.6114
lak-si	Lat Yao	Asia	13.8473	100.5637
lakhimpur	Kheri	Asia	27.9035	80.7975
lal-bahadur-nagar	Gaddi Annaram	Asia	17.3669	78.5242
lal-bahadur-nagar	Jilādiguda	Asia	17.3320	78.5255
lal-bahadur-nagar	Meerpet	Asia	17.3210	78.5305
lal-bahadur-nagar	Yamjāl	Asia	17.2694	78.5767
lamphun	Pa Sang	Asia	18.5262	98.9394
lanshan	Wangji	Asia	33.9833	117.7500
laoag	San Nicolas	Asia	18.1725	120.5953
lapu-lapu-city	Mandaue City	Asia	10.3236	123.9222
lar-(in)	Bilthra	Asia	26.1271	83.8915
lat-krabang	Latkrabang	Asia	13.7278	100.7461
lebaksiu	Balapulang	Asia	-7.0486	109.1006
legaspi	Tagas	Asia	13.1667	123.7167
liancheng	Wenheng	Asia	25.6674	116.7543
liangping	Hexing	Asia	30.7448	107.8198
liangping	Renxian	Asia	30.6609	107.6790
lidu	Longqiao	Asia	29.7103	107.2944
liloan	Consolacion	Asia	10.3766	123.9573
lingayen	Binmaley	Asia	16.0323	120.2690
lingayen	Domalanoan	Asia	16.0029	120.2115
lingwu	Dongta	Asia	38.0814	106.3444
linjiang-(cn)	Chunggang	Asia	41.7772	126.8736
linping	Tianducheng	Asia	30.3887	120.2426
linping	Xingqiao	Asia	30.3994	120.2517
linshi	Shituo	Asia	29.7161	107.1356
linshui	Pengcheng	Asia	36.4311	114.1700
linxi	Guye	Asia	39.7408	118.4507
linxi	Tangjiazhuang	Asia	39.7433	118.4510
liping	Zhongchao	Asia	26.1375	109.2200
lishi	Ciyun	Asia	29.0754	106.2056
liutuan	Longchi	Asia	36.9453	119.3253
lixian	Yongping	Asia	34.2899	105.2722
lonavla	Maval	Asia	18.7553	73.4443
longgang-(cn)	Tangxiang	Asia	29.7023	105.7236
longnan	Chengjiao	Asia	33.3852	104.9196
longnan	Dongjiang	Asia	33.3792	104.9507
longshan-(cn)	Dayang	Asia	34.9898	106.0721
longshan-(cn)	Maguan	Asia	35.0662	106.0332
longshan-(cn)	Muhe	Asia	35.0234	106.1349
longshan-(cn)	Xichuan	Asia	35.0305	106.0630
longsheng	Yongcheng	Asia	29.0213	106.8201
longshi	Laitan	Asia	30.1758	106.4862
longshi	Xiaojia	Asia	30.2884	106.4703
longshui	Yulong	Asia	29.5462	105.8104
longtan-(cn)	Tongle	Asia	29.4612	107.1970
longxing	Wangjia	Asia	29.7672	106.6981
longxing	Yufengshan	Asia	29.7198	106.7234
loni	Bābarpur	Asia	28.6875	77.2856
loni	Dayal Pur	Asia	28.7175	77.2651
loni	Gokalpur	Asia	28.7029	77.2896
loni	Jīwanpur	Asia	28.7145	77.2849
loni	Karāwalnagar	Asia	28.7271	77.2705
loni	Khajoori Khas	Asia	28.7096	77.2587
loni	Mandoli	Asia	28.7028	77.3100
loni	Mir Pur Turk	Asia	28.7049	77.2642
loni	Sādatpur Gujran	Asia	28.7283	77.2482
loni	Ziauddin Pur	Asia	28.7087	77.2765
lubao	Sasmuan	Asia	14.9438	120.6229
luhuan	Lai Chi Van	Asia	22.1197	113.5511
luhuan	Taipa	Asia	22.1558	113.5569
lulou	Zhuzhai	Asia	34.7611	116.8139
luomen	Jutou	Asia	34.8208	105.0339
luoqi	Maliuzui	Asia	29.6929	106.9440
lushui	Liuku	Asia	25.8505	98.8557
ma-on-shan	Kam Ying	Asia	22.4229	114.2366
ma-on-shan	Lee On	Asia	22.4263	114.2413
ma-on-shan	Sai Kung	Asia	22.3833	114.2667
ma-on-shan	Tai Mei Tuk	Asia	22.4745	114.2346
ma-on-shan	Tai Shui Hang	Asia	22.4063	114.2238
ma-on-shan	Wu Kai Sha	Asia	22.4302	114.2421
macau	Nossa Senhora de Fátima	Asia	22.2077	113.5483
macau	Santo António	Asia	22.2021	113.5439
macau	São Lázaro	Asia	22.1999	113.5490
macau	Zhuojiacun	Asia	22.1614	113.5564
machida	Aobadai	Asia	35.5465	139.5172
machida	Bunkyo	Asia	35.5331	139.4217
madayi	Cherukunnu	Asia	11.9956	75.2872
madayi	Cheruthazham	Asia	12.0810	75.2627
madayi	Ezhome	Asia	12.0300	75.2819
madayi	Kunnimangalam	Asia	12.0735	75.2412
madgaon	Cuncolim	Asia	15.1773	73.9939
madgaon	Davorlim	Asia	15.2722	73.9924
madhavaram	Mathur	Asia	13.1710	80.2476
madhavaram	Nāravārikuppam	Asia	13.1913	80.1847
madhavaram	Puzhal	Asia	13.1647	80.2039
madhavaram	Pādiyanallūr	Asia	13.2004	80.1761
madurai	Anuppānadi	Asia	9.9040	78.1433
madurai	Avaniyāpuram	Asia	9.8818	78.1125
madurai	Kannānendal	Asia	9.9649	78.1416
madurai	Melmadai	Asia	9.9264	78.1503
madurai	Nāyanakulam	Asia	9.9611	78.1372
madurai	Ottakkadai	Asia	9.9580	78.1886
madurai	Paravai	Asia	9.9645	78.0667
madurai	Tirupparangunram	Asia	9.8815	78.0731
madurai	Tiruppālai	Asia	9.9779	78.1329
madurai	Vandiyūr	Asia	9.9092	78.1609
madurai	Vilāngudi	Asia	9.9458	78.0935
madurai	Ānaiyūr	Asia	9.9615	78.1118
magalang	Pandacaqui	Asia	15.1719	120.6546
magelang	Mertoyudan	Asia	-7.5200	110.2264
magsaysay	Bansalan	Asia	6.7861	125.2133
magugpo-poblacion	Cabayangan	Asia	7.4072	125.7331
maharagama	Pita Kotte	Asia	6.8905	79.9015
maharagama	Sri Jayewardenepura Kotte	Asia	6.8830	79.9071
maheshtala	Sānkrāil	Asia	22.5500	88.2251
majayjay	Lilio	Asia	14.1313	121.4362
majayjay	Nagcarlan	Asia	14.1364	121.4165
makrana	Borāwar	Asia	27.0237	74.6758
malacca	Kampung Bukit Baharu	Asia	2.2152	102.2851
malacca	Klebang Besar	Asia	2.2186	102.1995
malakwal-city	Malakwal	Asia	32.5545	73.2127
malappuram	Kodur	Asia	11.0153	76.0701
malappuram	Peringottupulam	Asia	11.0268	76.0987
malegaon	Dyāne	Asia	20.5674	74.5285
malegaon	Soyāgaon	Asia	20.5525	74.5069
mali	Gaolou	Asia	34.7608	104.6767
malolos	Paombong	Asia	14.8311	120.7892
manakunnam	Arukutti	Asia	9.8667	76.3500
manakunnam	Mulamthuruthy	Asia	9.9003	76.3870
manavadar	Bāntva	Asia	21.4882	70.0758
mancherial	Nāspur	Asia	18.8458	79.4617
mandamarri	Saknepalli	Asia	18.9286	79.4571
mandideep	Ubaidullāhganj	Asia	22.9983	77.5862
manendragarh	Khongapani	Asia	23.1912	82.1626
manila	Binondo	Asia	14.6030	120.9740
manila	Paco	Asia	14.5880	120.9930
manila	Port Area	Asia	14.5894	120.9670
manila	Quiapo	Asia	14.6000	120.9833
mannachanallur	Bhikshāndārkovil	Asia	10.8827	78.7046
mantampay	Boroon	Asia	8.1828	124.1770
mapusa	Calangute	Asia	15.5439	73.7553
maraimalainagar	Madambakkam	Asia	12.8525	80.0467
marg'ilon	Toshloq	Asia	40.4772	71.7678
marilao	Bocaue	Asia	14.7983	120.9261
marilao	Meycauayan	Asia	14.7369	120.9608
marugame	Sakaidechō	Asia	34.3228	133.8356
marugame	Tadotsu	Asia	34.2750	133.7500
marugame	Utazu	Asia	34.3000	133.8167
maruoka	Iijima	Asia	36.0900	136.3599
mastaga	Zabrat	Asia	40.4775	49.9417
matsudo	Aoto	Asia	35.7497	139.8541
matsudo	Ichikawa	Asia	35.7341	139.9065
matsudo	Kanamachi	Asia	35.7651	139.8668
matsudo	Katsushika	Asia	35.7333	139.8500
matsuto	Nonoichi	Asia	36.5333	136.6167
matsuto	Tsurugi-asahimachi	Asia	36.4500	136.6333
matsuyama	Haramachi	Asia	33.7704	132.7898
mattanur	Keevallur	Asia	11.8970	75.5310
mawana	Hastināpur	Asia	29.1604	78.0076
mawana	Phalauda	Asia	29.1882	77.8300
mawlamyine	Martaban	Asia	16.5283	97.6157
mayiladuthurai	Kuthalam	Asia	11.0743	79.5622
mayyanad	Paravūr Tekkumbhāgam	Asia	8.7947	76.6680
meddappakkam	Jalladiampet	Asia	12.9203	80.2081
meddappakkam	Kullattūr	Asia	12.9419	80.1947
meddappakkam	Madipakkam	Asia	12.9623	80.1986
meddappakkam	Pallikaranai	Asia	12.9377	80.2153
meddappakkam	Rajakilpakkam	Asia	12.9194	80.1697
meddappakkam	Sholinganallur	Asia	12.8900	80.2313
mehsi	Chākia	Asia	26.4160	85.0466
mehsi	Madhuban	Asia	26.4386	85.1357
meijiang	Zhongling	Asia	28.2967	108.9584
melati	Sleman	Asia	-7.7156	110.3556
menghuan	Mangshi	Asia	24.4533	98.5704
mentiri	Serasa	Asia	5.0176	115.0580
mettupalayam	Sirumugai	Asia	11.3214	77.0052
milavittan	Mappilaiurani	Asia	8.8359	78.1352
milavittan	Sankaraperi	Asia	8.8387	78.1051
mima	Wakimachi	Asia	34.0667	134.1500
minami-alps	Minamiarupusu	Asia	35.6086	138.4647
minami-alps	Ryūō	Asia	35.6500	138.5000
minamiashigara	Kamiōi	Asia	35.3200	139.1582
minamiashigara	Kanaishima	Asia	35.3441	139.1175
minamiawaji	Fukura	Asia	34.2576	134.7154
minamiuonuma	Muikamachi	Asia	37.0667	138.8833
minamiuonuma	Shiozawa	Asia	37.0376	138.8487
minato	Wakayama	Asia	34.2333	135.1667
minato-city	Akasaka	Asia	35.6713	139.7344
minato-city	Akihabara	Asia	35.6985	139.7725
minato-city	Chiyoda	Asia	35.6845	139.7506
minato-city	Chūō	Asia	35.6700	139.7754
minato-city	Ebara	Asia	35.6130	139.7031
minato-city	Kachidoki	Asia	35.6578	139.7749
minato-city	Meguro	Asia	35.6322	139.7017
minato-city	Minami-ōi	Asia	35.5928	139.7337
minato-city	Shibuya	Asia	35.6589	139.7066
minato-city	Shinjuku	Asia	35.6912	139.7085
minato-city	Takanawa	Asia	35.6321	139.7342
minato-city	Yotsuya	Asia	35.6897	139.7164
mingaladon	Ah Lel	Asia	16.9224	96.0634
mingaladon	Aung San	Asia	16.9215	96.0971
mingaladon	Da Nyin Kone	Asia	16.9334	96.0931
mingaladon	Insein	Asia	16.8887	96.1026
mingaladon	Min Ga Lar Don Zay	Asia	16.9232	96.1164
mingaladon	Pawgan	Asia	16.9084	96.0978
mingaladon	Saw Bwar Gyi Kone	Asia	16.8864	96.1282
mingaladon	Shwe Lin Ban	Asia	16.8966	96.0680
mingaladon	Sinngu	Asia	16.9132	96.0974
mingaladon	Taung Thu Kone	Asia	16.8982	96.1102
mingaladon	Ywar Ma West	Asia	16.8967	96.0917
mingaladon	Zee Kone	Asia	16.9496	96.1023
minhang	Qibao	Asia	31.1527	121.3569
miranpur	Jānsath	Asia	29.3250	77.8504
misawa	Hitokawame	Asia	40.6359	141.4448
mitsuke	Tochio-honchō	Asia	37.4764	138.9951
miyakojima	Hirara	Asia	24.8038	125.3022
miyama	Setakamachi-takayanagi	Asia	33.1486	130.4655
miyawaka	Miyata	Asia	33.7081	130.6530
mojokerto	Soko	Asia	-7.4832	112.4270
molarband	Ali	Asia	28.5161	77.3099
molarband	Jaitpur	Asia	28.5065	77.3298
molarband	Mīthepur	Asia	28.4974	77.3186
molarband	Pul Pehlad	Asia	28.4994	77.2910
molarband	Taj Pul	Asia	28.4948	77.3059
molarband	Tilpat	Asia	28.4651	77.3328
mong-cai	Dongxing	Asia	21.5500	107.9667
morena	Jora Khurd	Asia	26.4893	77.9758
moriguchi	Daitō	Asia	34.7138	135.6203
moriyama	Kitahama	Asia	35.1667	135.9167
moriyama	Yasu	Asia	35.1005	136.0178
mormugao	Sancoale	Asia	15.3779	73.9035
mormugao	Vasco da Gama	Asia	15.3958	73.8157
morvi	Trajpar	Asia	22.8157	70.8665
motijheel	Azimpur	Asia	23.7298	90.3854
motijheel	Dhanmondi	Asia	23.7400	90.3850
motijheel	Dukuria	Asia	23.7110	90.3741
motijheel	Mātuail	Asia	23.7121	90.4598
motijheel	Paltan	Asia	23.7362	90.4143
motijheel	Ramna Maidan	Asia	23.7333	90.4000
motomiya	Miharu	Asia	37.4333	140.4833
motosu	Kitagata	Asia	35.4333	136.6833
motosu	Kurono	Asia	35.4667	136.6333
mu-se	Mengmao	Asia	24.0014	97.8650
mueang-nonthaburi	Bang O	Asia	13.8358	100.4600
mueang-nonthaburi	Wong Sawang	Asia	13.8167	100.5159
mugala	Arele	Asia	36.8130	81.6669
mugala	Arix	Asia	36.7554	81.6077
mugala	Jiayi	Asia	36.8548	81.6355
mugala	Kokyar	Asia	36.8190	81.6333
mukim-pulai	Kempas	Asia	1.5489	103.6965
mukim-pulai	Skudai	Asia	1.5374	103.6578
mulleriyawa	Battaramulla South	Asia	6.8964	79.9181
mulleriyawa	Kelaniya	Asia	6.9553	79.9220
mulleriyawa	Kotikawatta	Asia	6.9269	79.9095
mumbai	Dhārāvi	Asia	19.0500	72.8667
mumbai	Powai	Asia	19.1164	72.9047
muntinlupa	Ayala Alabang	Asia	14.4060	121.0222
muntinlupa	Bayanan	Asia	14.4078	121.0500
muntinlupa	Cupang	Asia	14.4341	121.0362
muntinlupa	Poblacion	Asia	14.3787	121.0250
muntinlupa	Putatan	Asia	14.3986	121.0503
muntinlupa	Tunasan	Asia	14.3792	121.0525
murata	Ōkawara	Asia	38.0500	140.7336
musashimurayama	Akishima	Asia	35.7208	139.3800
musashimurayama	Higashimurayama	Asia	35.7546	139.4685
musashimurayama	Higashiyamato	Asia	35.7630	139.4458
musashimurayama	Tachikawa	Asia	35.7091	139.4189
musashimurayama	Yokota	Asia	35.7500	139.3833
musiri	Kulittalai	Asia	10.9349	78.4125
musiri	Nangavaram	Asia	10.8692	78.5392
muvattupuzha	Mūvattupula	Asia	9.9849	76.5773
myoko	Arai	Asia	37.0006	138.2259
mysuru	Hinakallu	Asia	12.3304	76.6021
mysuru	Hutagalli	Asia	12.3417	76.5863
nada	Heqing	Asia	19.5283	109.6328
nada	Lanyang	Asia	19.4614	109.6604
nadapuram	Chekkiād	Asia	11.7173	75.6419
nadapuram	Edacchēri	Asia	11.6818	75.6248
nadapuram	Kunnummal	Asia	11.6832	75.7108
nadapuram	Tūnēri	Asia	11.6970	75.6349
naga	Magarao	Asia	13.6604	123.1869
naga-(ph)	Minglanilla	Asia	10.2450	123.7964
nagareyama	Minaminagareyama	Asia	35.8401	139.8986
nagareyama	Misato, Saitama	Asia	35.8437	139.8835
nagavaram	Ghatkesar	Asia	17.4508	78.6837
nagercoil	Boothapandi	Asia	8.2659	77.4461
nagercoil	Dharmapuram	Asia	8.1203	77.3890
nagercoil	Nallavila	Asia	8.2055	77.3444
nagercoil	Villukuri	Asia	8.2226	77.3732
nagercoil	Āchāripallam Vāniyakudi	Asia	8.1743	77.3849
nagercoil	Ālūr	Asia	8.1931	77.3643
nagpur	Hudkeshwar Buzurg	Asia	21.0824	79.1274
nagpur	Nārsala	Asia	21.0897	79.1359
naha	Kanegusuku	Asia	26.1970	127.7259
naha	Tomigusuku	Asia	26.1858	127.6819
naic	Maragondon	Asia	14.2733	120.7377
naila	Jānjgīr	Asia	22.0092	82.5778
najafgarh	Dīndārpur	Asia	28.5981	76.9916
najafgarh	Nangli Sakrawat	Asia	28.6217	76.9923
najafgarh	Roshanpura	Asia	28.6006	76.9892
nakama	Inokura	Asia	33.8010	130.6842
nakama	Miyaodai	Asia	33.8466	130.7128
nakamura	Shimoda	Asia	32.9458	132.9863
nakatsu	Buzen	Asia	33.6115	131.1300
nakatsukuma	Ishinari	Asia	33.3615	130.4048
naksalbari	Bagdogra	Asia	26.6993	88.3118
namakkal	Periyapatti	Asia	11.2052	78.1512
namakkal	Sendamangalam	Asia	11.2811	78.2342
namyangju	Wabu	Asia	37.5897	127.2203
nanao	Hitoto	Asia	36.9858	136.9033
nanbin	Daxie	Asia	30.0729	108.1103
nanchang	Changleng	Asia	28.7000	115.8167
nanchong	Gaoping	Asia	30.7758	106.1029
nanhu	Chentuan	Asia	35.5047	119.2669
nani-daman	Daman	Asia	20.4143	72.8324
nanjikkottai	Vallam	Asia	10.7199	79.0598
nanjo	Yaese	Asia	26.1273	127.7432
nankoku	Tosayamadachō-nakano	Asia	33.6000	133.6833
nankoku	Yamashita	Asia	33.5655	133.7028
nannambra	Tennala	Asia	10.9934	75.9350
nanping-(cn)	Conglin	Asia	29.0303	106.9703
nanto-shi	Fukumitsu	Asia	36.5575	136.8695
nanyo	Takahata	Asia	38.0025	140.1911
narashino	Makuhari	Asia	35.6500	140.0500
narela	Kundli	Asia	28.8691	77.1206
narmadapuram	Budhni	Asia	22.7866	77.6811
nasushiobara	Kuroiso	Asia	36.9667	140.0500
nasushiobara	Nasu	Asia	37.0421	140.0938
naubatpur	Bikram	Asia	25.4471	84.8626
navsari	Abrama	Asia	20.8587	72.9065
navsari	Jalalpore	Asia	20.9490	72.8983
navsari	Kabilpor	Asia	20.9508	72.9583
navsari	Vijalpor	Asia	20.9221	72.9095
nawada	Bhadauni	Asia	24.8754	85.5337
nawanshahr	Garhshankar	Asia	31.2154	76.1415
nawanshahr	Rāhon	Asia	31.0527	76.1191
naxcivan	Nehram	Asia	39.1160	45.4617
naypyidaw	Nay Pyi Taw	Asia	19.7450	96.1297
nayudupet	L.A.Sagaram	Asia	13.9034	79.8906
nayudupet	Vinnamāla	Asia	13.9074	79.9086
neduva	Ariyallur	Asia	11.0833	75.8490
neduva	Pariyāpuram	Asia	11.0167	75.8667
neelankarai	Injambakkam	Asia	12.9162	80.2488
neelankarai	Kotivakkam	Asia	12.9702	80.2577
neelankarai	Palavakkam	Asia	12.9535	80.2572
neelankarai	Perungudi	Asia	12.9610	80.2409
new-delhi	Delhi	Asia	28.6519	77.2315
new-delhi	Karol Bāgh	Asia	28.6514	77.1907
new-mirpur-city	Islamgarh	Asia	33.1897	73.8383
new-taipei-city	Banqiao	Asia	25.0143	121.4672
neyyattinkara	Athiyannur	Asia	8.3930	77.0637
neyyattinkara	Kanjiramkulam	Asia	8.3598	77.0525
nia-valencia	Dologon	Asia	7.8408	125.0444
niiza	Kiyose	Asia	35.7795	139.5301
niiza	Miyoshidai	Asia	35.8332	139.5444
niiza	Shiki	Asia	35.8333	139.5833
niiza	Ōi	Asia	35.8509	139.5200
nishi-tokyo-shi	Higashikurume	Asia	35.7520	139.5117
nishi-tokyo-shi	Kamirenjaku	Asia	35.6942	139.5549
nishi-tokyo-shi	Koganei	Asia	35.7001	139.5111
nishi-tokyo-shi	Musashino	Asia	35.7061	139.5594
nishi-tokyo-shi	Sekimachi-minami	Asia	35.7214	139.5808
nishi-tokyo-shi	Tanashichō	Asia	35.7292	139.5381
nishinomiya	Ashiya	Asia	34.7281	135.3026
nishio	Ishiki	Asia	34.8000	137.0167
nishiwaki	Kajiya	Asia	35.0667	134.9167
nisshin	Morowa	Asia	35.1000	137.0667
nisshin	Nagakute	Asia	35.1733	137.0567
nogata	Akaike	Asia	33.6919	130.7653
noida	Chilla Soroda Bāngar	Asia	28.5957	77.3019
noida	Dalūpura	Asia	28.6057	77.3190
noida	Gharonda Neemka Bangar	Asia	28.6164	77.2880
noida	Gharroli	Asia	28.6167	77.3321
noida	Kondli	Asia	28.6117	77.3267
nong-khaem	Bang Bon Nuea	Asia	13.6529	100.3587
norzagaray	Angat	Asia	14.9285	121.0300
nowshera-kalan	Amangarh	Asia	34.0058	71.9297
nowshera-kalan	Nowshera Cantonment	Asia	33.9983	71.9983
nowshera-kalan	Risalpur Cantonment	Asia	34.0605	71.9928
numata	Minakami	Asia	36.6882	138.9863
numazu	Fushimi	Asia	35.1143	138.8974
nurpur	Tājpur	Asia	29.1624	78.4846
nyingchi	Bayi	Asia	29.6581	94.3589
obita	Togitsu	Asia	32.8333	129.8500
ofunato	Rikuzen-Takata	Asia	39.0203	141.6542
ogaki	Gōdo	Asia	35.4167	136.6000
ogawamachi	Ranzan	Asia	36.0553	139.3150
ogi	Taku	Asia	33.2771	130.1093
ogori	Sonobe	Asia	33.4238	130.4992
ogori	Tosu	Asia	33.3667	130.5167
okaya	Shimosuwa	Asia	36.0713	138.0820
okinawa	Chatan	Asia	26.3095	127.7702
okinawa	Kishaba	Asia	26.3033	127.7940
okubo-naka	Izumisano	Asia	34.4167	135.3167
omitama	Okunoya	Asia	36.2833	140.4167
ong-ha	thị xã Quảng Trị	Asia	16.7508	107.1828
onyar	Weiwu'eryuqiwen	Asia	43.7560	81.8606
orani	Hermosa	Asia	14.8314	120.5081
osaki	Furukawa	Asia	38.5717	140.9556
osaki	Kogota	Asia	38.5500	141.0500
osaki	Kogota-ekimae	Asia	38.5333	141.0667
oshu	Kanegasaki	Asia	39.2000	141.1167
oshu	Mizusawa	Asia	39.1333	141.1333
othukkungal	Kōttakkal	Asia	11.0009	76.0062
othukkungal	Parappur	Asia	11.0121	75.9947
ottapalam	Vāniyamkulam	Asia	10.7830	76.3336
ouda-yamaguchi	Haibara-akanedai	Asia	34.5333	135.9500
ozu	Uchiko	Asia	33.5499	132.6471
paete	Pangil	Asia	14.4033	121.4651
pagadian	Muricay	Asia	7.8275	123.4782
palakkad	Ambikāpuram	Asia	10.7939	76.6530
palakkad	Koduvayur	Asia	10.6867	76.6588
palakkad	Marutharōd	Asia	10.7751	76.6995
palakkad	Pirāyiri	Asia	10.7652	76.6318
palakkad	Pudussery West	Asia	10.7880	76.7279
palakkad	Puthuppariyāram	Asia	10.8131	76.6287
palani	Ayakudi	Asia	10.4499	77.5520
palani	Sivagirippatti	Asia	10.4502	77.5303
palasa	Kāsībugga	Asia	18.7593	84.4161
pallavaram	Anakaputhur	Asia	12.9828	80.1264
pallavaram	Kallamchavadi	Asia	12.9531	80.1308
pallavaram	Meenambakkam	Asia	12.9846	80.1747
pallavaram	Pammal	Asia	12.9750	80.1347
pallavaram	Polichalur	Asia	12.9891	80.1418
pallavaram	Ullagaram	Asia	12.9790	80.1970
pallichal	Kalliyoor	Asia	8.4313	77.0129
pallichal	Malayinkeezhu	Asia	8.4902	77.0374
pallichal	Vilavoorkkal	Asia	8.4809	77.0220
pallikal	Cherukavu	Asia	11.1731	75.9086
pallikal	Kondotty	Asia	11.1423	75.9657
pallikal	Peruvallur	Asia	11.1048	75.9327
pallipuram	Kutiatodu	Asia	9.8000	76.3333
pallipuram	Thaikkattussery	Asia	9.7715	76.3439
pallipuram	Vaikam	Asia	9.7486	76.3964
palwal	Palwal Rural	Asia	28.1456	77.3513
palwancha	Pāloncha	Asia	17.6018	80.7051
pamban	Mandapam	Asia	9.2757	79.1236
pan'an	Xiejiawan	Asia	34.8121	105.1715
panachikkad	Nattakam	Asia	9.5453	76.5141
panachikkad	Puthuppally	Asia	9.5575	76.5748
panakkudi	Aramboli	Asia	8.2496	77.5216
panchkula	Mani Mājra	Asia	30.7140	76.8382
panchkula	Zerakpur	Asia	30.6562	76.8209
pandaan	Prigen	Asia	-7.6833	112.6167
pandak	Bambanglipuro	Asia	-7.9500	110.2833
pandak	Pundong	Asia	-7.9522	110.3486
pandak	Srandakan	Asia	-7.9386	110.2506
pandi	Guyong	Asia	14.8361	120.9784
panihati	Khardah	Asia	22.7186	88.3781
panihati	Konnagar	Asia	22.7051	88.3445
panihati	Kāmārhāti	Asia	22.6711	88.3747
panipat	Kheri Nāngal	Asia	29.3544	76.9774
panipat	Panipat Taraf Ansar	Asia	29.4122	76.9547
panipat	Panipat Taraf Makhdum Zadgan	Asia	29.4161	76.9883
panipat	Panipat Taraf Rajputan	Asia	29.3609	76.9426
panipat	Ugrākheri	Asia	29.3780	77.0093
paniqui	Ramos	Asia	15.6653	120.6406
panjim	Chimbel	Asia	15.4926	73.8747
panjim	Penha de França	Asia	15.5170	73.8354
panjim	Taleigao	Asia	15.4692	73.8328
panjim-(cn)	Hudiyuzi	Asia	43.9255	81.4121
paoy-paet	Aranyaprathet	Asia	13.6928	102.5013
pappinissheri	Azhikkōd	Asia	11.9199	75.3355
pappinissheri	Kalliyasshēri	Asia	11.9755	75.3645
pappinissheri	Kannapuram	Asia	11.9843	75.3041
pappinissheri	Kolaccheri	Asia	11.9763	75.4167
paramagudi	Ilaiyankudi	Asia	9.6251	78.6243
paranaque-city	Banco Filipino Homes	Asia	14.4338	121.0223
paranaque-city	Las Piñas	Asia	14.4506	120.9828
parasia	Chāndāmeta	Asia	22.1909	78.7303
pare	Ngoro	Asia	-7.6839	112.2580
parur	Chendamangalam	Asia	10.1632	76.2346
parur	Kottuvalli	Asia	10.1112	76.2463
parur	Puthenvelikara	Asia	10.1851	76.2454
parur	Vadakakarai	Asia	10.1664	76.2018
pasay	Baclaran	Asia	14.5319	120.9942
pasay	Makati City	Asia	14.5503	121.0327
pasig-city	Mandaluyong	Asia	14.5784	121.0352
pasig-city	Mandaluyong City	Asia	14.5832	121.0409
pasir-gudang	Kampung Pasir Gudang Baru	Asia	1.4726	103.8780
pasir-gudang	Masai	Asia	1.4907	103.8788
pat-heung	Kam Tin	Asia	22.4412	114.0602
pat-heung	New Territories	Asia	22.4244	114.1110
pathankot	Jugiāl	Asia	32.3684	75.6782
pathankot	Mamun	Asia	32.2824	75.6983
pathankot	Sujānpur	Asia	32.3162	75.6074
patiala	Sanaur	Asia	30.3018	76.4579
pattambi	Muthutala	Asia	10.8354	76.1596
pattambi	Ongallur-I	Asia	10.8027	76.2185
pattambi	Ongallur-II	Asia	10.7897	76.2190
pattukkottai	Madukkūr	Asia	10.4810	79.3994
paya-terubong	Ayer Itam	Asia	5.4016	100.2781
paya-terubong	Balik Pulau	Asia	5.3492	100.2394
paya-terubong	Batu Feringgi	Asia	5.4709	100.2453
paya-terubong	Glugor	Asia	5.3722	100.3071
paya-terubong	Kampung Sungai Glugur	Asia	5.3697	100.3135
payyanur	Trikarpūr North	Asia	12.1458	75.1748
payyanur	Trikarpūr South	Asia	12.1165	75.1852
pelentong	Johor Jaya	Asia	1.5392	103.8092
pelentong	Taman Permas Jaya	Asia	1.5110	103.8198
peringathur	Azhiyūr	Asia	11.6935	75.5601
peringathur	Chockli	Asia	11.7274	75.5551
peringathur	Erāmala	Asia	11.6859	75.5910
peringathur	Kolavallúr	Asia	11.7507	75.6199
peringathur	Mahē	Asia	11.7017	75.5347
peringathur	Panniyannūr	Asia	11.7486	75.5756
peringathur	Panoor	Asia	11.7594	75.5784
perling	Bukit Indah	Asia	1.4800	103.6596
perling	Horizon Hills	Asia	1.4577	103.6455
perunkalattu	Tambaram	Asia	12.9246	80.1271
perunkalattu	Vandalūr	Asia	12.8924	80.0808
petagas	Kinarut	Asia	5.8231	116.0466
petaling-jaya	Ara Damansara	Asia	3.1190	101.5866
petaling-jaya	Bandar Sunway	Asia	3.0693	101.6074
petaling-jaya	Bandar Utama	Asia	3.1482	101.6141
petaling-jaya	SS2	Asia	3.1204	101.6225
petaling-jaya	Taman Tun Dr Ismail	Asia	3.1451	101.6262
petaling-jaya	Tropicana Indah	Asia	3.1416	101.5909
petlad	Sojītra	Asia	22.5388	72.7198
phan-rang-thap-cham	Khánh Hải	Asia	11.5910	109.0405
phitsanulok	Ban Aranyik	Asia	16.8255	100.2849
phnom-penh	Boeng Kak Pir	Asia	11.5727	104.8902
phnom-penh	Chrang Chamreh Muoy	Asia	11.6305	104.8854
phnom-penh	Dangkao	Asia	11.5088	104.8914
phra-nakhon-si-ayutthaya	Bang Ban	Asia	14.3740	100.4853
phra-pradaeng	Bang Khlo	Asia	13.6989	100.5124
phra-pradaeng	Bang Kho Laem	Asia	13.6928	100.5014
phra-pradaeng	Bang Kho Laem subdistrict	Asia	13.6934	100.5022
phra-pradaeng	Chom Thong	Asia	13.6772	100.4841
phra-pradaeng	Chong Nonsi	Asia	13.6931	100.5487
phra-pradaeng	Rat Burana	Asia	13.6816	100.5059
phra-pradaeng	Sathon	Asia	13.7085	100.5262
phra-pradaeng	Thung Khru	Asia	13.6285	100.5095
phra-pradaeng	Yan Nawa	Asia	13.6963	100.5421
phu-my	Xóm Mỹ Xuân	Asia	10.6167	107.0667
phu-thuong	Cổ Lóa	Asia	21.1167	105.8667
phu-thuong	Nghĩa Đô	Asia	21.0500	105.8000
phu-thuong	Tây Hồ	Asia	21.0690	105.8105
phuc-yen	Quang Minh	Asia	21.1888	105.7727
phuket	Ban Ko Sire	Asia	7.8875	98.4257
phuket	Ban Ratsada	Asia	7.9096	98.4025
phuket	Ban Talat Nua	Asia	7.8849	98.3856
phuket	Ban Talat Yai	Asia	7.8848	98.4001
phuket	Wichit	Asia	7.8894	98.3852
phulera	Naraina	Asia	26.7907	75.2061
phulera	Sāmbhar	Asia	26.9081	75.1914
phulwari-sharif	Khagaul	Asia	25.5790	85.0456
phulwari-sharif	Nohsa	Asia	25.5653	85.0560
phusro	Kāro	Asia	23.7852	85.9783
pilani	Vidyavihar	Asia	28.3681	75.5840
pimpri-chinchwad	Pimpri	Asia	18.6229	73.8070
pingjin	Jukui	Asia	30.6359	107.5963
pingjin	Lirang	Asia	30.6849	107.6315
pingtan	Wofo	Asia	29.9082	105.7871
pinjaur	Kālka	Asia	30.8398	76.9407
pithampur	Betma	Asia	22.6865	75.6146
plumbon	Klangenan	Asia	-6.7094	108.4400
plumbon	Palimanan	Asia	-6.7069	108.4242
plumbon	Weru	Asia	-6.7110	108.5037
pohang	Yeonil	Asia	36.0045	129.3185
polangui	Libon	Asia	13.2997	123.4386
polangui	Oas	Asia	13.2593	123.4963
pollachi	Sūleswaranpatti	Asia	10.6388	77.0084
pollachi	Ūttukuli	Asia	10.6519	76.9778
ponnani	Māranchēri	Asia	10.7405	75.9710
ponneri	Gummidipundi	Asia	13.4077	80.1088
ponnur	Ponnūru	Asia	16.0655	80.5520
poranki	Gannavaram	Asia	16.5409	80.8021
poranki	Tādigadapa	Asia	16.4713	80.6970
porbandar	Chhaya	Asia	21.6288	69.6339
porbandar	Khapat	Asia	21.6541	69.6126
port-dickson	Kampung Teluk Kemang	Asia	2.4615	101.8595
port-dickson	Lukut	Asia	2.5703	101.8330
pottaneri-nallakavundanpatti	Vīrnūr	Asia	11.8443	77.8473
prachin-buri	Ban Phra	Asia	14.0946	101.3890
prachin-buri	Prachin Buri Town	Asia	14.0546	101.3726
prachin-buri	Thambon Na Mueang	Asia	14.0560	101.3722
prayagraj	Jhūsi	Asia	25.4374	81.9055
proddatur	Gopavaram	Asia	14.7841	78.5729
prosperidad	Bah-Bah	Asia	8.6072	125.9144
puchong	Putra Heights	Asia	2.9936	101.5726
puchong	Subang Jaya	Asia	3.0438	101.5806
puchuan	Tuantian	Asia	24.7113	98.6532
puchuan	Xinhua	Asia	24.7525	98.4830
puducherry	Ariyānkuppam	Asia	11.8953	79.8071
puducherry	Gundupālaiyam	Asia	11.9410	79.8029
puducherry	Kottaikuppam	Asia	11.9613	79.8392
puducherry	Manaveli	Asia	11.8909	79.8104
pulakkod	Kizhuparamba	Asia	11.2526	76.0244
pulakkod	Thazhecode	Asia	11.3226	75.9758
pulilan	Plaridel	Asia	14.8872	120.8572
puliyankudi	Vāsudevanallūr	Asia	9.2417	77.4118
pune	Khadki	Asia	18.5635	73.8521
pune	Shivaji Nagar	Asia	18.5302	73.8526
putuo	Changzheng	Asia	31.2391	121.3678
qaracuxur	Amirdzhan	Asia	40.4264	49.9836
qaracuxur	Bakıxanov	Asia	40.4189	49.9669
qaracuxur	Sabunçu	Asia	40.4425	49.9481
qaracuxur	Yeni Suraxanı	Asia	40.4303	50.0360
qaraqash	Manglai	Asia	37.2752	79.6781
qaraqash	Tuohula	Asia	37.2423	79.6928
qaraqash	Ying’awati	Asia	37.2987	79.8303
qianjiang-(cn)	Zhoubai	Asia	29.5295	108.8227
qinglian	Dashu	Asia	31.2109	109.3215
qingpu	Xiayang	Asia	31.1497	121.1159
qingpu	Zhujiajiao	Asia	31.1076	121.0570
qorasuv	Kara Suu	Asia	40.7046	72.8667
quan-muoi	Bình Thạnh	Asia	10.8110	106.7060
quan-muoi	Chợ Lớn	Asia	10.7500	106.6500
quan-muoi	Gò Vấp	Asia	10.8167	106.6833
quan-muoi	Nhà Bè	Asia	10.6967	106.7403
quan-muoi	Quận Ba	Asia	10.7749	106.6863
quan-muoi	Quận Bốn	Asia	10.7668	106.7057
quan-muoi	Quận Mười Một	Asia	10.7638	106.6436
quan-muoi	Quận Năm	Asia	10.7557	106.6675
quan-muoi	Quận Sáu	Asia	10.7468	106.6490
quan-muoi	Tân Bình	Asia	10.8025	106.6600
quang-ngai	Mỹ Lại	Asia	15.1876	108.8890
queenstown-estate	Brickworks Estate	Asia	1.2872	103.8083
queenstown-estate	Bukit Merah Estate	Asia	1.2842	103.8231
queenstown-estate	Bukit Timah	Asia	1.3280	103.7910
queenstown-estate	Clementi Housing Estate	Asia	1.3158	103.7647
queenstown-estate	Margaret Drive	Asia	1.2968	103.8084
queenstown-estate	Outram Park	Asia	1.2825	103.8381
queenstown-estate	Tanglin	Asia	1.3167	103.8167
queenstown-estate	Telok Blangah	Asia	1.2747	103.8117
queenstown-estate	Tiong Bahru Estate	Asia	1.2833	103.8328
quetta	Kot Malik Barkhurdar	Asia	30.2038	66.9872
quezon-city	Bagong Pagasa	Asia	14.6627	121.0328
quezon-city	Novaliches Proper	Asia	14.7226	121.0462
quezon-city	Talipapa	Asia	14.6857	121.0269
qunghirot	Oltinko‘l	Asia	43.0687	58.9037
rabkavi-banhatti	Rabkavi	Asia	16.4757	75.1106
raha	Katobu	Asia	-4.8299	122.7260
raipur	Birgaon	Asia	21.3076	81.6279
raj-nandgaon	Bhānpurī	Asia	21.0919	80.9322
raja-jang	Raiwind	Asia	31.2490	74.2153
rajamahendravaram	Hukumpeta	Asia	16.9887	81.8017
rajamahendravaram	Katheru	Asia	17.0379	81.7760
rajamahendravaram	Kovvūr	Asia	17.0162	81.7293
rajamahendravaram	Morampudi	Asia	16.9800	81.8371
rajapalayam	Settiyārpatti	Asia	9.3935	77.4935
rajapalayam	Settūr	Asia	9.4056	77.4784
rajura	Ballarpur	Asia	19.8470	79.3458
ramapuram	Alandur	Asia	13.0025	80.2061
ramapuram	Maduraivayal	Asia	13.0631	80.1719
ramapuram	Mugalivakkam	Asia	13.0205	80.1653
ramapuram	Nerkunram	Asia	13.0619	80.2094
ramapuram	Porur	Asia	13.0357	80.1582
ramapuram	Saint Thomas Mount	Asia	13.0033	80.1961
ramapuram	Valasaravakkam	Asia	13.0439	80.1725
ramapuram	Virugambakkam	Asia	13.0463	80.1913
ramganj-mandi	Suket	Asia	24.6461	76.0417
ramganj-mandi	Sātalkheri	Asia	24.6522	75.9983
ramgarh	Barkā Kānā	Asia	23.6212	85.4675
ramgarh	Kuju	Asia	23.7254	85.5102
ramgarh	Sirka	Asia	23.6456	85.4333
ramgundam	Ramagundam	Asia	18.7550	79.4740
ramgundam	Singānuram	Asia	18.8222	79.5017
rampur-(in)	Nanauta	Asia	29.7122	77.4173
rampura-phul	Rāmpura	Asia	30.2560	75.2412
ranaghat	Aistala	Asia	23.1800	88.5800
ranchi	Kānke	Asia	23.4348	85.3206
ranchi	Rātu	Asia	23.4204	85.2146
raniganj	Bahula	Asia	23.6518	87.1647
ranipet	Arcot	Asia	12.9057	79.3190
ranipet	Puliyankannu	Asia	12.9392	79.3079
ranipet	Walajapet	Asia	12.9251	79.3663
rasipuram	Nāmagiripettai	Asia	11.4551	78.2682
rawalakot	Khai Gala	Asia	33.8459	73.8272
rawang	Bandar Country Homes	Asia	3.3275	101.5311
rawang	Bukit Beruntung	Asia	3.4156	101.5571
rawang	Serendah	Asia	3.3646	101.6041
rayagada	Chandili	Asia	19.2466	83.4058
razzakov	Suluktu	Asia	39.9365	69.5678
repalle	Bhattiprolu	Asia	16.1026	80.7807
rosales	Villasis	Asia	15.9017	120.5883
rosera	Rusera	Asia	25.7536	86.0260
rourkela	Jalda	Asia	22.1872	84.8436
rourkela	Raurkela Industrial Township	Asia	22.1999	84.8618
sa-dec	Quận Đức Thịnh	Asia	10.3099	105.7386
sado	Ryōtsu-minato	Asia	38.0782	138.4394
sagae	Yachi	Asia	38.4219	140.3083
sai-mai	Tha Raeng	Asia	13.8685	100.6453
saiha	Lawngtlai	Asia	22.5325	92.8990
saitama	Yono	Asia	35.8833	139.6333
sakado	Hidaka	Asia	35.9166	139.3623
sakado	Tsurugashima	Asia	35.9600	139.4028
sakata	Shonai	Asia	38.8485	139.9031
sakura	Shisui	Asia	35.7167	140.2667
sakura-(jp)	Ujiie	Asia	36.6833	139.9667
sakuragawa	Makabe	Asia	36.2667	140.1000
salem	Kannānkurichchi	Asia	11.6969	78.1794
salem	Kondalampatti	Asia	11.6345	78.1237
salor	Yunusobod	Asia	41.3714	69.2794
samalkot	Peddāpuram	Asia	17.0770	82.1384
sambrial	Bhopalwala	Asia	32.4297	74.3635
san-fernando	Bulaon	Asia	15.0826	120.6629
san-fernando	Del Pilar	Asia	15.0360	120.6993
san-fernando	Mexico	Asia	15.0646	120.7198
san-jose-del-monte	Bagong Silang	Asia	14.7783	121.0449
san-jose-del-monte	Loma de Gato	Asia	14.7887	120.9989
san-leonardo	Peñaranda	Asia	15.3512	121.0039
san-luis-(ph)	San Simon	Asia	14.9996	120.7808
san-mateo	Bagong Silangan	Asia	14.7060	121.1080
san-mateo	Commonwealth	Asia	14.6969	121.0801
san-mateo	Malanday	Asia	14.7069	121.1306
san-pablo	Del Remedio	Asia	14.0866	121.3118
san-pascual	Bauan	Asia	13.7917	121.0085
san-tung-chung-hang	Cheung Chau	Asia	22.2109	114.0279
san-tung-chung-hang	Tung Chung	Asia	22.2878	113.9424
sandu	Eman	Asia	19.8572	109.2627
sangamner	Ghulewadi	Asia	19.6031	74.1936
sangli	Bhudgaon	Asia	16.9074	74.5995
sanhe-(cn)	Mingshan	Asia	29.8783	107.6992
sanhui	Shitan	Asia	30.0690	106.5029
sanmiao	Gulou	Asia	30.1760	106.1717
sanmu	Narutō	Asia	35.6000	140.4167
sanmu	Yokoshiba	Asia	35.6500	140.4833
sano	Tanuma	Asia	36.3667	139.5833
sanqu	Baoxing	Asia	29.6217	105.6927
santa-cruz	Lumbang	Asia	14.2973	121.4598
sanxia	Yingge	Asia	24.9561	121.3507
sanyoonoda	Onoda	Asia	34.0014	131.1836
saoner	Khāpa	Asia	21.4224	78.9817
saray	Jorat	Asia	40.5718	49.7051
sarikei	Maradong	Asia	2.0833	111.6167
sasayama	Tamba-Sasayama	Asia	35.0732	135.2178
satara	Godoli	Asia	17.6718	74.0129
satara	Kodoli	Asia	17.6702	74.0347
sathupalli	Sādpalli	Asia	17.2099	80.8364
sathyamangalam	Kumārapālaiyam	Asia	11.5021	77.2555
saugor	Makronia	Asia	23.8477	78.7990
saugor	Rajākheri	Asia	23.8593	78.7852
saunda	Patrātu	Asia	23.6651	85.3035
savannakhet	Mukdahan	Asia	16.5453	104.7235
savarkundla	Kundla	Asia	21.3422	71.3063
sayama	Iruma	Asia	35.8180	139.3680
saybag	Akesalayi	Asia	37.1692	79.6898
saybag	Jiahanbage	Asia	37.1965	79.7057
secunderabad	Jawaharnagar	Asia	17.5100	78.5656
secunderabad	Kompalli	Asia	17.5450	78.4884
sekimachi	Mino	Asia	35.5333	136.9167
selayang-baru-utara	Batu Caves	Asia	3.2380	101.6820
semenyih	Seminyih	Asia	2.9476	101.8470
sengkang-new-town	Hougang New Town	Asia	1.3567	103.8908
sengkang-new-town	Kampong Pasir Ris	Asia	1.3783	103.9319
sengkang-new-town	Kangkar	Asia	1.3761	103.9017
sengkang-new-town	Matilda Estate	Asia	1.3994	103.9028
sengkang-new-town	Paya Lebar	Asia	1.3539	103.8906
sengkang-new-town	Punggol	Asia	1.4144	103.9069
sengkang-new-town	Serangoon	Asia	1.3628	103.8975
sengkang-new-town	Serangoon New Town	Asia	1.3508	103.8708
sengkang-new-town	Yio Chu Kang	Asia	1.3911	103.8514
sennan	Hannan	Asia	34.3333	135.2500
seohara	Sahaspur	Asia	29.1212	78.6227
serilingampalle	Amīnpur	Asia	17.5242	78.3227
serilingampalle	Patancheru	Asia	17.5333	78.2645
serilingampalle	Rāmachandrapuran	Asia	17.5126	78.2885
setapak	Taman Greenwood	Asia	3.2321	101.7048
setapak	Taman Melati	Asia	3.2212	101.7232
setapak	Taman Melawati	Asia	3.2108	101.7482
setapak	Titiwangsa	Asia	3.1782	101.7031
setapak	Wangsa Maju	Asia	3.2006	101.7397
setharja-old	Hingorja	Asia	27.2109	68.4160
setia-alam	Bandar Bukit Raja	Asia	3.0874	101.4334
sewon	Bantul	Asia	-7.8881	110.3289
sha-tin	Fo Tan	Asia	22.3985	114.1929
sha-tin	Keng Hau	Asia	22.3651	114.1747
sha-tin	Pok Hong	Asia	22.3756	114.1958
sha-tin	Sha Tin Wai	Asia	22.3776	114.1975
sha-tin	Shui Chuen O	Asia	22.3716	114.1978
sha-tin	Siu Lek Yuen	Asia	22.3817	114.2126
sha-tin	Sun Tin Wai	Asia	22.3706	114.1870
sha-tin	Tai Wai	Asia	22.3729	114.1790
sha-tin	Tsz Ching Estate	Asia	22.3510	114.2006
sha-tin	Tsz Wan Shan	Asia	22.3525	114.2002
sha-tin	Wo Che	Asia	22.3902	114.1922
sha-tin	Wong Tai Sin	Asia	22.3500	114.1833
shache	Gulebage	Asia	38.4127	77.2303
shache	Mixia	Asia	38.4540	77.2492
sham-tseng	Discovery Bay	Asia	22.3000	114.0167
sham-tseng	Ting Kau	Asia	22.3696	114.0791
shamli	Banat	Asia	29.4636	77.3548
shamli	Jhinjhāna	Asia	29.5212	77.2247
shanghai	Hongkou	Asia	31.2500	121.4892
shanghai	Huangpu	Asia	31.2378	121.4781
shanghai	Pudong	Asia	31.2400	121.5009
shanghai	Puxi	Asia	31.2441	121.4659
shanghai	Xuhui	Asia	31.1959	121.4471
shanghai	Yangpu	Asia	31.2619	121.5190
shanghai	Zhabei	Asia	31.2586	121.4597
shanghuang	Fengling	Asia	31.3194	109.5547
shangyu	Lianghu	Asia	29.9915	120.8984
shanji	Yizhuang	Asia	34.1565	117.5937
sharifabad	Kuri Dulal	Asia	33.3844	73.2637
shenkottai	Vadakarai Kīl Pidāgai	Asia	9.0401	77.2741
shenzhen	Gangxia	Asia	22.5403	114.0614
shenzhen	Luohu District	Asia	22.5472	114.1315
shenzhen	San Tin	Asia	22.5017	114.0693
shenzhen	Shawei	Asia	22.5200	114.0338
shenzhen	Shenzhen City Centre	Asia	22.5359	114.0771
shenzhen	Sheung Shui	Asia	22.5167	114.1167
shenzhen	Zhuzilin	Asia	22.5381	114.0150
shetan	Huwei	Asia	29.9057	107.6385
shetan	Rensha	Asia	30.0530	107.5941
shetou	Tianzhong	Asia	23.8581	120.5857
shibukawa	Ogura	Asia	36.4569	138.9951
shiggaon	Bankāpur	Asia	14.9230	75.2622
shijiao	Sanjiang	Asia	28.9447	106.7106
shikokuchuo	Kawanoechō	Asia	34.0165	133.5784
shillong	Laitumkhrah	Asia	25.5707	91.8977
shillong	Nongthymmai	Asia	25.5637	91.9064
shimada	Kanaya	Asia	34.8202	138.1277
shimada-(jp)	Kotō	Asia	32.7786	130.7454
shimada-(jp)	Mifune	Asia	32.7167	130.8222
shimo-furano	Furano	Asia	43.3500	142.3833
shimo-tsuma	Ishige	Asia	36.1167	139.9667
shimotsuke	Kaminokawa	Asia	36.4333	139.9167
shirakawa	Kumakura	Asia	37.1525	140.1685
shirakawa	Yabuki	Asia	37.2000	140.3167
shirdi	Rahata	Asia	19.7166	74.4811
shiso	Yamazakichō-nakabirose	Asia	35.0000	134.5500
shizhai	Changdian	Asia	34.7759	116.5834
shizhi	Baohe	Asia	30.0608	107.7017
shrirampur	Baidyabāti	Asia	22.7850	88.3259
shrirampur	Bārākpur	Asia	22.7660	88.3634
shrirampur	Rishra	Asia	22.7239	88.3456
shrirampur	Titāgarh	Asia	22.7425	88.3733
shrirangapattana	French Rocks	Asia	12.5009	76.6742
shuanghuai	Xiaomian	Asia	30.1227	106.5344
shuangyashan	Jixian	Asia	46.7259	131.1331
shuitu	Caijiagang	Asia	29.7425	106.4751
shuitu	Tongjiaxi	Asia	29.6850	106.4444
shuizhai	Hedong	Asia	23.9196	115.7801
shuizhai	Hengbei	Asia	23.8797	115.7255
shunan	Tokuyama	Asia	34.0500	131.8167
sidoarjo	Buduran	Asia	-7.4281	112.7234
sidoarjo	Tanggulangin	Asia	-7.4996	112.6999
silvassa	Naroli	Asia	20.2735	72.9417
silvassa	Āmli	Asia	20.2833	73.0167
simpang-empat	Bagan Serai	Asia	5.0108	100.5410
simpang-renggam	Kampung Simpang Renggam	Asia	1.8278	103.3000
singanallur	Irugūr	Asia	11.0178	77.0628
singanallur	Vellalūr	Asia	10.9775	77.0260
singapore	Anak Bukit	Asia	1.3407	103.7730
singapore	Ang Mo Kio New Town	Asia	1.3803	103.8397
singapore	Bishan New Town	Asia	1.3504	103.8487
singapore	Kallang	Asia	1.3333	103.8667
singapore	Novena	Asia	1.3170	103.8438
singapore	Serangoon Garden	Asia	1.3639	103.8575
singapore	Thomson	Asia	1.3492	103.8436
singapore	Toa Payoh New Town	Asia	1.3361	103.8500
sinhyeon	Kyosai	Asia	34.8503	128.5886
sinjhoro	Jhol	Asia	25.9553	68.8887
sinp'o	Yuktae-dong	Asia	40.0247	128.1597
sinwon-up	Ayang-ni	Asia	38.2472	125.7948
sirdaryo	Chinoz	Asia	40.9363	68.7613
sitamarhi	Dumra	Asia	26.5671	85.5204
sitiawan	Seri Manjung	Asia	4.1987	100.6700
sivakasi	Sithurajapuram	Asia	9.4214	77.7873
sivakasi	Tiruttangal	Asia	9.4833	77.8333
sivakasi	Viswanatham	Asia	9.4295	77.8003
soka	Adachi	Asia	35.7632	139.8076
soka	Aoi	Asia	35.7743	139.8165
soka	Takenotsuka	Asia	35.7936	139.7956
soka	Toneri	Asia	35.8109	139.7712
soka	Yashio	Asia	35.8225	139.8390
son-la	Chiềng Cơi	Asia	21.3000	103.9000
sonbong	Unggi	Asia	42.3417	130.4108
songlou	Dashahe	Asia	34.5385	116.6245
soo	Sueyoshichō-ninokata	Asia	31.6500	131.0167
soreang	Leuwiliang	Asia	-7.1169	107.5019
soron	Sahāwar	Asia	27.7960	78.8337
sosa	Yōkaichiba	Asia	35.7000	140.5500
soyibug	Badgām	Asia	34.0152	74.7207
srinagar	Badāmibāgh	Asia	34.0738	74.8528
srivilliputhur	Mamsapuram	Asia	9.4996	77.5879
sukkur	Rohri	Asia	27.6920	68.8950
sulur	Kannampālaiyam	Asia	10.9954	77.0990
sumedang	Sumedang Utara	Asia	-6.8500	107.9167
sumenep	Kalianget	Asia	-7.0537	113.9424
sumerpur	Sheoganj	Asia	25.1392	73.0678
sungai-dua	Kampung Teluk Air Tawar	Asia	5.4833	100.3833
sungai-dua	Kepala Batas	Asia	5.5171	100.4265
sungai-dua	Permatang Kuching	Asia	5.4634	100.3814
sungai-siput	Kampar	Asia	4.3000	101.1500
sungai-udang	Bukit Rambai	Asia	2.2594	102.1838
sungai-udang	Kampung Bertam Ulu	Asia	2.2898	102.1928
surandai	Kilapavoor	Asia	8.9086	77.4311
surandai	Sāmbūrvadakara	Asia	8.9986	77.3876
surat	Amroli	Asia	21.2508	72.8388
susono	Nakatogari	Asia	35.1353	138.9028
tabaco	Malilipot	Asia	13.3188	123.7385
tabaco	Tiwi	Asia	13.4585	123.6805
tachilek	Mae Sai	Asia	20.4335	99.8762
tacloban	Palo	Asia	11.1575	124.9908
tacloban	Panalanoy	Asia	11.2511	125.0064
tagajo-shi	Matsushima	Asia	38.3736	141.0610
tagajo-shi	Rifu	Asia	38.3309	140.9769
tagajo-shi	Shiogama	Asia	38.3167	141.0333
tagajo-shi	Shōbudahama	Asia	38.2844	141.0617
tagaytay	Mendez-Nuñez	Asia	14.1286	120.9058
tagaytay	Patuto	Asia	14.1167	120.9667
tage'erqi	Kuoshi'airike	Asia	38.6228	77.2795
tage'erqi	Paikeqi	Asia	38.5501	77.2083
taguig	Pateros	Asia	14.5391	121.0726
taguig	Upper Bicutan	Asia	14.4996	121.0507
tai-po	Fanling	Asia	22.4949	114.1395
tai-po	Hong Lok Yuen	Asia	22.4631	114.1552
tai-po	Shuen Wan	Asia	22.4677	114.2081
tainan	Yongkang	Asia	23.0244	120.2556
taiping	Kamunting	Asia	4.8833	100.7333
taizhou-(cn)	Jiaojiang	Asia	28.6984	121.4733
tajimi	Toki	Asia	35.3500	137.1833
takarazuka	Itami	Asia	34.7843	135.4013
takarazuka	Kawanishi	Asia	34.8167	135.4167
takeo	Phumĭ Véal Srê	Asia	10.9808	104.7783
takikawa	Sunagawa	Asia	43.4864	141.9056
talcher	Dera Colliery Township	Asia	20.9528	85.1717
talcher	Ghantapada	Asia	20.9345	85.1879
taliparamba	Kurumathur	Asia	12.0397	75.4114
taliparamba	Pariyāram	Asia	12.0588	75.3248
talisay-(ph)	Binonga	Asia	10.7719	122.9817
taman-petaling	Bandar Sri Damansara	Asia	3.1903	101.6106
taman-petaling	Desa Parkcity	Asia	3.1861	101.6287
taman-petaling	Kepong	Asia	3.2140	101.6402
taman-petaling	Mont Kiara	Asia	3.1687	101.6508
taman-petaling	Sentul	Asia	3.1833	101.6833
taman-petaling	Taman Sri Sinar	Asia	3.1868	101.6509
taman-scientex	Bandar Seri Alam	Asia	1.5043	103.8752
taman-senawang-indah	Taman Seremban Jaya	Asia	2.6831	101.9700
tampin	Alor Gajah	Asia	2.3804	102.2089
tamu	Moreh	Asia	24.2508	94.3007
tamura	Funehikimachi-funehiki	Asia	37.4472	140.5771
tan-chau	Ấp Long Thạnh	Asia	10.7607	105.2743
tanabe	Asso	Asia	33.7000	135.4167
tanabe	Shirahama	Asia	33.6833	135.3500
tanauan	Malvar	Asia	14.0447	121.1586
tanauan	Santo Tomas	Asia	14.1079	121.1414
tanay	Baras	Asia	14.5169	121.2658
tanay	Pililla	Asia	14.4854	121.3062
tanay	Sampaloc	Asia	14.5402	121.3602
tanba	Tamba	Asia	35.1748	135.0310
tangwu	Honghe	Asia	36.4028	118.9181
tanjungbalai	Teluk Nibung	Asia	3.0010	99.8164
tantou	Fuyong	Asia	22.6721	113.8152
tantou	Gongheyong	Asia	22.7592	113.7945
tantou	Maozhou	Asia	22.7636	113.8129
tantou	Sanjianzai	Asia	22.7291	113.7758
tantou	Shajing	Asia	22.7463	113.8190
tantou	Shajing Residential District	Asia	22.7318	113.8119
tantou	Shajing Town	Asia	22.7385	113.8076
tantou	Songgang	Asia	22.7787	113.8454
taoyuan	Neili	Asia	24.9725	121.2614
tarakeswar	Srirāmpur	Asia	22.9485	88.0195
taramangalam	Jalakandapuram	Asia	11.6978	77.8730
taramangalam	Omalur	Asia	11.7410	78.0456
tarui	Ikeno	Asia	35.4333	136.5833
tasek-glugor	Lunas	Asia	5.4306	100.5301
tashkent	Chilanzar	Asia	41.2819	69.1811
tateyama	Minamibōsō	Asia	35.0313	139.9265
tatsuno	Ikaruga	Asia	34.8347	134.5780
tatsuno	Tatsunochō-tominaga	Asia	34.8644	134.5520
taytay	Angono	Asia	14.5266	121.1536
taytay	Cainta	Asia	14.5786	121.1222
tellicherry	Dharmadam	Asia	11.7754	75.4646
tellicherry	Erannoli	Asia	11.7691	75.5177
tellicherry	Katirur	Asia	11.7849	75.5302
tellicherry	Pinarāyi	Asia	11.8049	75.4810
teluk-panglima-garang	Jenjarum	Asia	2.8724	101.4948
teresa	Morong	Asia	14.5185	121.2378
thakhek	Nakhon Phanom	Asia	17.4108	104.7786
thane	Airoli	Asia	19.1510	72.9963
thanh-pho-ba-ria	Long Diền	Asia	10.4833	107.2167
thanh-xuan	Bạch Mai	Asia	20.9833	105.8333
thanh-xuan	Cầu Giấy	Asia	21.0323	105.8007
thanh-xuan	Giảng Võ	Asia	21.0307	105.8125
thanh-xuan	Hoàng Liệt	Asia	20.9640	105.8405
thanh-xuan	Hà Đông	Asia	20.9714	105.7788
thanh-xuan	Khương Đình	Asia	20.9837	105.8154
thanh-xuan	Kiến Hưng	Asia	20.9583	105.7897
thanh-xuan	Linh Đàm	Asia	20.9644	105.8305
thanh-xuan	Thanh Liệt	Asia	20.9667	105.8167
thanh-xuan	Yên Hòa	Asia	21.0219	105.7915
thanh-xuan	Định Công	Asia	20.9839	105.8269
thanh-xuan	Đống Đa	Asia	21.0130	105.8250
thanhlyin	Thanlyin	Asia	16.7689	96.2450
thanjavur	Neelagiri	Asia	10.7594	79.0934
thanjavur	Thiruvaiyaru	Asia	10.8841	79.1036
thawi-watthana	Ban Khlong Bang Ramat	Asia	13.7667	100.4333
thayetmyo	Myaydo	Asia	19.3684	95.2151
thenkasi	Āyikudi	Asia	9.0032	77.3449
thin-gan-kyun-gyi	Kone Ta La Paung	Asia	17.0084	96.1497
thin-gan-kyun-gyi	Pauk Kone	Asia	16.9457	96.1457
thin-gan-kyun-gyi	Pyan Lel Nay Yar Cha Htar Ye	Asia	16.9719	96.1274
thin-gan-kyun-gyi	Shwenatha	Asia	16.9884	96.1622
thoothukudi	Attimarappatti	Asia	8.7399	78.1053
thoothukudi	Muttayyāpuram	Asia	8.7498	78.1311
thottada	Chālakilakākara	Asia	11.8540	75.4387
thottada	Irivēri	Asia	11.8559	75.4736
thottada	Kadachira	Asia	11.8369	75.4490
thottada	Muluppilagadu	Asia	11.7979	75.4511
thottada	Peralassery	Asia	11.8322	75.4825
thoubal	Keirao Bitra	Asia	24.7111	93.9746
thoubal	Samurou	Asia	24.7009	93.9033
thrissur	Chevvoor	Asia	10.4586	76.2088
thrissur	Killannur	Asia	10.5992	76.2180
thuraiyur	Turaiyūr	Asia	11.1497	78.5987
tiancheng	Zhoujiaba	Asia	30.8435	108.3664
tianfu-(cn)	Tuchang	Asia	29.9253	106.4907
tianliu	Gucheng	Asia	36.9535	118.7625
tieqiao	Nanya	Asia	31.0843	108.0866
tikkotti	Māniyūr	Asia	11.5522	75.6503
tilda-newra	Simga	Asia	21.6281	81.7038
tin-shui-wai	Fairview Park	Asia	22.4674	114.0477
tin-shui-wai	Ha Tsuen	Asia	22.4472	113.9916
tin-shui-wai	Ping Shan	Asia	22.4411	114.0061
tin-shui-wai	Shap Pat Heung	Asia	22.4248	114.0358
tin-shui-wai	Shenzhenwan	Asia	22.4871	113.9396
tin-shui-wai	Yeung Uk Tsuen	Asia	22.4500	114.0167
tin-shui-wai	Yuen Long	Asia	22.4452	114.0262
tin-shui-wai	Yuen Long Kau Hui	Asia	22.4483	114.0320
tin-shui-wai	Yuen Long San Hui	Asia	22.4333	114.0333
tinongan	Isabela	Asia	10.2048	122.9888
tinsukia	Mākum	Asia	27.4865	95.4365
tirawari	Nīlokheri	Asia	29.8367	76.9319
tiruchchendur	Udangudi	Asia	8.4292	78.0297
tiruchirappalli	Ellakkudi	Asia	10.8060	78.7503
tiruchirappalli	Pāppākurichchi	Asia	10.8137	78.7481
tirukkalikkunram	Pudupattanam	Asia	12.5085	80.1498
tirunelveli	Nāranammālpuram	Asia	8.7599	77.7399
tirunelveli	Pattamadai	Asia	8.6726	77.5845
tirupati	Akkarampalle	Asia	13.6500	79.4200
tirupati	Avilala	Asia	13.6111	79.4208
tirupati	Tiruchanur	Asia	13.6073	79.4486
tirupati	Tirumala	Asia	13.6833	79.3500
tirupati-nma	Mangalam	Asia	13.6575	79.4626
tirupati-nma	Renigunta	Asia	13.6514	79.5126
tirupattur	Pāchchal	Asia	12.5112	78.5552
tiruppur	Andipalayam	Asia	11.0925	77.3123
tiruppur	Mannarai	Asia	11.1172	77.3726
tiruppur	Nallūr	Asia	11.1003	77.3914
tirur	Cheriyamundam	Asia	10.9476	75.9564
tirur	Ponmundam	Asia	10.9536	75.9468
tirur	Talakkād	Asia	10.8846	75.9309
tirur	Tānālūr	Asia	10.9515	75.9096
tirurangadi	Abdu Rahiman Nagar	Asia	11.0698	75.9388
tirurangadi	Moonniyur	Asia	11.0597	75.9031
tiruvalla	Paippad	Asia	9.4246	76.5848
tiruvallur	Vengattūr	Asia	13.0999	79.9321
tiruvannamalai	Vengikkal	Asia	12.2642	79.0674
tiruvottiyur	Manali	Asia	13.1667	80.2667
togane	Ōami	Asia	35.5167	140.3167
togane	Ōamishirasato	Asia	35.5118	140.3526
tokai	Ōbu	Asia	35.0176	136.9495
tokoname	Kaminoma	Asia	34.8080	136.8644
tokorozawa	Akitsu	Asia	35.7742	139.4905
tokyo	Asagaya-minami	Asia	35.7021	139.6375
tokyo	Asagayakita	Asia	35.7109	139.6372
tokyo	Den’enchōfu	Asia	35.5955	139.6653
tokyo	Kamiigusa	Asia	35.7226	139.6064
tokyo	Ogikubo	Asia	35.6982	139.6237
tokyo	Saginomiya	Asia	35.7245	139.6372
tokyo	Sasazuka	Asia	35.6755	139.6666
tokyo	Setagaya	Asia	35.6419	139.6472
tokyo	Shimoigusa	Asia	35.7215	139.6220
tokyo	Wakabayashi	Asia	35.6464	139.6595
tokyo	Yoyogi	Asia	35.6786	139.6915
tokyo	Yōga	Asia	35.6253	139.6389
tomiya	Yoshioka	Asia	38.4414	140.8764
tongchuanshi	Yintai	Asia	35.1152	109.0970
toride	Fujishiro	Asia	35.9167	140.1167
tosa	Ino	Asia	33.5500	133.4333
towada	Hakurōmachi	Asia	40.5235	141.3061
toyama	Gohyakkoku	Asia	36.6641	137.3167
toyo	Asakusa	Asia	35.7169	139.7957
toyo	Hirai	Asia	35.7077	139.8425
toyo	Horikiri	Asia	35.7458	139.8274
toyo	Sumida	Asia	35.7329	139.8209
toyo	Taito	Asia	35.7075	139.7788
toyo	Toyosu	Asia	35.6509	139.7916
toyo	Ōjima	Asia	35.6892	139.8328
toyoake	Chiryū	Asia	35.0000	137.0333
toyohashi	Kozakai-chō	Asia	34.8000	137.3589
toyonaka	Ikeda	Asia	34.8221	135.4298
toyonaka	Minoh	Asia	34.8269	135.4706
toyonaka	Suita	Asia	34.7614	135.5157
triprangod	Thirunavaya	Asia	10.8746	75.9855
tripunittura	Maradu	Asia	9.9365	76.3238
tripunittura	Thiruvankulam	Asia	9.9468	76.3666
tseung-kwan-o	Choi Wan	Asia	22.3339	114.2137
tseung-kwan-o	Choi Wan Estate (I & II)	Asia	22.3334	114.2133
tseung-kwan-o	Hang Hau	Asia	22.3181	114.2699
tseung-kwan-o	LOHAS Park	Asia	22.2932	114.2725
tseung-kwan-o	Laguna City	Asia	22.3055	114.2286
tseung-kwan-o	Sau Mau Ping	Asia	22.3202	114.2350
tseung-kwan-o	Shek O	Asia	22.2334	114.2512
tseung-kwan-o	Siu Sai Wan Estate	Asia	22.2615	114.2488
tseung-kwan-o	Tai Koo	Asia	22.2841	114.2163
tseung-kwan-o	Taikoo Shing	Asia	22.2861	114.2187
tseung-kwan-o	Tiu Keng Leng	Asia	22.2985	114.2511
tseung-kwan-o	Yau Tong	Asia	22.2957	114.2360
tsu	Hisai-motomachi	Asia	34.6667	136.4667
tsu	Kawage	Asia	34.8045	136.5464
tsuen-wan	Discovery Park	Asia	22.3762	114.1114
tsuen-wan	Kwai Chung	Asia	22.3683	114.1388
tsuen-wan	Shek Lei	Asia	22.3661	114.1398
tsuen-wan	Tai Wo Hau	Asia	22.3672	114.1235
tsuen-wan	Tsing Yi Town	Asia	22.3500	114.1000
tsuma	Saito	Asia	32.0820	131.3996
tsuma	Shintomi	Asia	32.0632	131.4869
tsuma	Takanabe	Asia	32.1333	131.5000
tsuru	Ōtsuki	Asia	35.6185	138.9740
tsushima	Aisai	Asia	35.1635	136.7322
tsushima	Sobue	Asia	35.2500	136.7167
tubod	Tangub	Asia	8.0618	123.7477
tudiyalur	Chinnavādampatti	Asia	11.0615	76.9838
tudiyalur	Narasimhanaickenpalayam	Asia	11.1173	76.9363
tudiyalur	Rakkiyapālaiyam	Asia	11.1061	76.9425
tudiyalur	Vellakkinar	Asia	11.0736	76.9566
tuen-mun	Butterfly	Asia	22.3759	113.9625
tuen-mun	Sam Shing	Asia	22.3813	113.9787
tuen-mun	Tuen Mun San Hui	Asia	22.3988	113.9760
tuguegarao	Solana	Asia	17.6528	121.6910
tumen	Namyang	Asia	42.9504	129.8557
tumen	Namyang-nodongjagu	Asia	42.9539	129.8572
tumsar	Chicholi	Asia	21.4693	79.7015
tundla	Etmadpur	Asia	27.2354	78.1983
tuni	Payakaraopeta	Asia	17.3678	82.5683
tuvagudi	Koothappar	Asia	10.7971	78.7923
tuvagudi	Navalpattu	Asia	10.7505	78.7763
tuvagudi	Tiruverumbūr	Asia	10.7937	78.7690
ubon-ratchathani	Warin Chamrap	Asia	15.1932	104.8628
udaipur	Bhuwāna	Asia	24.6214	73.7082
udumalaippettai	Periyakottai	Asia	10.5909	77.2797
udumalaippettai	Sundakkāmpālaiyam	Asia	10.5666	77.2135
udupi	Malpe	Asia	13.3496	74.7039
udupi	Manipal	Asia	13.3500	74.7833
uji	Jōyō	Asia	34.8440	135.8056
uki	Matsubase	Asia	32.6500	130.6667
ukiha	Tanushimarumachi-toyoki	Asia	33.3500	130.6833
ulaanbaatar	Ulan Bator	Asia	47.9077	106.8832
ullal	Kōtekāra	Asia	12.7929	74.8722
ullal	Sōmēshvara	Asia	12.8035	74.8647
ulliyeri	Naduvannūr	Asia	11.4877	75.7751
ulu-bedok	Bedok New Town	Asia	1.3264	103.9417
ulu-bedok	Eunos	Asia	1.3225	103.8982
ulu-bedok	Geylang	Asia	1.3195	103.8869
ulu-bedok	Kaki Bukit Estate	Asia	1.3375	103.9092
ulu-bedok	Kembangan	Asia	1.3223	103.9113
ulu-bedok	Loyang	Asia	1.3786	103.9717
ulu-bedok	MacPherson	Asia	1.3271	103.8841
ulu-bedok	Marine Parade	Asia	1.3031	103.9078
ulu-bedok	Pasir Ris New Town	Asia	1.3722	103.9478
ulu-bedok	Simei New Town	Asia	1.3411	103.9561
ulu-bedok	Tampines Estate	Asia	1.3581	103.9403
ulu-bedok	Tampines New Town	Asia	1.3492	103.9497
umargam	Sanjan	Asia	20.1916	72.8183
umargam	Solsumba	Asia	20.1575	72.7891
umreth	Od	Asia	22.6210	73.1172
un	Thara	Asia	23.9734	71.8192
unamaucheri	Gūduvāncheri	Asia	12.8452	80.0606
unch'on-up	Anak	Asia	38.5108	125.4942
undok	Aoji-ri	Asia	42.5218	130.3957
uozu	Kamiichi	Asia	36.7000	137.3667
uozu	Namerikawa	Asia	36.7597	137.3622
uran	Chanaje	Asia	18.8613	72.9526
urayasu	Edogawe	Asia	35.6923	139.8731
urayasu	Funabori	Asia	35.6821	139.8664
urayasu	Ichinoe	Asia	35.6914	139.8825
uruma	Gushikawa	Asia	26.3594	127.8674
uruma	Ishikawa	Asia	26.4233	127.8214
uruma	Katsuren-haebaru	Asia	26.3329	127.8740
usuki	Tsukumiura	Asia	33.0754	131.8691
uttamapalaiyam	Kombai	Asia	9.8475	77.2960
uttamapalaiyam	Tevāram	Asia	9.8967	77.2809
vadakku-valliyur	Eruvādi	Asia	8.4439	77.6044
vadanappally	Karamuck	Asia	10.4842	76.1044
vadanappally	Manalur	Asia	10.4929	76.1027
vadanappally	Talikkulam	Asia	10.4404	76.0948
vadavalli	Idaiyarpālaiyam	Asia	11.0394	76.9237
vadavalli	Vīrakeralam	Asia	11.0077	76.9126
vadipatti	Ammainaickanur	Asia	10.1671	77.9132
vadipatti	Sholavandan	Asia	10.0216	77.9609
vadnagar	Kherālu	Asia	23.8853	72.6187
vadodara	Undera	Asia	22.3483	73.1331
val-dor	Bukit Tambun	Asia	5.2718	100.4601
val-dor	Jawi	Asia	5.2153	100.4921
val-dor	Sungai Jawi	Asia	5.1978	100.4924
valenzuela	Obando	Asia	14.7098	120.9362
valenzuela	Tanza	Asia	14.6753	120.9389
vallabh-vidyanagar	Karamsad	Asia	22.5424	72.9039
vapi	Chanod	Asia	20.3467	72.9283
vapi	Chhiri	Asia	20.3778	72.9411
vapi	Dabhel	Asia	20.4095	72.8834
vapi	Khali Kachigam	Asia	20.3833	72.8667
vapi	Sarigam INA	Asia	20.2885	72.8503
vapi	Vapi INA	Asia	20.3601	72.9311
varkala	Edavai	Asia	8.7645	76.6885
varkala	Vettūr	Asia	8.7174	76.7258
vazhakkala	Kakkanad	Asia	10.0164	76.3417
vazhakkala	Kalamassery	Asia	10.0614	76.3263
vazhayur	Mavoor	Asia	11.2667	75.9167
vazhayur	Pantheeramkavu	Asia	11.2305	75.8518
vazhayur	Perumanna	Asia	11.2529	75.8906
vellore	Allapuram	Asia	12.8951	79.1279
vellore	Palavansathu	Asia	12.8931	79.1345
vellore	Thorapadi	Asia	12.8915	79.1238
velur	Pottanūr	Asia	11.1098	77.9888
velur	Pugalūr	Asia	11.0740	78.0209
vengara	Kannamangalam	Asia	11.0754	75.9852
vengara	Urakam	Asia	11.0512	75.9883
vengola-kizhakkumbagam	Perumbavoor	Asia	10.1069	76.4737
vettanad	Iroopara	Asia	8.6075	76.9149
vettanad	Uliyazhathura	Asia	8.5816	76.9224
vigan	Bantay	Asia	17.5847	120.3892
vijayawada	Rāmavarappādu	Asia	16.5209	80.6808
vijayawada	Tādepalle	Asia	16.4833	80.6000
vijayawada	Yanamalakuduru	Asia	16.4853	80.6675
villianur	Kurumbapet	Asia	11.9398	79.7713
villupuram	Sālamedu	Asia	11.9088	79.4919
villupuram	Valavanur	Asia	11.9209	79.5824
vinh	Bến Thủy	Asia	18.6500	105.7000
vinh	Yên Vinh	Asia	18.6667	105.6667
vinhomes-smart-city	Dại Mỗ	Asia	20.9833	105.7667
vinhomes-smart-city	Phú Đô	Asia	21.0167	105.7667
vinhomes-smart-city	Tây Mỗ	Asia	21.0025	105.7457
vinzons	Labo	Asia	14.1532	122.8303
virapandi	Kāraippudūr	Asia	11.0567	77.3061
virapandi	Murugampālaiyam	Asia	11.0806	77.3238
virapandi	Muttanampālaiyam	Asia	11.0845	77.3969
virudhachalam	Vriddhāchalam	Asia	11.5183	79.3241
visakhapatnam	Gajuwaka	Asia	17.7000	83.2167
visharam	Thimiri	Asia	12.8283	79.3079
vizianagaram	Nellimarla	Asia	18.1562	83.4473
vrindavan	Rāya	Asia	27.5561	77.7897
wadayama	Yabu	Asia	35.4030	134.7712
wadgaon-kolhati	Ranjangaon S	Asia	19.8440	75.2148
wadgaon-kolhati	Waluj Buzurg	Asia	19.7963	75.2265
wakasugi	Sasaguri	Asia	33.6156	130.5511
wakasugi	Shime	Asia	33.5870	130.4868
wakasugi	Sue	Asia	33.5915	130.5042
wakasugi	Umi	Asia	33.5683	130.5101
wako	Akatsuka	Asia	35.7773	139.6438
wako	Hikarigaoka	Asia	35.7574	139.6273
wako	Narimasu	Asia	35.7835	139.6323
wako	Nukui	Asia	35.7405	139.6314
wako	Sakuradai	Asia	35.7441	139.6607
wako	Takashimadaira	Asia	35.7861	139.6612
wako	Ōizumi-gakuenchō	Asia	35.7653	139.5888
wako	Ōizumimachi	Asia	35.7648	139.6022
wanadongri	Nildoh	Asia	21.1107	78.9891
wanghong	Wutongshu	Asia	38.1833	106.2833
wangu	Yongxi	Asia	29.7385	105.9794
wangyuan	Linhe	Asia	38.3214	106.3680
wanxian	Chenjiaba	Asia	30.8077	108.4085
wanxian	Jiuchi	Asia	30.7983	108.3709
wanxian	Pailou	Asia	30.7964	108.3858
wanxian	Taibai	Asia	30.8248	108.3578
wanxian	Zhonggulou	Asia	30.8249	108.3841
wanzhou	Bai’anba	Asia	30.7628	108.4372
wanzhou	Shuanghekou	Asia	30.7540	108.3696
wardha	Borgaon	Asia	20.7227	78.6039
wardha	Pipri	Asia	20.7861	78.5936
wardha	Sindi	Asia	20.7424	78.5871
wari	Kalmeshwar	Asia	21.2322	78.9199
wari	Mahādula	Asia	21.2526	79.0811
warud	Shendurjana	Asia	21.5249	78.2835
watthana	Khlong Toei	Asia	13.7101	100.5819
watthana	Phra Khanong	Asia	13.7019	100.6016
wazirabad	Dhaunkal	Asia	32.4061	74.1371
wazirabad	Sodhri	Asia	32.4621	74.1821
weimiao	Wuduan	Asia	34.5744	117.0953
weituo	Tongxi	Asia	30.0005	106.1304
wenfeng	Tangfang	Asia	31.3929	109.3092
wenjiang	Qingfu	Asia	28.4370	104.5162
wenquan	Heqian	Asia	31.4150	108.4697
wenshan-city	Kaihua	Asia	23.3695	104.2772
wushan-(cn)	Shandan	Asia	34.7511	104.8313
xa-long-hai	Ấp Phước Tĩnh	Asia	10.4000	107.1833
xiaodu	Shaoyun	Asia	29.9846	105.9842
xigang	Ligang	Asia	38.6464	106.4304
xihu-(cn)	Jiasi	Asia	29.1157	106.4469
xili	Bao'an Centre	Asia	22.5795	113.9163
xili	Guanlong	Asia	22.5878	113.9440
xili	Shahe	Asia	22.5523	113.9791
xilinhot	Xilin Hot	Asia	43.9667	116.0333
xiluo	Citong	Asia	23.7575	120.4997
xiluo	Erlun	Asia	23.7705	120.4134
xingguo	Liuping	Asia	34.8914	105.7192
xingguo	Qianhu	Asia	34.8047	105.5778
xingguo	Wangyin	Asia	34.8339	105.7617
xingyi-(cn)	Shuren	Asia	29.9866	107.7392
xinhe	Buzhuang	Asia	36.9122	119.5566
xinmiao	Dashun	Asia	29.5701	107.0454
xinsheng	Longmen	Asia	30.7982	107.6871
xituo	Wuling	Asia	30.5059	108.2588
xonobod	Sultonobod	Asia	40.7646	72.9765
xuan-loc	Long Khánh	Asia	10.9266	107.2478
yakami	Takabō	Asia	34.1283	134.5340
yamaguchi	Ogōri-shimogō	Asia	34.1000	131.4000
yamato	Ayase	Asia	35.4352	139.4256
yamato	Minamirinkan	Asia	35.4953	139.4428
yamatokoriyama	Hōryūji	Asia	34.6123	135.7375
yamatokoriyama	Takatsukadai	Asia	34.5827	135.7260
yamuna-nagar	Jagādhri	Asia	30.1672	77.3037
yamuna-nagar	Kansāpur	Asia	30.1455	77.2663
yamuna-nagar	Sisauli	Asia	30.1430	77.2596
yanagawa	Ōkawa	Asia	33.2057	130.3753
yangon	Ahlone	Asia	16.7890	96.1265
yangon	Botataung	Asia	16.7718	96.1733
yangon	Kyimyindine	Asia	16.8085	96.1242
yangon	Mingala Tangnyunt	Asia	16.7886	96.1723
yangon	Myenigon	Asia	16.8062	96.1351
yangon	Pazundaung	Asia	16.7957	96.1749
yangon	Sangyoung	Asia	16.8061	96.1335
yangon	Set Ka Lay	Asia	16.8144	96.1139
yangon	Setsan	Asia	16.8102	96.1140
yantai-(cn)	Wudong	Asia	30.2099	107.3413
yanwo	Erlang	Asia	30.3626	105.9921
yao	Kashihara	Asia	34.5833	135.6167
yavatmal	Lohāra	Asia	20.3898	78.0903
yavatmal	Umarsera	Asia	20.3714	78.1234
yavatmal	Vadgaon	Asia	20.3759	78.1126
yawata	Minase	Asia	34.8772	135.6651
yawata	Oyamazaki	Asia	34.8940	135.6846
yen-nghia	Dương Nội	Asia	20.9774	105.7538
yerevan	Ajapnyak	Asia	40.1992	44.4706
yerevan	Arabkir	Asia	40.2062	44.5037
yerevan	Davtashen	Asia	40.2164	44.4809
yerevan	Erebuni	Asia	40.1331	44.5301
yerevan	Kanaker-Zeytun	Asia	40.2200	44.5383
yerevan	Kentron	Asia	40.1781	44.5130
yerevan	Malatia-Sebastia	Asia	40.1740	44.4457
yerevan	Nor Nork	Asia	40.1966	44.5669
yerevan	Shengavit	Asia	40.1557	44.4779
yew-tee	Bangkit	Asia	1.3798	103.7725
yew-tee	Bukit Batok New Town	Asia	1.3590	103.7637
yew-tee	Bukit Panjang New Town	Asia	1.3797	103.7647
yew-tee	Choa Chu Kang New Town	Asia	1.3825	103.7497
yew-tee	Fajar	Asia	1.3844	103.7706
yew-tee	Jelebu	Asia	1.3795	103.7629
yew-tee	Keat Hong Village	Asia	1.3778	103.7442
yew-tee	Peng Siang	Asia	1.3800	103.7407
yew-tee	Saujana	Asia	1.3825	103.7679
yew-tee	Senja	Asia	1.3852	103.7607
yew-tee	Teck Whye	Asia	1.3803	103.7520
yinqiao-zhen	Wanqiao Zhen	Asia	25.7892	100.1228
yishun-new-town	Sembawang Estate	Asia	1.4508	103.8286
yishun-new-town	Sungai Simpang	Asia	1.4381	103.8267
yogyakarta	Gamping Lor	Asia	-7.7956	110.3264
yogyakarta	Kasihan	Asia	-7.8269	110.3292
yokohama	Isogo	Asia	35.4082	139.6191
yokohama	Sugita	Asia	35.3761	139.6171
yong'an	Yongle	Asia	31.0105	109.5048
yong'an-(cn)	Caohui	Asia	30.3973	107.4695
yongchuan	Nandajie	Asia	29.3377	105.8924
yongchuan	Qingfeng	Asia	29.3394	105.8268
yongchuan	Shenglilu	Asia	29.3505	105.8775
yongchuan	Shuangshi	Asia	29.4003	105.8378
yongqing	Hongbao	Asia	34.7519	106.0603
yongzhou	Lengshuitan	Asia	26.4111	111.5956
yoshida-kasugacho	Tsubame	Asia	37.6645	138.9252
yoshinogawa	Kamojimachō-jōgejima	Asia	34.0680	134.3503
youkaichi	Echigawa	Asia	35.1667	136.2000
youting	Honglu	Asia	29.3520	105.7268
yuanlin	Yongjing	Asia	23.9215	120.5459
yuanyang	Hualin	Asia	34.8256	104.7520
yuepu	Yanghang	Asia	31.3702	121.4374
yujia	Danzi	Asia	30.8570	108.0059
yujia	Houshan	Asia	30.8259	108.0287
yukuhashi	Tsuiki	Asia	33.6731	131.0378
yunji	Baijia	Asia	30.0170	107.3258
yunlong	Helin	Asia	30.5812	107.6806
yunlong	Pushun	Asia	30.4724	107.6033
yunlong	Yinping	Asia	30.5420	107.5752
yuntai	Haitang	Asia	30.1717	107.2299
yuqunweng	Arewusitang	Asia	43.7977	81.5243
yuqunweng	Awuliya	Asia	43.9303	81.6932
zaida	Musa Banda/Musa khan kallay	Asia	34.0337	72.4818
zentsujicho	Shioiri	Asia	34.1561	133.8515
zhangjiachuan	Gongmen	Asia	34.9414	106.2964
zhaodun	Yitang	Asia	34.2583	117.8889
zhongduo	Tonggu	Asia	28.7817	108.6826
zhonghe	Pingkai	Asia	28.4260	108.9959
zhongshan	Shiqi	Asia	22.5168	113.3852
zhongshan-(cn)	Xingfeng	Asia	34.8611	105.8375
zhongxin	Shilongba	Asia	26.5793	101.3632
zhu-cheng-city	Zhucheng	Asia	35.9947	119.3975
zhushan	Linnei	Asia	23.7615	120.6188
zhushan	Lugu	Asia	23.7464	120.7525
zhuyi	Anping	Asia	30.9638	109.3450
zibo	Nanding	Asia	36.7483	118.0558
zitong	Tianjia	Asia	30.0896	105.8567
's-hertogenbosch	Maaspoort	Europe	51.7261	5.3019
's-hertogenbosch	Vught	Europe	51.6533	5.2875
aalborg	Nørresundby	Europe	57.0588	9.9228
aalst	Denderleeuw	Europe	50.8851	4.0760
aalst	Haaltert	Europe	50.9063	4.0009
aalst	Lede	Europe	50.9663	3.9859
abbiategrasso	Magenta	Europe	45.4646	8.8845
aberdeen	Nigg	Europe	57.1160	-2.0925
acerra	Casalnuovo di Napoli	Europe	40.9097	14.3421
acerra	Pomigliano d'Arco	Europe	40.9098	14.3832
acharnes	Irákleio	Europe	38.0528	23.7652
acharnes	Kamaterón	Europe	38.0559	23.7051
acharnes	Metamórfosi	Europe	38.0658	23.7636
acharnes	Néa Filadélfeia	Europe	38.0349	23.7381
acharnes	Áno Liósia	Europe	38.0833	23.7000
achern	Oberkirch	Europe	48.5324	8.0786
achim	Oyten	Europe	53.0550	9.0199
acilia-castel-fusano-ostia-antica	Casal Palocco	Europe	41.7484	12.3473
acilia-castel-fusano-ostia-antica	Infernetto	Europe	41.7346	12.3616
acilia-castel-fusano-ostia-antica	Malafede	Europe	41.7745	12.3774
acireale	Aci Castello	Europe	37.5556	15.1454
acireale	Aci Catena	Europe	37.6061	15.1417
adler	Khosta	Europe	43.5148	39.8683
adler	Kudepsta	Europe	43.4955	39.8929
adrano	Biancavilla	Europe	37.6444	14.8668
agrigento	Porto Empedocle	Europe	37.2894	13.5249
ahaus	Stadtlohn	Europe	51.9940	6.9192
ahrensburg	Rahlstedt	Europe	53.6019	10.1567
ahrensburg	Volksdorf	Europe	53.6497	10.1842
aix-en-provence	Gardanne	Europe	43.4549	5.4691
alcala-de-guadaira	Mairena del Alcor	Europe	37.3730	-5.7495
alcazar-de-san-juan	Campo de Criptana	Europe	39.4046	-3.1249
alchevsk	Perevalsk	Europe	48.4392	38.8284
alcobendas	Apostol Santiago	Europe	40.4764	-3.6594
alcobendas	Fuencarral	Europe	40.5000	-3.6833
alcobendas	Hortaleza	Europe	40.4744	-3.6411
alcobendas	Pinar del Rey	Europe	40.4724	-3.6471
alcobendas	San Sebastián de los Reyes	Europe	40.5555	-3.6273
alcobendas	Valdefuentes	Europe	40.4937	-3.6359
alcobendas	Valverde	Europe	40.5002	-3.6788
alcoy	Ibi	Europe	38.6253	-0.5723
aleksandrov	Karabanovo	Europe	56.3108	38.7025
algeciras	Los Barrios	Europe	36.1848	-5.4921
alkmaar	Heiloo	Europe	52.6025	4.6882
allerod	Birkerød	Europe	55.8476	12.4279
allerod	Farum	Europe	55.8086	12.3607
allerod	Lillerød	Europe	55.8750	12.3458
almelo	Wierden	Europe	52.3592	6.5931
alphen-aan-den-rijn	Boskoop	Europe	52.0750	4.6556
alsdorf	Baesweiler	Europe	50.9096	6.1887
alsdorf	Würselen	Europe	50.8181	6.1347
alzira	Algemesí	Europe	39.1904	-0.4357
alzira	Carcaixent	Europe	39.1218	-0.4481
alzira	Carlet	Europe	39.2266	-0.5214
amadora	Alfornelos	Europe	38.7610	-9.2051
amadora	Alfragide	Europe	38.7320	-9.2192
amadora	Algés	Europe	38.7024	-9.2294
amadora	Buraca	Europe	38.7333	-9.2000
amadora	Carnaxide	Europe	38.7271	-9.2467
amadora	Damaia	Europe	38.7514	-9.2123
amadora	Falagueira	Europe	38.7639	-9.2280
amadora	Linda-a-Velha	Europe	38.7145	-9.2422
amadora	Olival	Europe	38.7708	-9.2501
amadora	Pontinha	Europe	38.7677	-9.1994
amadora	Queluz	Europe	38.7566	-9.2545
amersfoort	Leusden	Europe	52.1325	5.4319
amora	Arrentela	Europe	38.6250	-9.1015
amora	Barreiro	Europe	38.6631	-9.0724
amora	Corroios	Europe	38.6400	-9.1508
amora	Laranjeiro	Europe	38.6560	-9.1538
amora	Lavradio	Europe	38.6681	-9.0520
amstelveen	Badhoevedorp	Europe	52.3372	4.7852
amsterdam	Amsterdam-Zuidoost	Europe	52.3075	4.9722
amsterdam	Diemen	Europe	52.3396	4.9626
andorra-la-vella	les Escaldes	Europe	42.5073	1.5341
annecy	Annecy-le-Vieux	Europe	45.9197	6.1439
annecy	Cran-Gevrier	Europe	45.9000	6.1000
annecy	Seynod	Europe	45.8855	6.0883
antibes	Juan-les-Pins	Europe	43.5695	7.1131
antony	Bagneux	Europe	48.7957	2.3080
antony	Cachan	Europe	48.7963	2.3366
antony	Chevilly-Larue	Europe	48.7648	2.3503
antony	Châtenay-Malabry	Europe	48.7651	2.2666
antony	Châtillon	Europe	48.8024	2.2935
antony	Fontenay-aux-Roses	Europe	48.7933	2.2927
antony	Fresnes	Europe	48.7557	2.3224
antony	L'Haÿ-les-Roses	Europe	48.7794	2.3373
antony	Le Plessis-Robinson	Europe	48.7889	2.2708
antony	Massy	Europe	48.7269	2.2830
antony	Palaiseau	Europe	48.7183	2.2498
antony	Sceaux	Europe	48.7764	2.2903
antwerp	Borgerhout	Europe	51.2096	4.4354
antwerp	Deurne	Europe	51.2213	4.4660
antwerp	Ekeren	Europe	51.2809	4.4181
antwerp	Merksem	Europe	51.2462	4.4490
archway	Camden Town	Europe	51.5406	-0.1433
archway	Chalk Farm	Europe	51.5431	-0.1499
archway	Friern Barnet	Europe	51.6133	-0.1585
archway	Harringay	Europe	51.5824	-0.0996
archway	Highbury	Europe	51.5500	-0.1000
archway	Holloway	Europe	51.5524	-0.1250
archway	Muswell Hill	Europe	51.5905	-0.1421
archway	Seven Sisters	Europe	51.5777	-0.0790
archway	Wood Green	Europe	51.6000	-0.1167
argenteuil	Asnières-sur-Seine	Europe	48.9167	2.2833
argenteuil	Bois-Colombes	Europe	48.9194	2.2748
argenteuil	Colombes	Europe	48.9188	2.2540
argenteuil	Cormeilles-en-Parisis	Europe	48.9711	2.2049
argenteuil	Eaubonne	Europe	48.9971	2.2825
argenteuil	Ermont	Europe	48.9900	2.2580
argenteuil	Franconville	Europe	48.9833	2.2333
argenteuil	Levallois-Perret	Europe	48.8939	2.2886
argenteuil	Saint-Gratien	Europe	48.9735	2.2873
argenteuil	Sannois	Europe	48.9667	2.2500
argenteuil	Sartrouville	Europe	48.9482	2.1917
argenteuil	Soisy-sous-Montmorency	Europe	48.9881	2.3016
arhus	Tilst	Europe	56.1938	10.1128
arhus	Viby	Europe	56.1226	10.1515
arnhem	Huissen	Europe	51.9383	5.9333
arnhem	Velp	Europe	51.9950	5.9736
arona	Adeje	Europe	28.1227	-16.7260
arrecife	San Bartolomé	Europe	29.0009	-13.6130
arrecife	Teguise	Europe	29.0605	-13.5640
arroyomolinos	Navalcarnero	Europe	40.2891	-4.0120
arucas	Santa Brígida	Europe	28.0320	-15.5043
aschaffenburg	Großostheim	Europe	49.9198	9.0760
ashington	Bedlington	Europe	55.1306	-1.5932
ashton-under-lyne	Droylsden	Europe	53.4800	-2.1454
ashton-under-lyne	Dukinfield	Europe	53.4750	-2.0881
ashton-under-lyne	Hyde	Europe	53.4513	-2.0794
ashton-under-lyne	Stalybridge	Europe	53.4841	-2.0591
aspropyrgos	Elefsína	Europe	38.0414	23.5430
athens	Aigáleo	Europe	37.9833	23.6833
athens	Chaïdári	Europe	38.0114	23.6660
athens	Dhafní	Europe	37.9500	23.7344
athens	Galátsi	Europe	38.0167	23.7500
athens	Kallithéa	Europe	37.9500	23.7000
athens	Néa Smýrni	Europe	37.9450	23.7142
athens	Peristéri	Europe	38.0154	23.6919
athens	Zográfos	Europe	37.9757	23.7691
athens	Ágioi Anárgyroi	Europe	38.0301	23.7238
athens	Ílion	Europe	38.0333	23.7000
aubagne	Allauch	Europe	43.3357	5.4820
auderghem	Watermael-Boitsfort	Europe	50.8015	4.4144
auderghem	Woluwe-Saint-Lambert	Europe	50.8439	4.4291
augsburg	Gersthofen	Europe	48.4243	10.8727
augsburg	Neusäß	Europe	48.3925	10.8333
aulnay-sous-bois	Bondy	Europe	48.9018	2.4893
aulnay-sous-bois	Drancy	Europe	48.9258	2.4453
aulnay-sous-bois	Le Blanc-Mesnil	Europe	48.9387	2.4614
aulnay-sous-bois	Les Pavillons-sous-Bois	Europe	48.9068	2.5065
aulnay-sous-bois	Livry-Gargan	Europe	48.9193	2.5431
aulnay-sous-bois	Sevran	Europe	48.9447	2.5275
aulnay-sous-bois	Tremblay-en-France	Europe	48.9496	2.5684
aulnay-sous-bois	Villemomble	Europe	48.8833	2.5000
aulnay-sous-bois	Villepinte	Europe	48.9620	2.5325
aveiro	Vilar	Europe	40.6273	-8.6323
aveiro	Ílhavo	Europe	40.6019	-8.6702
avignon	Le Pontet	Europe	43.9612	4.8601
avignon	Sorgues	Europe	44.0102	4.8738
aviles	Corvera de Asturias	Europe	43.5355	-5.8889
avola	Noto	Europe	36.8924	15.0698
bad-homburg-vor-der-hohe	Eschborn	Europe	50.1433	8.5711
bad-homburg-vor-der-hohe	Friedrichsdorf	Europe	50.2496	8.6428
bad-homburg-vor-der-hohe	Oberursel	Europe	50.2073	8.5775
bad-oeynhausen	Vlotho	Europe	52.1653	8.8600
bad-vilbel	Karben	Europe	50.2302	8.7715
bad-zwischenahn	Edewecht	Europe	53.1281	7.9842
bad-zwischenahn	Westerstede	Europe	53.2568	7.9274
badalona	Llefià	Europe	41.4381	2.2195
badalona	Sant Adrià de Besòs	Europe	41.4307	2.2186
badalona	Santa Coloma de Gramenet	Europe	41.4515	2.2081
badalona	el Besòs i el Maresme	Europe	41.4131	2.2174
baden	Mödling	Europe	48.0861	16.2892
bagheria	Misilmeri	Europe	38.0318	13.4480
bagheria	Villabate	Europe	38.0779	13.4428
baksan	Dugulubgey	Europe	43.6625	43.5369
ballerup	Glostrup	Europe	55.6666	12.4038
barcelona	Barri de Sant Andreu	Europe	41.4369	2.1902
barcelona	Ciutat Vella	Europe	41.3802	2.1732
barcelona	Eixample	Europe	41.3890	2.1618
barcelona	Gràcia	Europe	41.4024	2.1564
barcelona	Horta-Guinardó	Europe	41.4185	2.1677
barcelona	Les Corts	Europe	41.3871	2.1301
barcelona	Nou Barris	Europe	41.4416	2.1773
barcelona	Sant Andreu	Europe	41.4354	2.1898
barcelona	Sant Martí	Europe	41.4181	2.1993
barcelona	Sants-Montjuïc	Europe	41.3726	2.1546
barcelona	Sarrià-Sant Gervasi	Europe	41.4010	2.1394
barcelona	la Nova Esquerra de l'Eixample	Europe	41.3831	2.1490
bari	Carbonara di Bari	Europe	41.0667	16.8667
barking	Abbey Wood	Europe	51.4869	0.1075
barking	Ilford	Europe	51.5577	0.0728
barking	Manor Park	Europe	51.5493	0.0487
barking	Thamesmead	Europe	51.5037	0.1198
barnsley	Darton	Europe	53.5870	-1.5268
barnsley	Hoyland Nether	Europe	53.5000	-1.4500
barnsley	Wombwell	Europe	53.5219	-1.3970
basel	Allschwil	Europe	47.5507	7.5360
basel	Muttenz	Europe	47.5227	7.6451
basel	Reinach	Europe	47.4970	7.5917
basildon	Pitsea	Europe	51.5639	0.5086
basildon	Stanford-le-Hope	Europe	51.5227	0.4342
basingstoke	Tadley	Europe	51.3505	-1.1285
bearsden	Clydebank	Europe	55.9014	-4.4057
bebington	Heswall	Europe	53.3273	-3.0965
beckum	Ennigerloh	Europe	51.8384	8.0309
bedford	Kempston	Europe	52.1160	-0.5004
bedford	Kempston Hardwick	Europe	52.0896	-0.4991
bekescsaba	Békés	Europe	46.7667	21.1333
belfast	Castlereagh	Europe	54.5735	-5.8847
belgrade	Novi Beograd	Europe	44.8056	20.4242
benalmadena	Alhaurín de la Torre	Europe	36.6640	-4.5614
benalmadena	Arroyo de la Miel	Europe	36.5992	-4.5351
benidorm	Altea	Europe	38.5988	-0.0515
benidorm	l'Alfàs del Pi	Europe	38.5806	-0.1032
benidorm	la Nucia	Europe	38.6137	-0.1269
bensheim	Heppenheim an der Bergstrasse	Europe	49.6414	8.6321
berdsk	Akademgorodok	Europe	54.8523	83.1060
bergamo	Dalmine	Europe	45.6493	9.6062
bergamo	Seriate	Europe	45.6853	9.7249
bergen-op-zoom	Steenbergen	Europe	51.5842	4.3194
bergheim	Bedburg	Europe	50.9926	6.5713
bergheim	Elsdorf	Europe	50.9374	6.5683
bergisch-gladbach	Odenthal	Europe	51.0333	7.1167
bergkamen	Kamen	Europe	51.5923	7.6638
bergkamen	Werne	Europe	51.6645	7.6342
beringen	Heusden	Europe	51.0366	5.2801
beringen	Koersel	Europe	51.0591	5.2712
berlin	Friedrichshain	Europe	52.5156	13.4548
berlin	Gesundbrunnen	Europe	52.5504	13.3914
berlin	Kreuzberg	Europe	52.4997	13.4034
berlin	Lichterfelde	Europe	52.4333	13.3076
berlin	Mitte	Europe	52.5200	13.4049
berlin	Moabit	Europe	52.5264	13.3390
berlin	Neukölln	Europe	52.4772	13.4313
berlin	Prenzlauer Berg	Europe	52.5388	13.4244
berlin	Reinickendorf	Europe	52.5639	13.3355
berlin	Schöneberg	Europe	52.4980	13.3443
berlin	Wedding	Europe	52.5473	13.3559
berlin	Wilmersdorf	Europe	52.4833	13.3167
bern	Köniz	Europe	46.9244	7.4146
best	Sint-Oedenrode	Europe	51.5675	5.4597
bethune	Bruay-la-Buissière	Europe	50.4833	2.5500
beuningen	Lindenholt	Europe	51.8327	5.7934
bexley	Dartford	Europe	51.4466	0.2142
bexley	Orpington	Europe	51.3746	0.0979
bexley	Swanley	Europe	51.3972	0.1732
bexley	Welling	Europe	51.4625	0.1076
biarritz	Anglet	Europe	43.4892	-1.5192
bielany	Bemowo	Europe	52.2546	20.9084
bielany	Białołeka	Europe	52.3213	20.9720
bielany	Łomianki	Europe	52.3341	20.8860
bilbao	Erandio	Europe	43.3044	-2.9735
bilbao	Mungia	Europe	43.3546	-2.8452
bilbao	Santutxu	Europe	43.2535	-2.9161
bilychi	Kotsyubynske	Europe	50.4884	30.3296
bilychi	Novobilychi	Europe	50.4761	30.3467
bilychi	Nyvky	Europe	50.4646	30.4059
bilychi	Svyatoshyn	Europe	50.4634	30.3461
bilychi	Vynohradar	Europe	50.5143	30.4245
birmingham	Aston	Europe	52.5000	-1.8833
bitonto	Palo del Colle	Europe	41.0556	16.7032
bitterfeld-wolfen	Wolfen	Europe	51.6612	12.2687
blagoveshchensk	Chigiri	Europe	50.3357	127.5121
blagoveshchensk	Heihe	Europe	50.2441	127.4902
blanes	Lloret de Mar	Europe	41.6999	2.8457
blanes	Tordera	Europe	41.6991	2.7189
blankenfelde-mahlow	Buckow	Europe	52.4216	13.4361
blankenfelde-mahlow	Gropiusstadt	Europe	52.4269	13.4605
blankenfelde-mahlow	Lichtenrade	Europe	52.3984	13.4064
blankenfelde-mahlow	Marienfelde	Europe	52.4187	13.3672
blankenfelde-mahlow	Rudow	Europe	52.4241	13.4853
blyth	Cramlington	Europe	55.0865	-1.5860
bocholt	Aalten	Europe	51.9250	6.5806
bocholt	Rhede	Europe	51.8354	6.6960
bochum	Querenburg	Europe	51.4522	7.2663
bologna	Casalecchio di Reno	Europe	44.4756	11.2750
bologna	Castel Maggiore	Europe	44.5771	11.3607
bologna	San Lazzaro	Europe	44.4705	11.4085
bolton	Farnworth	Europe	53.5500	-2.4000
bolton	Walkden	Europe	53.5167	-2.4000
bolzano	Eppan	Europe	46.4585	11.2569
bonn	Bonn Hardtberg	Europe	50.7040	7.0540
bordeaux	Cenon	Europe	44.8561	-0.5335
bordeaux	Floirac	Europe	44.8306	-0.5268
bordeaux	Le Bouscat	Europe	44.8649	-0.5986
bordeaux	Lormont	Europe	44.8765	-0.5192
bordeaux	Mérignac	Europe	44.8425	-0.6451
bordeaux	Pessac	Europe	44.8056	-0.6324
bordeaux	Talence	Europe	44.8085	-0.5891
borehamwood	Barnet	Europe	51.6500	-0.2000
bornheim	Alfter	Europe	50.7333	7.0167
boulogne-billancourt	Clamart	Europe	48.8030	2.2669
boulogne-billancourt	Issy-les-Moulineaux	Europe	48.8210	2.2772
boulogne-billancourt	Malakoff	Europe	48.8200	2.3000
boulogne-billancourt	Meudon	Europe	48.8138	2.2350
boulogne-billancourt	Neuilly-sur-Seine	Europe	48.8846	2.2696
boulogne-billancourt	Paris 16 Passy	Europe	48.8637	2.2769
boulogne-billancourt	Sèvres	Europe	48.8229	2.2176
boulogne-billancourt	Vanves	Europe	48.8235	2.2902
boulogne-sur-mer	Outreau	Europe	50.7054	1.5897
bournemouth	Ferndown	Europe	50.8074	-1.8998
boyarka	Bilohorodka	Europe	50.3898	30.2273
bracknell	Ascot	Europe	51.4108	-0.6748
bradford	Baildon	Europe	53.8471	-1.7878
bradford	Cleckheaton	Europe	53.7240	-1.7129
bradford	Shipley	Europe	53.8333	-1.7667
braga	Bairro Novo	Europe	41.5432	-8.4072
braine-l'alleud	Nivelles	Europe	50.5983	4.3285
braine-l'alleud	Sint-Genesius-Rode	Europe	50.7465	4.3575
bramsche	Wallenhorst	Europe	52.3500	8.0167
brasschaat	Kalmthout	Europe	51.3844	4.4756
brasschaat	Kapellen	Europe	51.3138	4.4354
brasschaat	Schilde	Europe	51.2411	4.5834
brasschaat	Schoten	Europe	51.2525	4.5027
bratislava	Dlhé diely	Europe	48.1545	17.0461
bratislava	Dúbravka	Europe	48.1887	17.0352
bratislava	Karlova Ves	Europe	48.1534	17.0552
bratislava	Petržalka	Europe	48.1233	17.1287
bratislava	Staré Mesto	Europe	48.1504	17.0900
bray	Greystones	Europe	53.1408	-6.0631
breda	Hoge Vucht	Europe	51.6079	4.7915
bregenz	Lindau	Europe	47.5461	9.6843
bremen	Lilienthal	Europe	53.1419	8.9034
bremen	Stuhr	Europe	53.0333	8.7500
bremerhaven	Loxstedt	Europe	53.4710	8.6458
bridgend	Coity	Europe	51.5220	-3.5553
brighton	Hove	Europe	50.8309	-0.1672
brighton	Portslade	Europe	50.8429	-0.2161
brighton	Rottingdean	Europe	50.8098	-0.0594
brilon	Olsberg	Europe	51.3561	8.4890
brno	Brno střed	Europe	49.1934	16.6071
brno	Bystrc	Europe	49.2264	16.5303
brno	Královo Pole	Europe	49.2252	16.5899
brno	Líšeň	Europe	49.2071	16.6948
brno	Žabovřesky	Europe	49.2139	16.5725
brno	Židenice	Europe	49.1965	16.6474
brovary	Darnytsya	Europe	50.4160	30.6953
brugge	Assebroek	Europe	51.1937	3.2623
brugge	Oostkamp	Europe	51.1543	3.2313
brugge	Sint-Andries	Europe	51.1970	3.1789
brugge	Sint-Kruis	Europe	51.2140	3.2495
brugge	Zedelgem	Europe	51.1424	3.1368
brunssum	Hoensbroek	Europe	50.9239	5.9253
brussels	Anderlecht	Europe	50.8362	4.3145
brussels	Etterbeek	Europe	50.8327	4.3883
brussels	Evere	Europe	50.8744	4.3990
brussels	Forest	Europe	50.8168	4.3277
brussels	Ganshoren	Europe	50.8706	4.3153
brussels	Ixelles	Europe	50.8333	4.3667
brussels	Jette	Europe	50.8731	4.3342
brussels	Molenbeek-Saint-Jean	Europe	50.8499	4.3125
brussels	Saint-Gilles	Europe	50.8276	4.3439
brussels	Saint-Josse-ten-Noode	Europe	50.8538	4.3728
brussels	Schaerbeek	Europe	50.8693	4.3774
brussels	Uccle	Europe	50.8023	4.3394
bucharest	Popeşti-Leordeni	Europe	44.3833	26.1667
bucharest	Sector 1	Europe	44.4924	26.0483
bucharest	Sector 2	Europe	44.4528	26.1332
bucharest	Sector 3	Europe	44.4234	26.1687
bucharest	Sector 4	Europe	44.3757	26.1209
bucharest	Sector 5	Europe	44.3881	26.0714
bucharest	Sector 6	Europe	44.4358	26.0165
buckley	Deeside	Europe	53.2005	-3.0384
buckley	Hawarden	Europe	53.1848	-3.0258
budapest	Buda	Europe	47.5000	19.0333
budapest	Budapest II. kerület	Europe	47.5198	19.0222
budapest	Budapest III. kerület	Europe	47.5416	19.0450
budapest	Budapest IV. kerület	Europe	47.5618	19.0891
budapest	Budapest VIII. kerület	Europe	47.4892	19.0701
budapest	Budapest XI. kerület	Europe	47.4760	19.0360
budapest	Budapest XIII. kerület	Europe	47.5298	19.0807
budapest	Józsefváros	Europe	47.4894	19.0729
budapest	Kőbánya	Europe	47.4843	19.1391
budapest	Pest	Europe	47.5000	19.0833
budapest	Zugló	Europe	47.5176	19.1055
budapest	Újpest	Europe	47.5686	19.0846
bunde	Enger	Europe	52.1406	8.5577
bunde	Hiddenhausen	Europe	52.1667	8.6167
bunde	Kirchlengern	Europe	52.2000	8.6333
burgos	Gamonal	Europe	42.3566	-3.6732
burnley	Colne	Europe	53.8571	-2.1685
burriana	Vila-real	Europe	39.9383	-0.1009
bury	Radcliffe	Europe	53.5618	-2.3245
bury	Ramsbottom	Europe	53.6479	-2.3168
bury	Whitefield	Europe	53.5500	-2.3000
busto-arsizio	Cassano Magnago	Europe	45.6721	8.8269
busto-arsizio	Gallarate	Europe	45.6602	8.7916
busto-arsizio	Tradate	Europe	45.7084	8.9076
bytom	Chorzów	Europe	50.3058	18.9742
bytom	Piekary Śląskie	Europe	50.3802	18.9265
bytom	Radzionków	Europe	50.4003	18.9023
bytom	Świętochłowice	Europe	50.2964	18.9173
cacem	Belas	Europe	38.7767	-9.2635
cacem	Massamá	Europe	38.7528	-9.2811
cacem	Rio de Mouro	Europe	38.7661	-9.3280
caen	Hérouville-Saint-Clair	Europe	49.2109	-0.3065
caerphilly	Blackwood	Europe	51.6678	-3.2075
caerphilly	Gelligaer	Europe	51.6644	-3.2561
cagliari	Monserrato	Europe	39.2564	9.1444
cagliari	Selargius	Europe	39.2578	9.1632
cagliari	Sestu	Europe	39.2985	9.0925
cagnes-sur-mer	Les Moulins	Europe	43.6752	7.2046
cagnes-sur-mer	Plaine du Var	Europe	43.6825	7.2018
cagnes-sur-mer	Saint-Laurent-du-Var	Europe	43.6732	7.1900
cagnes-sur-mer	Vence	Europe	43.7225	7.1118
caltanissetta	San Cataldo	Europe	37.4841	13.9854
camaiore	Massarosa	Europe	43.8664	10.3446
camaiore	Pietrasanta	Europe	43.9595	10.2278
camargo	El Astillero	Europe	43.4009	-3.8205
campina-(ro)	Breaza	Europe	45.1833	25.6667
cannes	Le Cannet	Europe	43.5766	7.0191
cannes	Mandelieu-la-Napoule	Europe	43.5458	6.9373
cannes	Mougins	Europe	43.6007	6.9952
cannes	Vallauris	Europe	43.5780	7.0545
cannock	Great Wyrley	Europe	52.6628	-2.0111
canterbury	Herne Bay	Europe	51.3730	1.1286
cantu	Erba	Europe	45.8088	9.2261
capelle-aan-den-ijssel	Krimpen aan den IJssel	Europe	51.9167	4.6028
capelle-aan-den-ijssel	Ommoord	Europe	51.9595	4.5453
caravaca	Cehegín	Europe	38.0924	-1.7985
cardiff	Penarth	Europe	51.4386	-3.1734
carmona-(es)	El Viso del Alcor	Europe	37.3911	-5.7199
carpi	Correggio	Europe	44.7674	10.7835
cartagena-(es)	Barrio de Peral	Europe	37.6251	-0.9879
cascais	Alcabideche	Europe	38.7337	-9.4093
cascais	Estoril	Europe	38.7057	-9.3977
cascais	Monte Estoril	Europe	38.7064	-9.4060
cascina	Pontedera	Europe	43.6614	10.6307
caserta	Maddaloni	Europe	41.0358	14.3823
caserta	Marcianise	Europe	41.0306	14.2987
caserta	San Nicola la Strada	Europe	41.0524	14.3333
casoria	Afragola	Europe	40.9230	14.3094
casoria	Arpino	Europe	40.8888	14.3201
casoria	Arzano	Europe	40.9096	14.2652
casoria	Caivano	Europe	40.9575	14.3059
casoria	Cardito	Europe	40.9464	14.2953
casoria	Casavatore	Europe	40.8992	14.2766
casoria	Frattamaggiore	Europe	40.9414	14.2759
casoria	Grumo Nevano	Europe	40.9359	14.2598
casoria	Orta di Atella	Europe	40.9644	14.2685
casoria	San Pietro a Patierno	Europe	40.8857	14.2901
casoria	Secondigliano	Europe	40.9000	14.2667
casoria	Volla	Europe	40.8736	14.3408
castellammare-di-stabia	Gragnano	Europe	40.6891	14.5204
castelldefels	Gavà	Europe	41.3060	2.0012
castelldefels	Viladecans	Europe	41.3141	2.0143
castello-de-la-plana	Almassora	Europe	39.9473	-0.0631
castello-de-la-plana	El Grao	Europe	39.9736	0.0128
castleford	Kippax	Europe	53.7669	-1.3710
castleford	Pontefract	Europe	53.6911	-1.3127
castrop-rauxel	Harpen	Europe	51.4982	7.2883
catania	Misterbianco	Europe	37.5180	15.0091
catarroja	Albal	Europe	39.4000	-0.4167
catarroja	Alfafar	Europe	39.4167	-0.3833
catarroja	Benetússer	Europe	39.4226	-0.3969
catarroja	Paiporta	Europe	39.4281	-0.4177
catarroja	Picassent	Europe	39.3635	-0.4595
catarroja	Silla	Europe	39.3626	-0.4117
cava-de-tirreni	Nocera Superiore	Europe	40.7425	14.6745
cavaillon	L'Isle-sur-la-Sorgue	Europe	43.9197	5.0514
centar-zupa	Debar	Europe	41.5229	20.5220
cergy-pontoise	Cergy	Europe	49.0365	2.0761
cergy-pontoise	Conflans-Sainte-Honorine	Europe	49.0016	2.0969
cergy-pontoise	Jouy-le-Moutier	Europe	49.0107	2.0403
cergy-pontoise	Osny	Europe	49.0701	2.0628
cergy-pontoise	Pontoise	Europe	49.0500	2.1000
cergy-pontoise	Saint-Ouen-l'Aumône	Europe	49.0435	2.1213
cergy-pontoise	Vauréal	Europe	49.0333	2.0333
cergy-pontoise	Éragny	Europe	49.0167	2.1000
cervia	Cesenatico	Europe	44.1999	12.3991
charleroi	Gilly	Europe	50.4245	4.4789
charleroi	Jumet	Europe	50.4422	4.4375
charleroi	Marchienne-au-Pont	Europe	50.4057	4.3953
charleroi	Marcinelle	Europe	50.3922	4.4439
charneca-de-caparica	Caparica	Europe	38.6618	-9.2003
chartres	Lucé	Europe	48.4369	1.4636
chatelet	Châtelineau	Europe	50.4150	4.5202
chatelet	Fleurus	Europe	50.4835	4.5501
chatelet	Montignies-sur-Sambre	Europe	50.4108	4.4911
cheltenham	Tewkesbury	Europe	51.9924	-2.1601
cherbourg	Octeville	Europe	49.6261	-1.6435
cherbourg	Tourlaville	Europe	49.6383	-1.5664
cherbourg	Équeurdreville-Hainneville	Europe	49.6487	-1.6531
cheremushki	Fili	Europe	55.7454	37.4884
cheremushki	Kotlovka	Europe	55.6593	37.6040
cheremushki	Nagornyy	Europe	55.6500	37.6167
cheremushki	Nikol’skoye	Europe	55.6833	37.4833
cheremushki	Novyye Cherëmushki	Europe	55.7000	37.5833
cheremushki	Obruchevo	Europe	55.6591	37.5229
cheremushki	Ramenki	Europe	55.7000	37.5000
cheremushki	Semënovskoye	Europe	55.6833	37.5500
cheremushki	Troparëvo	Europe	55.6562	37.4850
cheremushki	Tyoply Stan	Europe	55.6205	37.4934
cheremushki	Yasenevo	Europe	55.6069	37.5199
cheremushki	Zyuzino	Europe	55.6561	37.5685
chernihiv	Desnyanskyi	Europe	51.5063	31.3168
chernihiv	Masany	Europe	51.5332	31.2313
chernihiv	Novozavodskyi	Europe	51.4893	31.2563
chesterfield	Dronfield	Europe	53.3022	-1.4751
chesterfield	Staveley	Europe	53.2667	-1.3500
chiavari	Sestri Levante	Europe	44.2732	9.3968
chieti	Chieti Scalo	Europe	42.3590	14.1387
chippenham	Neston	Europe	51.4122	-2.2006
chisinau	Codru	Europe	46.9765	28.8190
chomutov	Jirkov	Europe	50.4998	13.4477
chrzanow	Libiąż	Europe	50.1040	19.3157
chrzanow	Trzebinia	Europe	50.1593	19.4697
chystyakove	Pelahiivka	Europe	48.1075	38.6134
cieszyn	Český Těšín	Europe	49.7461	18.6261
ciudad-real	Miguelturra	Europe	38.9644	-3.8905
civitanova-marche	Porto Sant'Elpidio	Europe	43.2530	13.7597
clacton-on-sea	Frinton-on-Sea	Europe	51.8306	1.2442
clermont-ferrand	Chamalières	Europe	45.7736	3.0670
coatbridge	Bellshill	Europe	55.8167	-4.0167
coatbridge	Viewpark	Europe	55.8274	-4.0573
coimbra	Condeixa-a-Nova	Europe	40.1128	-8.4980
coimbra	Eiras	Europe	40.2483	-8.4155
coimbra	Ribeira de Frades	Europe	40.2050	-8.4793
coimbra	Santo António dos Olivais	Europe	40.2180	-8.4052
coimbra	São Martinho do Bispo	Europe	40.2102	-8.4569
coimbra	São Paulo de Frades	Europe	40.2468	-8.3940
cologno-monzese	Adriano	Europe	45.5134	9.2487
cologno-monzese	Brugherio	Europe	45.5530	9.2991
cologno-monzese	Carugate	Europe	45.5498	9.3404
cologno-monzese	Cernusco sul Naviglio	Europe	45.5253	9.3330
cologno-monzese	Pioltello	Europe	45.5015	9.3305
cologno-monzese	Segrate	Europe	45.4918	9.2981
cologno-monzese	Sesto San Giovanni	Europe	45.5333	9.2258
cologno-monzese	Vimodrone	Europe	45.5146	9.2877
colomiers	Blagnac	Europe	43.6367	1.3897
colomiers	Cugnaux	Europe	43.5363	1.3443
colomiers	Plaisance-du-Touch	Europe	43.5655	1.2965
colomiers	Tournefeuille	Europe	43.5887	1.3192
conegliano	Vittorio Veneto	Europe	45.9803	12.3006
congleton	Biddulph	Europe	53.1172	-2.1758
copenhagen	Frederiksberg	Europe	55.6794	12.5346
copenhagen	Indre By	Europe	55.6777	12.5730
cork	Carrigaline	Europe	51.8117	-8.3986
cosenza	Quattromiglia	Europe	39.3447	16.2380
coslada	Barajas de Madrid	Europe	40.4737	-3.5778
coslada	Canillejas	Europe	40.4484	-3.6085
coslada	Casco Histórico de Vallecas	Europe	40.3485	-3.6162
coslada	Casco Histórico de Vicálvaro	Europe	40.3924	-3.5701
coslada	Rosas	Europe	40.4275	-3.5943
coslada	San Blas-Canillejas	Europe	40.4389	-3.6154
coslada	San Fernando de Henares	Europe	40.4239	-3.5326
coslada	Santa Eugenia	Europe	40.3834	-3.6113
coslada	Simancas	Europe	40.4353	-3.6251
coslada	Vallecas	Europe	40.3833	-3.6167
coslada	Vicálvaro	Europe	40.4000	-3.6000
coslada	Villa de Vallecas	Europe	40.3670	-3.6015
courcelles	Pont-à-Celles	Europe	50.5052	4.3689
craigavon	Portadown	Europe	54.4230	-6.4443
crawley	Horley	Europe	51.1742	-0.1592
creil	Nogent-sur-Oise	Europe	49.2716	2.4707
creteil	Alfortville	Europe	48.8058	2.4204
creteil	Boissy-Saint-Léger	Europe	48.7515	2.5116
creteil	Bonneuil-sur-Marne	Europe	48.7695	2.4793
creteil	Champigny-sur-Marne	Europe	48.8164	2.4937
creteil	Joinville-le-Pont	Europe	48.8254	2.4746
creteil	Maisons-Alfort	Europe	48.8117	2.4394
creteil	Nogent-sur-Marne	Europe	48.8367	2.4825
creteil	Saint-Maur-des-Fossés	Europe	48.7940	2.4932
creteil	Sucy-en-Brie	Europe	48.7687	2.5347
creteil	Vitry-sur-Seine	Europe	48.7872	2.4033
crewe	Nantwich	Europe	53.0688	-2.5205
crewe	Sandbach	Europe	53.1452	-2.3625
cricklewood	Finchley	Europe	51.6010	-0.1952
cricklewood	Golders Green	Europe	51.5763	-0.2003
cricklewood	Harlesden	Europe	51.5381	-0.2502
cricklewood	Kilburn	Europe	51.5530	-0.1916
cricklewood	Totteridge	Europe	51.6333	-0.2000
cricklewood	Willesden	Europe	51.5333	-0.2333
croydon	Beckenham	Europe	51.4088	-0.0253
croydon	Furzedown	Europe	51.4246	-0.1466
croydon	Norbury	Europe	51.4167	-0.1167
croydon	Perry Vale	Europe	51.4364	-0.0444
croydon	Purley	Europe	51.3368	-0.1120
croydon	South Croydon	Europe	51.3622	-0.0942
croydon	South Norwood	Europe	51.3994	-0.0747
croydon	Streatham	Europe	51.4290	-0.1318
croydon	Tooting	Europe	51.4252	-0.1639
croydon	Upper Norwood	Europe	51.4151	-0.0927
culleredo	Cambre	Europe	43.2944	-8.3474
cwmbran	Pontypool	Europe	51.7011	-3.0444
cwmbran	Risca	Europe	51.6080	-3.1008
dachau	Karlsfeld	Europe	48.2270	11.4757
dagenham	Becontree	Europe	51.5529	0.1290
dagenham	Hornchurch	Europe	51.5568	0.2166
dagenham	Romford	Europe	51.5752	0.1858
darmstadt	Arheilgen	Europe	49.9128	8.6570
darmstadt	Ober-Ramstadt	Europe	49.8308	8.7489
datteln	Waltrop	Europe	51.6213	7.4024
delbruck	Hövelhof	Europe	51.8167	8.6500
delbruck	Salzkotten	Europe	51.6717	8.6009
delft	Nootdorp	Europe	52.0450	4.3958
delft	Rijswijk	Europe	52.0363	4.3250
delft	Ypenburg	Europe	52.0410	4.3698
den-helder	Julianadorp	Europe	52.8900	4.7403
dendermonde	Lebbeke	Europe	51.0046	4.1346
derby	Sinfin	Europe	52.8816	-1.4868
derry	Londonderry County Borough	Europe	54.9972	-7.3092
dewsbury	Batley	Europe	53.7029	-1.6337
dewsbury	Heckmondwike	Europe	53.7065	-1.6775
dewsbury	Liversedge	Europe	53.7051	-1.6933
dewsbury	Mirfield	Europe	53.6734	-1.6964
dewsbury	Morley	Europe	53.7401	-1.5988
dewsbury	Ossett	Europe	53.6798	-1.5801
dietzenbach	Heusenstamm	Europe	50.0555	8.8008
dijon	Chenôve	Europe	47.2932	5.0046
dilbeek	Berchem-Sainte-Agathe	Europe	50.8657	4.2956
dinslaken	Voerde	Europe	51.5970	6.6863
dnipro	Nyzhnodniprovsk	Europe	48.4755	35.1167
domodedovo	Vostryakovo	Europe	55.3993	37.8083
don-benito	Villanueva de la Serena	Europe	38.9766	-5.7974
doncaster	Adwick le Street	Europe	53.5708	-1.1845
doncaster	Bentley	Europe	53.5333	-1.1500
donetsk	Bohodukhivskyi	Europe	47.9669	37.8625
donetsk	Bosse	Europe	47.9552	37.8003
donetsk	Hladkivka	Europe	48.0356	37.8101
donetsk	Kalynivskyi	Europe	48.0074	37.8538
donetsk	Oleksandrivskyi	Europe	47.9679	37.8034
donetsk	Smolyanskyi	Europe	48.0144	37.7359
donetsk	Yuzivskyi	Europe	48.0000	37.8001
donostia-san-sebastian	Hernani	Europe	43.2662	-1.9762
donostia-san-sebastian	Lasarte	Europe	43.2677	-2.0217
donostia-san-sebastian	Oria	Europe	43.2554	-2.0187
dordrecht	Alblasserdam	Europe	51.8658	4.6611
dordrecht	Papendrecht	Europe	51.8317	4.6875
dordrecht	Zwijndrecht	Europe	51.8175	4.6333
dornbirn	Hohenems	Europe	47.3612	9.6869
dornbirn	Lustenau	Europe	47.4264	9.6585
dortmund	Brackel	Europe	51.5257	7.5444
dortmund	Dorstfeld	Europe	51.5014	7.4108
dortmund	Eving	Europe	51.5518	7.4809
dortmund	Huckarde	Europe	51.5321	7.4151
dortmund	Hörde	Europe	51.4837	7.5003
douai	Sin-le-Noble	Europe	50.3616	3.1311
dreieich	Langen	Europe	49.9896	8.6685
dreieich	Neu-Isenburg	Europe	50.0483	8.6941
dresden	Blasewitz	Europe	51.0530	13.7983
dresden	Klotzsche	Europe	51.1105	13.7686
dresden	Leuben	Europe	51.0112	13.8203
dresden	Loschwitz	Europe	51.0539	13.8139
dresden	Löbtau	Europe	51.0436	13.6944
dresden	Äußere Neustadt	Europe	51.0686	13.7559
drohobych	Stebnyk	Europe	49.3010	23.5520
drohobych	Truskavets	Europe	49.2807	23.5037
drozhzhino	Annino	Europe	55.5833	37.6000
drozhzhino	Chertanovo Yuzhnoye	Europe	55.5907	37.5952
drozhzhino	Shcherbinka	Europe	55.4980	37.5579
dublin	Finglas	Europe	53.3892	-6.2969
dublin	Rathfarnham	Europe	53.3006	-6.2828
dublin	Sandyford	Europe	53.2747	-6.2253
dudley	Brierley Hill	Europe	52.4817	-2.1214
dudley	Kingswinford	Europe	52.4975	-2.1689
dudley	Stourbridge	Europe	52.4561	-2.1432
dudley	Tipton	Europe	52.5296	-2.0677
duisburg	Hochfeld	Europe	51.4194	6.7546
duisburg	Meiderich	Europe	51.4667	6.7667
duisburg	Rheinhausen	Europe	51.4006	6.7119
dunakeszi	Budapest XV. kerület	Europe	47.5626	19.1168
dunakeszi	Fót	Europe	47.6177	19.1887
dunakeszi	Göd	Europe	47.6832	19.1342
dunakeszi	Rákospalota	Europe	47.5645	19.1221
dunakeszi	Szentendre	Europe	47.6694	19.0756
dunakeszi	Újpalota	Europe	47.5373	19.1441
dunkirk	Coudekerque-Branche	Europe	51.0229	2.3936
dunkirk	Grande-Synthe	Europe	51.0154	2.2997
dunkirk	Saint-Pol-sur-Mer	Europe	51.0312	2.3398
durango	Amorebieta	Europe	43.2167	-2.7333
durham-(gb)	Spennymoor	Europe	54.6988	-1.6023
durres	Rrashbull	Europe	41.3228	19.5103
dusseldorf	Düsseldorf-Pempelfort	Europe	51.2381	6.7868
dusseldorf	Wersten	Europe	51.1846	6.8125
dzierzoniow	Bielawa	Europe	50.6908	16.6230
east-kilbride	Cambuslang	Europe	55.8097	-4.1610
eastbourne	Hailsham	Europe	50.8622	0.2577
eastleigh	Bishopstoke	Europe	50.9664	-1.3283
eastleigh	Hedge End	Europe	50.9123	-1.3008
eccles	Irlam	Europe	53.4425	-2.4232
eccles	Salford	Europe	53.4877	-2.2904
eccles	Swinton	Europe	53.5000	-2.3500
edinburgh	Bonnyrigg	Europe	55.8733	-3.1051
eibar	Ermua	Europe	43.1872	-2.5026
eindhoven	Tongelre	Europe	51.4489	5.5198
el-campello	Mutxamel	Europe	38.4158	-0.4453
el-campello	Sant Joan d'Alacant	Europe	38.4015	-0.4362
el-vendrell	Calafell	Europe	41.2000	1.5683
ellesmere-port-town	Garston	Europe	53.3333	-2.9000
elmshorn	Uetersen	Europe	53.6888	9.6620
eltham	Blackheath	Europe	51.4647	0.0079
eltham	Catford	Europe	51.4449	-0.0204
eltham	Chislehurst	Europe	51.4171	0.0686
eltham	Plumstead	Europe	51.4833	0.0833
enfield-town	East Barnet	Europe	51.6467	-0.1610
enfield-town	Enfield Lock	Europe	51.6709	-0.0275
enfield-town	Hadley Wood	Europe	51.6667	-0.1698
enfield-town	Palmers Green	Europe	51.6179	-0.1101
enfield-town	Ponders End	Europe	51.6445	-0.0465
enfield-town	Potters Bar	Europe	51.6935	-0.1784
erd	Százhalombatta	Europe	47.3295	18.9388
erftstadt	Weilerswist	Europe	50.7529	6.8459
erkrath	Mettmann	Europe	51.2504	6.9754
ermesinde	Alfena	Europe	41.2367	-8.5245
ermesinde	Baguim do Monte	Europe	41.1920	-8.5412
ermesinde	Rio Tinto	Europe	41.1787	-8.5595
ermesinde	Águas Santas	Europe	41.2102	-8.5760
errenteria	Pasaia	Europe	43.3253	-1.9271
esher	Chessington	Europe	51.3624	-0.3043
esher	Cobham	Europe	51.3300	-0.4113
esher	East Molesey	Europe	51.3987	-0.3492
esher	Hook	Europe	51.3680	-0.3065
esher	Surbiton	Europe	51.3915	-0.2983
esher	Walton-on-Thames	Europe	51.3868	-0.4132
esher	West Molesey	Europe	51.3999	-0.3800
espelkamp	Rahden	Europe	52.4342	8.6127
espinho	Feira	Europe	40.9254	-8.5428
espoo	Espoonlahti	Europe	60.1505	24.6531
espoo	Matinkylä	Europe	60.1589	24.7424
espoo	Olari	Europe	60.1724	24.7271
esslingen	Ostfildern	Europe	48.7270	9.2495
evergem	Wondelgem	Europe	51.0870	3.7091
evry	Corbeil-Essonnes	Europe	48.6060	2.4876
evry	Draveil	Europe	48.6847	2.4142
evry	Ris-Orangis	Europe	48.6511	2.4141
exeter	Heavitree	Europe	50.7204	-3.4965
falkensee	Falkenhagener Feld	Europe	52.5519	13.1680
falkensee	Staaken	Europe	52.5366	13.1506
falkensee	Wilhelmstadt	Europe	52.5238	13.1892
falkirk	Grangemouth	Europe	56.0114	-3.7218
famagusta	Égkomi	Europe	35.1627	33.8832
farnborough	Aldershot	Europe	51.2483	-0.7639
farnborough	Camberley	Europe	51.3370	-0.7426
farnborough	Sandhurst	Europe	51.3468	-0.7865
farnham	Fleet	Europe	51.2833	-0.8333
felgueiras	Fafe	Europe	41.4508	-8.1726
feltham	Hanworth	Europe	51.4333	-0.3833
feltham	Heston	Europe	51.4836	-0.3758
feltham	Hounslow	Europe	51.4684	-0.3609
feltham	Isleworth	Europe	51.4752	-0.3425
feltham	Sunbury-on-Thames	Europe	51.4042	-0.4182
ferrol	Narón	Europe	43.5018	-8.1908
fetesti	Fetești-Gară	Europe	44.4196	27.8254
fier	Fier-Çifçi	Europe	40.7167	19.5667
fier	Patos Fshat	Europe	40.6428	19.6508
filderstadt	Leinfelden-Echterdingen	Europe	48.6941	9.1681
fiumicino	Lido di Ostia	Europe	41.7321	12.2765
florence	Campo di Marte	Europe	43.7769	11.2771
florence	Scandicci	Europe	43.7542	11.1879
fordon	Solec Kujawski	Europe	53.0837	18.2257
formia	Gaeta	Europe	41.2141	13.5708
frankfurt-(oder)	Słubice	Europe	52.3509	14.5607
frankfurt-am-main	Gallus	Europe	50.1004	8.6295
frankfurt-am-main	Niederrad	Europe	50.0831	8.6285
fredericia	Middelfart	Europe	55.5059	9.7305
freital	Gorbitz	Europe	51.0455	13.6611
fuenlabrada	Getafe	Europe	40.3057	-3.7330
fuenlabrada	Humanes de Madrid	Europe	40.2504	-3.8306
fuenlabrada	Leganés	Europe	40.3272	-3.7635
fuenlabrada	Parla	Europe	40.2360	-3.7675
fulda	Künzell	Europe	50.5442	9.7179
fulda	Petersberg	Europe	50.5600	9.7129
funchal	Caniço	Europe	32.6508	-16.8375
funchal	Câmara de Lobos	Europe	32.6504	-16.9772
funchal	São Martinho	Europe	32.6448	-16.9384
fuorigrotta	Arenella	Europe	40.8573	14.2228
fuorigrotta	Bagnoli	Europe	40.8132	14.1681
fuorigrotta	Chiaia	Europe	40.8325	14.2268
fuorigrotta	Pianura	Europe	40.8591	14.1731
fuorigrotta	Posillipo	Europe	40.8128	14.2000
fuorigrotta	Soccavo	Europe	40.8455	14.1926
fuorigrotta	Vomero	Europe	40.8428	14.2308
furstenfeldbruck	Gilching	Europe	48.1076	11.2936
furth	Oberasbach	Europe	49.4228	10.9577
furth	Zirndorf	Europe	49.4424	10.9541
fyli	Petroúpolis	Europe	38.0419	23.6849
galapagar	Torrelodones	Europe	40.5765	-3.9266
galdakao	Basauri	Europe	43.2397	-2.8858
ganderkesee	Hude	Europe	53.1066	8.4678
gandia	Oliva	Europe	38.9197	-0.1193
garbsen	Seelze	Europe	52.3963	9.5973
gdansk	Orunia Górna-Gdańsk Południe	Europe	54.3249	18.6157
gdansk	Piecki-Migowo	Europe	54.3570	18.5817
gdansk	Pruszcz Gdański	Europe	54.2622	18.6363
gdansk	Ujeścisko-Łostowice	Europe	54.3244	18.6027
gdansk	Wrzeszcz	Europe	54.3765	18.6075
gdansk	Wrzeszcz Dolny	Europe	54.3847	18.6127
gdansk	Wrzeszcz Górny	Europe	54.3798	18.5954
geel	Kasterlee	Europe	51.2412	4.9665
geel	Westerlo	Europe	51.0905	4.9154
geilenkirchen	Übach-Palenberg	Europe	50.9177	6.1234
geldermalsen	Wijk bij Duurstede	Europe	51.9742	5.3417
geldern	Straelen	Europe	51.4419	6.2664
geldrop	Nuenen	Europe	51.4700	5.5528
gelsenkirchen	Wattenscheid	Europe	51.4806	7.1425
geneva	Carouge	Europe	46.1810	6.1392
geneva	Lancy	Europe	46.1898	6.1144
geneva	Meyrin	Europe	46.2342	6.0803
geneva	Onex	Europe	46.1840	6.1024
geneva	Vernier	Europe	46.2170	6.0850
gent	Destelbergen	Europe	51.0595	3.7990
gent	Gentbrugge	Europe	51.0369	3.7651
gent	Mariakerke	Europe	51.0748	3.6829
gent	Merelbeke	Europe	50.9945	3.7462
gent	Sint-Amandsberg	Europe	51.0595	3.7494
georgiyevsk	Nezlobnaya	Europe	44.1181	43.4028
gera	Lusan	Europe	50.8437	12.0652
geraardsbergen	Lessines	Europe	50.7110	3.8358
geraardsbergen	Zottegem	Europe	50.8695	3.8105
germering	Gauting	Europe	48.0692	11.3770
germering	Gröbenzell	Europe	48.2000	11.3667
germering	Olching	Europe	48.2000	11.3333
germering	Pasing	Europe	48.1415	11.4560
germering	Puchheim	Europe	48.1500	11.3500
getxo	Algorta	Europe	43.3493	-3.0094
getxo	Barakaldo	Europe	43.2964	-2.9881
getxo	Leioa	Europe	43.3269	-2.9888
getxo	Portugalete	Europe	43.3210	-3.0206
getxo	Santurtzi	Europe	43.3284	-3.0325
getxo	Sestao	Europe	43.3098	-3.0072
gevelsberg	Ennepetal	Europe	51.2985	7.3629
gevelsberg	Schwelm	Europe	51.2863	7.2939
gijon	Natahoyo	Europe	43.5403	-5.6823
gillingham	Strood	Europe	51.3932	0.4771
girona	Salt	Europe	41.9749	2.7928
giugliano-in-campania	Aversa	Europe	40.9726	14.2074
giugliano-in-campania	Casal di Principe	Europe	41.0100	14.1301
giugliano-in-campania	Chiaiano	Europe	40.8810	14.2076
giugliano-in-campania	Marano di Napoli	Europe	40.8971	14.1882
giugliano-in-campania	Melito di Napoli	Europe	40.9195	14.2310
giugliano-in-campania	Mugnano di Napoli	Europe	40.9094	14.2098
giugliano-in-campania	Piscinola	Europe	40.8930	14.2339
giugliano-in-campania	Qualiano	Europe	40.9190	14.1535
giugliano-in-campania	Sant'Antimo	Europe	40.9422	14.2348
giugliano-in-campania	Scampia	Europe	40.9035	14.2374
giugliano-in-campania	Trentola-Ducenta	Europe	40.9752	14.1749
giugliano-in-campania	Villaricca	Europe	40.9201	14.1934
giussano	Carate Brianza	Europe	45.6757	9.2372
giussano	Mariano Comense	Europe	45.6965	9.1818
gladbeck	Bottrop	Europe	51.5239	6.9285
gladbeck	Buer	Europe	51.5774	7.0518
glasgow	Bishopbriggs	Europe	55.9067	-4.2187
glasgow	Rutherglen	Europe	55.8289	-4.2138
glyfada	Ellinikó	Europe	37.8901	23.7441
glyfada	Voúla	Europe	37.8422	23.7765
glyfada	Vári	Europe	37.8332	23.8031
godollo	Veresegyház	Europe	47.6459	19.2954
gondomar	Fânzeres	Europe	41.1675	-8.5298
gondomar	São Pedro da Cova	Europe	41.1433	-8.5003
gondomar	Valongo	Europe	41.1888	-8.4986
goppingen	Eislingen	Europe	48.6951	9.7068
gorlitz	Zgorzelec	Europe	51.1494	15.0084
gorno-altaysk	Mayma	Europe	52.0027	85.8974
gorod-solnetchnogorsk	Solnechnogorsk	Europe	56.1753	36.9708
goslar	Clausthal-Zellerfeld	Europe	51.8095	10.3382
gothenburg	Majorna	Europe	57.6919	11.9161
gothenburg	Västra Frölunda	Europe	57.6467	11.9294
gouda	Bodegraven	Europe	52.0825	4.7500
gouda	Waddinxveen	Europe	52.0450	4.6514
goussainville	Gonesse	Europe	48.9869	2.4489
granada	Albolote	Europe	37.2309	-3.6551
granada	Armilla	Europe	37.1439	-3.6253
granada	Atarfe	Europe	37.2248	-3.6869
granada	Las Gabias	Europe	37.1355	-3.6703
granada	Maracena	Europe	37.2076	-3.6349
granada	Zubia	Europe	37.1191	-3.5840
granadilla-de-abona	San Miguel De Abona	Europe	28.0983	-16.6171
granollers	Canovelles	Europe	41.6167	2.2833
granollers	Cardedeu	Europe	41.6398	2.3574
grays	Hartley	Europe	51.3867	0.3037
grays	Longfield	Europe	51.3969	0.3021
grays	South Ockendon	Europe	51.5080	0.2833
grays	Swanscombe	Europe	51.4471	0.3103
graz	Andritz	Europe	47.1139	15.4235
graz	Eggenberg	Europe	47.0700	15.3987
graz	Geidorf	Europe	47.0839	15.4440
graz	Gries	Europe	47.0624	15.4242
graz	Jakomini	Europe	47.0544	15.4498
graz	Lend	Europe	47.0826	15.4159
graz	Sankt Leonhard	Europe	47.0692	15.4578
graz	Straßgang	Europe	47.0333	15.4000
graz	Wetzelsdorf	Europe	47.0529	15.3992
grenoble	Fontaine	Europe	45.1927	5.6882
grenoble	Meylan	Europe	45.2098	5.7776
grenoble	Saint-Martin-d'Hères	Europe	45.1787	5.7628
grenoble	Saint-Égrève	Europe	45.2331	5.6815
grenoble	Échirolles	Europe	45.1460	5.7144
greve	Ishøj	Europe	55.6154	12.3518
grevenbroich	Jüchen	Europe	51.1000	6.5000
grevenbroich	Neubrück	Europe	51.1343	6.6386
griesheim	Riedstadt	Europe	49.8341	8.4962
griesheim	Weiterstadt	Europe	49.9039	8.5887
grimbergen	Meise	Europe	50.9393	4.3266
grimbergen	Vilvoorde	Europe	50.9281	4.4294
grimsby	Cleethorpes	Europe	53.5605	-0.0323
grodzisk-mazowiecki	Milanówek	Europe	52.1188	20.6715
gronau	Glanerbrug	Europe	52.2158	6.9708
gronau	Losser	Europe	52.2608	7.0042
groningen	Korrewegwijk	Europe	53.2323	6.5680
guarda	Sequeira	Europe	40.5536	-7.2259
guidonia-montecelio	Guidonia	Europe	41.9923	12.7188
guidonia-montecelio	Tivoli	Europe	41.9595	12.8016
guidonia-montecelio	Villanova	Europe	41.9636	12.7563
guildford	Godalming	Europe	51.1858	-0.6149
gummersbach	Bergneustadt	Europe	51.0250	7.6560
gummersbach	Meinerzhagen	Europe	51.1074	7.6484
gutersloh	Steinhagen	Europe	52.0000	8.4000
haarlem	Heemstede	Europe	52.3499	4.6230
haarlem	Hillegom	Europe	52.2908	4.5833
hagen	Herdecke	Europe	51.4000	7.4358
halesowen	Bartley Green	Europe	52.4353	-1.9971
halifax-(gb)	Elland	Europe	53.6851	-1.8388
halle	Beersel	Europe	50.7659	4.3002
halle	Sint-Pieters-Leeuw	Europe	50.7793	4.2435
halle	Tubize	Europe	50.6906	4.2009
halle-(saale)	Halle-Neustadt	Europe	51.4792	11.9161
hamburg	Altona	Europe	53.5500	9.9333
hamburg	Barmbek-Nord	Europe	53.6052	10.0399
hamburg	Barmbek-Süd	Europe	53.5801	10.0407
hamburg	Eimsbüttel	Europe	53.5742	9.9568
hamburg	Hamburg-Mitte	Europe	53.5500	10.0167
hamburg	Hamburg-Nord	Europe	53.5894	9.9840
hamburg	Horn	Europe	53.5541	10.0899
hamburg	Marienthal	Europe	53.5667	10.0833
hamburg	Niendorf	Europe	53.6177	9.9503
hamburg	Wandsbek	Europe	53.5833	10.0831
hamburg	Wilhelmsburg	Europe	53.4928	10.0137
hamburg	Winterhude	Europe	53.5937	10.0112
hamm	Bönen	Europe	51.6000	7.7667
hanau-am-main	Bruchköbel	Europe	50.1785	8.9231
hanau-am-main	Maintal	Europe	50.1500	8.8333
haninge	Trångsund	Europe	59.2333	18.1333
hannover	Hemmingen	Europe	52.3143	9.7236
hannover	Linden-Nord	Europe	52.3720	9.7068
hannover	Nordstadt	Europe	52.3856	9.7159
hannover	Ronnenberg	Europe	52.3194	9.6554
hannover	Südstadt	Europe	52.3597	9.7508
harderwijk	Putten	Europe	52.2592	5.6069
harderwijk	Zeewolde	Europe	52.3300	5.5417
harrow	Brent	Europe	51.5531	-0.3023
harrow	Greenford	Europe	51.5287	-0.3551
harrow	Northolt	Europe	51.5485	-0.3678
harrow	Wealdstone	Europe	51.5998	-0.3371
harrow	Wembley	Europe	51.5524	-0.2969
harrow	West Ealing	Europe	51.5136	-0.3229
hasselt	Diepenbeek	Europe	50.9077	5.4188
hayes	Southall	Europe	51.5090	-0.3713
haywards-heath	Burgess Hill	Europe	50.9584	-0.1329
heemskerk	Castricum	Europe	52.5483	4.6694
heidenheim-an-der-brenz	Giengen an der Brenz	Europe	48.6222	10.2431
heilbronn	Neckarsulm	Europe	49.1891	9.2253
heinsberg	Wassenberg	Europe	51.1001	6.1548
heist-op-den-berg	Nijlen	Europe	51.1610	4.6701
heist-op-den-berg	Putte	Europe	51.0534	4.6326
helmond	Gemert	Europe	51.5558	5.6903
helsingborg	Helsingør	Europe	56.0361	12.6136
helsinki	Haaga	Europe	60.2213	24.8976
helsinki	Kaarela	Europe	60.2517	24.8811
helsinki	Kallio	Europe	60.1843	24.9503
helsinki	Laajasalo	Europe	60.1752	25.0309
helsinki	Lauttasaari	Europe	60.1590	24.8680
helsinki	Munkkiniemi	Europe	60.1986	24.8777
helsinki	Myyrmäki	Europe	60.2671	24.8471
helsinki	Oulunkylä	Europe	60.2292	24.9640
helsinki	Pitäjänmäki	Europe	60.2229	24.8610
helsinki	Taka-Töölö	Europe	60.1843	24.9195
hengelo	Borne	Europe	52.3014	6.7482
henin-beaumont	Carvin	Europe	50.4924	2.9581
hennigsdorf	Frohnau	Europe	52.6334	13.2902
hennigsdorf	Hakenfelde	Europe	52.5588	13.2083
hennigsdorf	Haselhorst	Europe	52.5441	13.2374
hennigsdorf	Heiligensee	Europe	52.6145	13.2450
hennigsdorf	Spandau	Europe	52.5511	13.1992
hennigsdorf	Tegel	Europe	52.5760	13.2939
herford	Bad Salzuflen	Europe	52.0862	8.7443
high-wycombe	Marlow	Europe	51.5693	-0.7742
hilversum	Bussum	Europe	52.2733	5.1611
hilversum	Naarden	Europe	52.2958	5.1625
hinckley	Earl Shilton	Europe	52.5768	-1.3154
hitchin	Letchworth Garden City	Europe	51.9794	-0.2266
hoddesdon	Cheshunt	Europe	51.7002	-0.0303
hoddesdon	Hertford	Europe	51.7959	-0.0785
hoddesdon	Waltham Abbey	Europe	51.6870	-0.0042
hoddesdon	Ware	Europe	51.8106	-0.0288
hofheim-am-taunus	Bad Soden am Taunus	Europe	50.1408	8.5045
hofheim-am-taunus	Hattersheim	Europe	50.0691	8.4863
hofheim-am-taunus	Kelkheim	Europe	50.1370	8.4502
hofheim-am-taunus	Kronberg	Europe	50.1810	8.5130
hofheim-am-taunus	Kronberg Tal	Europe	50.1793	8.5037
hofheim-am-taunus	Königstein im Taunus	Europe	50.1794	8.4713
homburg	Blieskastel	Europe	49.2372	7.2562
hoofddorp	Nieuw-Vennep	Europe	52.2642	4.6306
horlivka	Kindrativskyi	Europe	48.3028	38.0547
horlivka	Mykytivskyi	Europe	48.3142	38.0038
horlivka	Tsentralno-Miskyi	Europe	48.3024	38.0316
houthalen	Helchteren	Europe	51.0559	5.3824
houthalen	Peer	Europe	51.1303	5.4595
houthalen	Zolder	Europe	51.0245	5.3098
houthalen	Zonhoven	Europe	50.9906	5.3682
hoxter	Holzminden	Europe	51.8280	9.4455
huddersfield	Brighouse	Europe	53.7032	-1.7843
huelva	Aljaraque	Europe	37.2699	-7.0231
hurth	Brühl	Europe	50.8293	6.9050
hurth	Frechen	Europe	50.9149	6.8118
huyton	Allerton	Europe	53.3670	-2.8940
huyton	Belle Vale	Europe	53.3921	-2.8602
huyton	Halewood	Europe	53.3596	-2.8315
huyton	Hunts Cross	Europe	53.3558	-2.8657
huyton	Prescot	Europe	53.4295	-2.8003
huyton	Speke	Europe	53.3407	-2.8410
hvidovre	Avedøre	Europe	55.6272	12.4564
hvidovre	Brøndbyvester	Europe	55.6455	12.4101
hvidovre	Rødovre	Europe	55.6806	12.4537
hvidovre	Valby	Europe	55.6661	12.5139
hvidovre	Vanløse	Europe	55.6836	12.4871
hyeres	La Crau	Europe	43.1496	6.0740
ilioupoli	Agios Dimitrios	Europe	37.9333	23.7333
ilioupoli	Argyroúpoli	Europe	37.9059	23.7504
ilioupoli	Kaisarianí	Europe	37.9634	23.7652
ilioupoli	Výronas	Europe	37.9611	23.7530
ilioupoli	Álimos	Europe	37.9103	23.7236
ilkeston	Eastwood	Europe	53.0000	-1.3000
ilkeston	Heanor	Europe	53.0137	-1.3538
ilkeston	Ripley	Europe	53.0333	-1.4000
illkirch-graffenstaden	Lingolsheim	Europe	48.5575	7.6825
ingenio	Agüimes	Europe	27.9054	-15.4461
innsbruck	Hötting	Europe	47.2681	11.3687
innsbruck	Pradl	Europe	47.2654	11.4152
innsbruck	Wilten	Europe	47.2583	11.3881
irkutsk	Markova	Europe	52.2067	104.2177
irpin	Bucha	Europe	50.5474	30.2088
irpin	Hostomel	Europe	50.5684	30.2651
irun	Hondarribia	Europe	43.3686	-1.7962
irvine-(gb)	Kilwinning	Europe	55.6533	-4.7067
iserlohn	Altena	Europe	51.2947	7.6734
istres	Fos-sur-Mer	Europe	43.4377	4.9446
istres	Miramas	Europe	43.5851	5.0027
ivano-frankivsk	Knyahynyn	Europe	48.9356	24.7131
jarvenpaa	Kerava	Europe	60.4034	25.1050
jena	Apolda	Europe	51.0262	11.5164
kalamaria	Panórama	Europe	40.5878	23.0315
kalamaria	Peraía	Europe	40.4987	22.9262
kalamaria	Pylaía	Europe	40.5992	22.9861
kamp-lintfort	Rheinberg	Europe	51.5465	6.5953
kamyshin	Nikolayevsk	Europe	50.0281	45.4612
karlovy-vary	Ostrov	Europe	50.3059	12.9391
karlsruhe	Eggenstein-Leopoldshafen	Europe	49.0901	8.3988
karlsruhe	Rheinstetten	Europe	48.9685	8.3070
kassel	Vellmar	Europe	51.3581	9.4797
kato-lakatameia	Stróvolos	Europe	35.1487	33.3338
katowice	Siemianowice Śląskie	Europe	50.3274	19.0290
kaunas	Aleksotas	Europe	54.8804	23.9084
kaunas	Dainava (Kaunas)	Europe	54.9153	23.9683
kaunas	Eiguliai	Europe	54.9313	23.9324
kaunas	Šilainiai	Europe	54.9291	23.8860
kavadarci	Negotino	Europe	41.4846	22.0906
keighley	Bingley	Europe	53.8486	-1.8386
kerch	Arshyntseve	Europe	45.3011	36.4269
kerkrade	Herzogenrath	Europe	50.8687	6.0932
khalandrion	Agía Paraskeví	Europe	38.0167	23.8333
khalandrion	Cholargós	Europe	38.0000	23.8000
khalandrion	Gérakas	Europe	38.0228	23.8576
khalandrion	Maroúsi	Europe	38.0500	23.8000
khalandrion	Néa Ionía	Europe	38.0357	23.7573
khalandrion	Vrilissia	Europe	38.0338	23.8296
khanzhonkivskyi	Khanzhonkove	Europe	48.0945	38.0755
kharkiv	Kholodna Hora	Europe	50.0042	36.1762
kharkiv	Kyivskyi	Europe	50.0448	36.2888
kharkiv	Nemyshlyanskyi	Europe	49.9644	36.3338
kharkiv	Novobavarskyi	Europe	49.9514	36.1650
kharkiv	Oleksiyivka	Europe	50.0452	36.1932
kharkiv	Osnovyanskyi	Europe	49.9366	36.2413
kharkiv	Saltivka	Europe	50.0221	36.3490
kharkiv	Saltivskyi	Europe	49.9990	36.3160
kharkiv	Shevchenkivskyi	Europe	50.0202	36.2247
kharkiv	Slobidskyi	Europe	49.9448	36.2813
kharkiv	Zhuravlivka	Europe	50.0125	36.2721
khimki	Levoberezhnyy	Europe	55.8648	37.4734
khimki	Pokrovskoye-Streshnëvo	Europe	55.8080	37.4581
khmelnytskyi	Rakove	Europe	49.3956	27.0601
kidderminster	Stourport-on-Severn	Europe	52.3398	-2.2803
kiel	Elmschenhagen	Europe	54.2895	10.1899
kifisia	Melíssia	Europe	38.0500	23.8333
kifisia	Néa Erythraía	Europe	38.0927	23.8222
kifisia	Péfki	Europe	38.0602	23.7926
kingswood	Keynsham	Europe	51.4139	-2.4978
kingswood	Mangotsfield	Europe	51.4878	-2.5040
kingswood	Yate	Europe	51.5407	-2.4184
kirkby	Fazakerley	Europe	53.4614	-2.9286
kirkby	Maghull	Europe	53.5162	-2.9412
kirkby	Norris Green	Europe	53.4451	-2.9207
kirkby	Ormskirk	Europe	53.5669	-2.8818
kisela-voda	Ilinden	Europe	41.9930	21.5808
kisela-voda	Studeničani	Europe	41.9221	21.5348
kiselevsk	Kisilevsk	Europe	53.9962	86.6485
kladno	Slaný	Europe	50.2305	14.0869
klagenfurt-am-worthersee	Sankt Martin	Europe	46.6167	14.2833
klagenfurt-am-worthersee	Sankt Peter	Europe	46.6298	14.3402
koblenz	Bendorf	Europe	50.4229	7.5792
koblenz	Lahnstein	Europe	50.3000	7.6167
kochani	Vinica	Europe	41.8812	22.5107
koge	Solrød Strand	Europe	55.5329	12.2223
kolin	Kutná Hora	Europe	49.9484	15.2682
koln	Altstadt Nord	Europe	50.9389	6.9575
koln	Altstadt Sud	Europe	50.9333	6.9595
koln	Bilderstöckchen	Europe	50.9698	6.9300
koln	Deutz	Europe	50.9346	6.9749
koln	Humboldtkolonie	Europe	50.9318	6.9947
koln	Kalk	Europe	50.9401	7.0061
koln	Neuehrenfeld	Europe	50.9575	6.9361
koln	Neustadt/Nord	Europe	50.9490	6.9479
koln	Neustadt/Süd	Europe	50.9251	6.9476
koln	Nippes	Europe	50.9654	6.9531
koln	Rodenkirchen	Europe	50.8933	6.9948
komarno-(sk)	Komárom	Europe	47.7432	18.1191
konigsbrunn	Bobingen	Europe	48.2709	10.8339
konigswinter	Bad Honnef	Europe	50.6434	7.2278
konigswinter	Remagen	Europe	50.5788	7.2270
konstanz	Kreuzlingen	Europe	47.6505	9.1750
konstanz	Petershausen-West	Europe	47.6741	9.1779
korolev	Gol’yanovo	Europe	55.8230	37.8131
korolev	Yubileyny	Europe	55.9333	37.8333
kortrijk	Harelbeke	Europe	50.8534	3.3093
kortrijk	Zwevegem	Europe	50.8127	3.3385
kotka	Karhula	Europe	60.5216	26.9312
krakow	Grzegórzki	Europe	50.0642	19.9676
kramatorsk	Sonyachnyi	Europe	48.7228	37.5981
kramatorsk	Sotsmisto	Europe	48.7366	37.5907
krasnogorsk	Kuntsevo	Europe	55.7422	37.4023
krasnogorsk	Rublëvo	Europe	55.7851	37.3548
krasnogorsk	Strogino	Europe	55.8184	37.4122
krasnoznamensk	Aprelevka	Europe	55.5519	37.0801
krasnoznamensk	Golitsyno	Europe	55.6093	36.9821
krasnoznamensk	Yushkovo	Europe	55.5574	36.9718
krefeld	Bockum	Europe	51.3470	6.6159
krefeld	Fischeln	Europe	51.3035	6.5884
krefeld	Tönisvorst	Europe	51.3209	6.4941
krefeld	Uerdingen	Europe	51.3548	6.6392
kremenchuk	Avtozavodskyi	Europe	49.0975	33.4321
kremenchuk	Kryukiv	Europe	49.0289	33.4385
kremenchuk	Molodizhne	Europe	49.1504	33.4305
kremenchuk	Rakivka	Europe	49.0245	33.4640
kropyvnytskyi	Fortechnyi	Europe	48.4986	32.2537
kropyvnytskyi	Podilskyi	Europe	48.5036	32.2803
kruje	Fushë-Krujë	Europe	41.4783	19.7178
kudrovo	Krasnogvargeisky	Europe	59.9731	30.4761
kudrovo	Obukhovo	Europe	59.8439	30.4511
kupyansk	Kivsharivka	Europe	49.6303	37.6775
kyiv	Berezniaky	Europe	50.4263	30.6022
kyiv	Chokolivka	Europe	50.4244	30.4473
kyiv	Dniprovskyi	Europe	50.4537	30.6015
kyiv	Nova Zabudova	Europe	50.4281	30.5153
kyiv	Obolon	Europe	50.5132	30.5055
kyiv	Pechersk	Europe	50.4444	30.5235
kyiv	Shulyavka	Europe	50.4536	30.4531
kyiv	Stare Misto	Europe	50.4476	30.5264
kyiv	Syrets	Europe	50.4796	30.4449
kyiv	Telychka	Europe	50.4000	30.5667
kyiv	Voskresenka	Europe	50.4848	30.6032
kyiv	Vyhurivshchyna-Troyeshchyna	Europe	50.5114	30.6025
l'hospitalet-de-llobregat	Cornellà de Llobregat	Europe	41.3500	2.0833
l'hospitalet-de-llobregat	El Prat de Llobregat	Europe	41.3278	2.0947
l'hospitalet-de-llobregat	Esplugues de Llobregat	Europe	41.3773	2.0881
l'hospitalet-de-llobregat	Sant Joan Despí	Europe	41.3672	2.0574
l'hospitalet-de-llobregat	Sant Just Desvern	Europe	41.3839	2.0676
l'hospitalet-de-llobregat	Sants - Badal	Europe	41.3747	2.1277
l'hospitalet-de-llobregat	Sarrià	Europe	41.4027	2.1162
l'hospitalet-de-llobregat	la Marina de Port	Europe	41.3600	2.1399
l'hospitalet-de-llobregat	la Maternitat i Sant Ramon	Europe	41.3813	2.1174
la-garde	La Valette-du-Var	Europe	43.1376	5.9832
la-laguna	Tacoronte	Europe	28.4769	-16.4102
la-linea-de-la-concepcion	Gibraltar	Europe	36.1447	-5.3526
la-linea-de-la-concepcion	San Roque	Europe	36.2098	-5.3845
la-louviere	Manage	Europe	50.5031	4.2359
la-louviere	Morlanwelz-Mariemont	Europe	50.4550	4.2452
la-orotava	Puerto de la Cruz	Europe	28.4169	-16.5509
la-rinconada	La Algaba	Europe	37.4633	-6.0111
la-teste-de-buch	Gujan-Mestras	Europe	44.6360	-1.0681
laatzen	Bemerode	Europe	52.3500	9.8333
laatzen	Misburg	Europe	52.3901	9.8520
laatzen	Misburg-Nord	Europe	52.3968	9.8603
laatzen	Sarstedt	Europe	52.2349	9.8541
ladispoli	Cerveteri	Europe	41.9908	12.0908
lage	Leopoldshöhe	Europe	52.0125	8.6983
lagos-(pt)	Porto de Mós	Europe	37.0853	-8.6837
lamezia-terme	Nicastro	Europe	38.9709	16.3129
lamezia-terme	Sambiase	Europe	38.9667	16.2833
lampertheim	Bürstadt	Europe	49.6427	8.4594
langenfeld	Leichlingen	Europe	51.1063	7.0187
langenfeld	Monheim am Rhein	Europe	51.0916	6.8922
langenfeld	Ohligs	Europe	51.1500	7.0000
langenhagen	Bothfeld	Europe	52.4173	9.7961
larnaca	Aradíppou	Europe	34.9478	33.5881
las-palmas-de-gran-canaria	Centro	Europe	28.1272	-15.4314
las-rozas-de-madrid	Majadahonda	Europe	40.4735	-3.8718
las-rozas-de-madrid	Villanueva del Pardillo	Europe	40.4901	-3.9638
lausanne	Pully	Europe	46.5103	6.6618
lausanne	Renens	Europe	46.5399	6.5881
le-havre	Montivilliers	Europe	49.5452	0.1877
leatherhead	Dorking	Europe	51.2323	-0.3338
leatherhead	Epsom	Europe	51.3305	-0.2701
leeds	Chapel Allerton	Europe	53.8290	-1.5383
lehrte	Sehnde	Europe	52.3139	9.9682
leicester	Braunstone	Europe	52.6183	-1.1790
leicester	Glen Parva	Europe	52.5853	-1.1706
leicester	Humberstone	Europe	52.6474	-1.0865
leiden	Leiderdorp	Europe	52.1583	4.5292
leiden	Merenwijk	Europe	52.1765	4.5088
leiden	Noordwijk-Binnen	Europe	52.2340	4.4447
leiden	Oegstgeest	Europe	52.1800	4.4694
leiden	Sassenheim	Europe	52.2250	4.5222
leigh	Atherton	Europe	53.5237	-2.4935
leigh	Tyldesley	Europe	53.5139	-2.4675
leipzig	Gohlis	Europe	51.3660	12.3670
lens	Avion	Europe	50.4104	2.8305
lens	Liévin	Europe	50.4198	2.7807
leon-(es)	San Andrés del Rabanedo	Europe	42.6117	-5.6167
leon-(es)	Villaquilambre	Europe	42.6469	-5.5583
leonberg	Ditzingen	Europe	48.8267	9.0670
leonberg	Gerlingen	Europe	48.7995	9.0632
leonberg	Renningen	Europe	48.7697	8.9387
lepe	Cartaya	Europe	37.2811	-7.1507
les-mureaux	Verneuil-sur-Seine	Europe	48.9739	1.9648
les-ulis	Gif-sur-Yvette	Europe	48.6833	2.1333
les-ulis	Orsay	Europe	48.6957	2.1873
lesnoy	Irbit	Europe	57.6686	63.0707
leuven	Blauwput	Europe	50.8859	4.7241
leuven	Herent	Europe	50.9086	4.6706
leuven	Heverlee	Europe	50.8643	4.6960
leuven	Kessel-Lo	Europe	50.8855	4.7372
leuven	Rotselaar	Europe	50.9530	4.7166
leverkusen	Opladen	Europe	51.0686	7.0039
leyland	Chorley	Europe	53.6500	-2.6167
liege	Ans	Europe	50.6623	5.5203
liege	Chaudfontaine	Europe	50.5828	5.6341
liege	Grivegnée	Europe	50.6215	5.6110
liege	Herstal	Europe	50.6641	5.6235
liege	Oupeye	Europe	50.7118	5.6468
liege	Saint-Nicolas	Europe	50.6284	5.5324
lier	Duffel	Europe	51.0955	4.5090
lier	Ranst	Europe	51.1898	4.5653
likino-dulevo	Kabanovo	Europe	55.7482	38.9351
lille	Faches-Thumesnil	Europe	50.5833	3.0667
lille	Haubourdin	Europe	50.6083	2.9914
lille	La Madeleine	Europe	50.6460	3.0758
lille	Lambersart	Europe	50.6500	3.0333
lille	Lomme	Europe	50.6436	2.9872
lille	Loos	Europe	50.6098	3.0187
lille	Marcq-en-Barœul	Europe	50.6667	3.0833
lille	Ronchin	Europe	50.5988	3.0906
limassol	Germasógeia	Europe	34.7207	33.0845
limassol	Káto Polemídia	Europe	34.6972	32.9932
lippstadt	Erwitte	Europe	51.6127	8.3384
lisbon	Alcântara	Europe	38.7010	-9.1715
lisbon	Almada	Europe	38.6790	-9.1569
lisbon	Areeiro	Europe	38.7410	-9.1380
lisbon	Campo De Ourique	Europe	38.7213	-9.1674
lisbon	Marvila	Europe	38.7398	-9.1016
lisbon	Sete Rios	Europe	38.7413	-9.1613
lisbon	São Jorge de Arroios	Europe	38.7289	-9.1381
liverpool	Birkenhead	Europe	53.3934	-3.0148
liverpool	Kirkdale	Europe	53.4334	-2.9766
liverpool	Litherland	Europe	53.4699	-2.9981
liverpool	Old Swan	Europe	53.4139	-2.9089
livingston	Broxburn	Europe	55.9342	-3.4713
lobnya	Dolgoprudnyy	Europe	55.9496	37.5018
lokeren	Zele	Europe	51.0657	4.0403
lommel	Bergeijk	Europe	51.3192	5.3583
lomonosov	Petrodvorets	Europe	59.8957	29.8014
london	Battersea	Europe	51.4748	-0.1555
london	Brixton	Europe	51.4659	-0.1065
london	Chelsea	Europe	51.4875	-0.1694
london	City of Westminster	Europe	51.4975	-0.1357
london	Islington	Europe	51.5362	-0.1030
london	Latchmere	Europe	51.4684	-0.1688
london	Peckham	Europe	51.4740	-0.0697
london	Pimlico	Europe	51.4890	-0.1370
london	Soho	Europe	51.5144	-0.1353
lorient	Lanester	Europe	47.7632	-3.3393
lorient	Ploemeur	Europe	47.7351	-3.4295
lorrach	Riehen	Europe	47.5788	7.6468
lorrach	Weil am Rhein	Europe	47.5933	7.6208
los-realejos	Realejo Alto	Europe	28.3764	-16.5858
loughborough	Mountsorrel	Europe	52.7167	-1.1500
loures	Ramada	Europe	38.8037	-9.1877
lubeck	Bad Schwartau	Europe	53.9189	10.6969
lubeck	Ratekau	Europe	53.9465	10.7312
lubeck	Stockelsdorf	Europe	53.8922	10.6471
lucca	Capannori	Europe	43.8417	10.5727
lucena-(es)	Cabra	Europe	37.4725	-4.4421
ludenscheid	Kierspe	Europe	51.1340	7.5907
ludwigsburg	Bietigheim-Bissingen	Europe	48.9441	9.1175
ludwigsburg	Freiberg am Neckar	Europe	48.9320	9.2024
ludwigsburg	Kornwestheim	Europe	48.8616	9.1857
ludwigsburg	Marbach am Neckar	Europe	48.9396	9.2599
ludwigsburg	Stuttgart Mühlhausen	Europe	48.8423	9.2303
luhansk	Kamyanobridskyi	Europe	48.5865	39.2809
luhansk	Skhidni Kvartaly	Europe	48.5662	39.3826
luhansk	Verhunskyi	Europe	48.5857	39.3716
luhansk	Vilkhivskyi	Europe	48.5433	39.2820
lumiar	Alvalade	Europe	38.7533	-9.1440
lumiar	Camarate	Europe	38.8036	-9.1281
lumiar	Carnide	Europe	38.7667	-9.1833
lumiar	Cidade Universitária	Europe	38.7520	-9.1592
lumiar	Moscavide e Portela	Europe	38.7793	-9.1022
lumiar	Odivelas	Europe	38.7927	-9.1838
lumiar	Olivais	Europe	38.7699	-9.1067
lumiar	Parque das Nações	Europe	38.7691	-9.0963
lumiar	Sacavém	Europe	38.7920	-9.1080
lund	Staffanstorp	Europe	55.6428	13.2064
lunen	Scharnhorst	Europe	51.5492	7.5391
lupeni	Vulcan	Europe	45.3833	23.2667
luzern	Kriens	Europe	47.0311	8.2855
luzern	Littau	Europe	47.0500	8.2627
lviv	Novyi Lviv	Europe	49.8152	24.0317
lviv	Sykhiv	Europe	49.7943	24.0628
lyon	Caluire-et-Cuire	Europe	45.7946	4.8464
lyon	Lyon 01	Europe	45.7676	4.8345
lyon	Lyon 02	Europe	45.7542	4.8309
lyon	Lyon 03	Europe	45.7612	4.8518
lyon	Lyon 04	Europe	45.7751	4.8271
lyon	Lyon 05	Europe	45.7611	4.8268
lyon	Lyon 06	Europe	45.7679	4.8506
lyon	Lyon 07	Europe	45.7452	4.8420
lyon	Lyon 09	Europe	45.7726	4.8033
lyon	Oullins	Europe	45.7140	4.8075
lyon	Sainte-Foy-lès-Lyon	Europe	45.7338	4.8026
lyon	Villeurbanne	Europe	45.7660	4.8795
lytkarino	Andreyevskoye	Europe	55.5549	37.9257
lyubertsy	Alekseyevka	Europe	55.6300	37.8000
lyubertsy	Dzerzhinskiy	Europe	55.6287	37.8443
lyubertsy	Dzerzhinsky	Europe	55.6274	37.8580
lyubertsy	Ivanovskoye	Europe	55.7667	37.8333
lyubertsy	Kuskovo	Europe	55.7380	37.7954
lyubertsy	Kuz’minki	Europe	55.7000	37.8000
lyubertsy	Novogireyevo	Europe	55.7546	37.8183
lyubertsy	Reutov	Europe	55.7627	37.8630
lyubertsy	Tomilino	Europe	55.6562	37.9471
lyubertsy	Veshnyaki	Europe	55.7239	37.8195
lyubertsy	Vykhino-Zhulebino	Europe	55.7020	37.8118
lyubertsy	Zhulebino	Europe	55.7000	37.8500
maasmechelen	Mechelen-aan-de-Maas	Europe	50.9659	5.6914
maassluis	's-Gravenzande	Europe	52.0017	4.1653
maassluis	Naaldwijk	Europe	51.9942	4.2097
maastricht	Lanaken	Europe	50.8932	5.6468
maastricht	Riemst	Europe	50.8100	5.6013
madrid	Arganzuela	Europe	40.4002	-3.6962
madrid	Carabanchel	Europe	40.3909	-3.7242
madrid	Chamartín	Europe	40.4621	-3.6766
madrid	Chamberí	Europe	40.4340	-3.7038
madrid	Ciudad Lineal	Europe	40.4451	-3.6513
madrid	Fuencarral-El Pardo	Europe	40.4984	-3.7314
madrid	Madrid Centro	Europe	40.4183	-3.7027
madrid	Puente de Vallecas	Europe	40.3935	-3.6620
madrid	Retiro	Europe	40.4132	-3.6831
madrid	Tetuán de las Victorias	Europe	40.4597	-3.6975
madrid	Usera	Europe	40.3887	-3.7003
madrid	Villaverde	Europe	40.3500	-3.7000
magdeburg	Neue Neustadt	Europe	52.1500	11.6333
maia	Leça do Bailio	Europe	41.2120	-8.6342
maia	São Tiago de Custoias	Europe	41.2000	-8.6333
maia	Vermoim	Europe	41.2431	-8.6065
mainz	Ginsheim-Gustavsburg	Europe	49.9711	8.3453
mainz	Gonsenheim	Europe	50.0017	8.1965
mairena-del-aljarafe	Bormujos	Europe	37.3736	-6.0723
mairena-del-aljarafe	Castilleja de la Cuesta	Europe	37.3859	-6.0526
mairena-del-aljarafe	San Juan de Aznalfarache	Europe	37.3581	-6.0373
mairena-del-aljarafe	Tomares	Europe	37.3728	-6.0459
makhachkala	Semender	Europe	42.9856	47.4039
makiyivka	Berestovskyi	Europe	48.0443	37.8765
makiyivka	Chumakivskyi	Europe	47.9567	37.9419
makiyivka	Hirnytskyi	Europe	48.0211	37.9691
makiyivka	Hruzkyi	Europe	48.0651	37.9362
malmo	Limhamn	Europe	55.5833	12.9500
manchester	Longsight	Europe	53.4580	-2.2010
manchester	Manchester City Centre	Europe	53.4810	-2.2456
manchester	Prestwich	Europe	53.5333	-2.2833
manduria	Sava	Europe	40.4020	17.5527
manises	Aldaia	Europe	39.4657	-0.4601
manises	Bétera	Europe	39.5911	-0.4615
manises	L'Eliana	Europe	39.5667	-0.5333
manises	Paterna	Europe	39.5026	-0.4408
manises	Quart de Poblet	Europe	39.4814	-0.4394
manises	Xirivella	Europe	39.4659	-0.4259
mannheim	Gartenstadt	Europe	49.4594	8.4038
mannheim	Ludwigshafen am Rhein	Europe	49.4812	8.4464
mansfield	Kirkby in Ashfield	Europe	53.0998	-1.2438
mansfield	Mansfield Woodhouse	Europe	53.1649	-1.1938
mansfield	Sutton in Ashfield	Europe	53.1254	-1.2613
mantes-la-jolie	Mantes-la-Ville	Europe	48.9737	1.7025
marigliano	Brusciano	Europe	40.9224	14.4239
marigliano	San Felice A Cancello	Europe	41.0170	14.4874
marino	Albano Laziale	Europe	41.7275	12.6590
marino	Ariccia	Europe	41.7206	12.6723
marino	Ciampino	Europe	41.8006	12.6016
marino	Frascati	Europe	41.8091	12.6794
marino	Genzano di Roma	Europe	41.7071	12.6890
marino	Giardinetti-Tor Vergata	Europe	41.8531	12.6185
marino	Grottaferrata	Europe	41.7866	12.6714
marino	Rocca di Papa	Europe	41.7658	12.7019
mariupol	Kalmiuskyi	Europe	47.1105	37.5438
mariupol	Pravyi Bereh	Europe	47.1150	37.5852
mariupol	Prymorskyi	Europe	47.0710	37.4997
mariupol	Tsentralnyi	Europe	47.0983	37.5484
marne-la-vallee	Lagny-sur-Marne	Europe	48.8667	2.7167
marne-la-vallee	Lognes	Europe	48.8354	2.6300
marne-la-vallee	Noisiel	Europe	48.8487	2.6244
marne-la-vallee	Ozoir-la-Ferrière	Europe	48.7670	2.6687
marne-la-vallee	Pontault-Combault	Europe	48.7981	2.6068
marne-la-vallee	Roissy-en-Brie	Europe	48.7916	2.6475
marne-la-vallee	Torcy	Europe	48.8506	2.6508
marseille	Marseille 01	Europe	43.2981	5.3841
marseille	Marseille 03	Europe	43.3026	5.3758
marseille	Marseille 04	Europe	43.3021	5.4014
marseille	Marseille 05	Europe	43.2955	5.4005
marseille	Marseille 06	Europe	43.2876	5.3792
marseille	Marseille 07	Europe	43.2829	5.3602
marseille	Marseille 08	Europe	43.2708	5.3821
marseille	Marseille 09	Europe	43.2543	5.4057
marseille	Marseille 10	Europe	43.2789	5.4152
marseille	Marseille 11	Europe	43.2907	5.4384
marseille	Marseille 12	Europe	43.2961	5.4362
marseille	Marseille 13	Europe	43.3186	5.4084
marseille-15	Les Pennes-Mirabeau	Europe	43.4101	5.3084
marseille-15	Marseille 14	Europe	43.3445	5.3800
marseille-15	Marseille 16	Europe	43.3598	5.3342
martigues	Port-de-Bouc	Europe	43.4066	4.9809
martorell	Esparreguera	Europe	41.5381	1.8702
martorell	Olesa de Montserrat	Europe	41.5437	1.8941
martorell	Sant Andreu de la Barca	Europe	41.4466	1.9719
mascalucia	Belpasso	Europe	37.5919	14.9799
mascalucia	Gravina di Catania	Europe	37.5609	15.0629
mascalucia	San Giovanni la Punta	Europe	37.5769	15.0937
maspalomas	Playa del Ingles	Europe	27.7567	-15.5787
massa	Carrara	Europe	44.0793	10.0979
massa	Marina di Carrara	Europe	44.0384	10.0414
massa	Marina di Massa	Europe	44.0038	10.1067
massafra	Palagiano	Europe	40.5776	17.0381
matosinhos	Aldoar	Europe	41.1671	-8.6691
matosinhos	Leça da Palmeira	Europe	41.1910	-8.7003
matosinhos	Senhora da Hora	Europe	41.1864	-8.6517
maubeuge	Hautmont	Europe	50.2508	3.9214
mechelen	Sint-Katelijne-Waver	Europe	51.0669	4.5347
mechelen	Zemst	Europe	50.9832	4.4608
meckenheim	Wachtberg	Europe	50.6333	7.1000
meerbusch	Kaarst	Europe	51.2293	6.6188
meikle-earnock	High Blantyre	Europe	55.7844	-4.1001
meikle-earnock	Motherwell	Europe	55.7892	-3.9919
melilla	Beni Enzar	Europe	35.2600	-2.9300
melun	Dammarie-les-Lys	Europe	48.5167	2.6500
melun	Le Mée-sur-Seine	Europe	48.5316	2.6283
melun	Moissy-Cramayel	Europe	48.6260	2.6012
melun	Savigny-le-Temple	Europe	48.5741	2.5829
menden	Fröndenberg	Europe	51.4756	7.7695
menden	Hemer	Europe	51.3871	7.7702
menen	Halluin	Europe	50.7863	3.1261
menen	Wervik	Europe	50.7807	3.0385
menen	Wevelgem	Europe	50.8000	3.1667
meppel	Staphorst	Europe	52.6450	6.2111
meppel	Steenwijk	Europe	52.7875	6.1208
merzig	Beckingen	Europe	49.4000	6.7000
mesagne	San Vito dei Normanni	Europe	40.6564	17.7081
mestre	Marghera	Europe	45.4511	12.2239
mestre	Mogliano Veneto	Europe	45.5559	12.2429
metallostroy	Rybatskoye	Europe	59.8393	30.4987
metz	Montigny-lès-Metz	Europe	49.0956	6.1527
middlesbrough	Billingham	Europe	54.5888	-1.2903
middlesbrough	Stockton-on-Tees	Europe	54.5685	-1.3187
middlesbrough	Thornaby-on-Tees	Europe	54.5333	-1.3000
mijas	Alhaurín el Grande	Europe	36.6430	-4.6873
milan	Brera	Europe	45.4715	9.1876
milan	Quartiere Otto	Europe	45.4861	9.1392
milton-keynes	Bletchley	Europe	51.9933	-0.7347
milton-keynes	Newport Pagnell	Europe	52.0873	-0.7222
mira-taglio	Mirano	Europe	45.4946	12.1077
mira-taglio	Spinea-Orgnano	Europe	45.4911	12.1550
miskolc	Diósgyőr	Europe	48.1000	20.6833
mitrovice	Zvečan	Europe	42.9075	20.8403
modica	Scicli	Europe	36.7901	14.7028
modugno	San Paolo	Europe	41.1248	16.7926
mol	Balen	Europe	51.1684	5.1703
molfetta	Giovinazzo	Europe	41.1850	16.6705
molina-de-segura	Archena	Europe	38.1163	-1.3004
molina-de-segura	Las Torres de Cotillas	Europe	38.0282	-1.2419
mollet-del-valles	Caldes de Montbui	Europe	41.6333	2.1667
mollet-del-valles	Montcada i Reixac	Europe	41.4833	2.1833
mollet-del-valles	Montornès del Vallès	Europe	41.5421	2.2675
mollet-del-valles	Parets del Vallès	Europe	41.5748	2.2331
mollet-del-valles	Santa Perpètua de Mogoda	Europe	41.5333	2.1833
monaco	Monte-Carlo	Europe	43.7398	7.4273
moncalieri	Filadelfia	Europe	45.0241	7.6436
moncalieri	Lingotto	Europe	45.0333	7.6500
moncalieri	Mirafiori Sud	Europe	45.0213	7.6231
moncalieri	Nichelino	Europe	45.0003	7.6531
moncalieri	Nizza Millefonti	Europe	45.0269	7.6654
monchengladbach	Korschenbroich	Europe	51.1914	6.5135
mondragone	Castel Volturno	Europe	41.0329	13.9435
mons	Colfontaine	Europe	50.4141	3.8557
mons	Frameries	Europe	50.4058	3.8960
mons	Quaregnon	Europe	50.4407	3.8653
montbeliard	Audincourt	Europe	47.4833	6.8534
monterotondo	Mentana	Europe	42.0354	12.6441
monterotondo	Tor Lupara	Europe	41.9977	12.6181
montijo	Moita	Europe	38.6508	-8.9904
montijo	Pinhal Novo	Europe	38.6311	-8.9138
montpellier	Castelnau-le-Lez	Europe	43.6360	3.9014
montpellier	Lattes	Europe	43.5677	3.9028
montreuil	Bagnolet	Europe	48.8667	2.4167
montreuil	Bel-Air	Europe	48.8417	2.4049
montreuil	Bobigny	Europe	48.9098	2.4501
montreuil	Fontenay-sous-Bois	Europe	48.8544	2.4827
montreuil	Le Perreux-sur-Marne	Europe	48.8500	2.5000
montreuil	Noisy-le-Sec	Europe	48.8915	2.4645
montreuil	Pantin	Europe	48.8944	2.4093
montreuil	Paris 12e Arrondissement	Europe	48.8352	2.4350
montreuil	Paris 20 Ménilmontant	Europe	48.8646	2.3984
montreuil	Picpus	Europe	48.8426	2.4001
montreuil	Rosny-sous-Bois	Europe	48.8702	2.4991
montreuil	Vincennes	Europe	48.8486	2.4377
montreux	Vevey	Europe	46.4630	6.8434
monza	Arcore	Europe	45.6268	9.3245
monza	Lissone	Europe	45.6124	9.2399
monza	Muggiò	Europe	45.5888	9.2278
monza	Vimercate	Europe	45.6155	9.3680
morecambe	Heysham	Europe	54.0437	-2.8932
moscow	Dorogomilovo	Europe	55.7418	37.5471
moscow	Kolomenskoye	Europe	55.6667	37.6833
moscow	Kozhukhovo	Europe	55.7060	37.6756
moscow	Kur’yanovo	Europe	55.6558	37.7009
moscow	Lefortovo	Europe	55.7667	37.7000
moscow	Ostankinskiy	Europe	55.8296	37.6160
moscow	Presnenskiy	Europe	55.7589	37.5582
moscow	Rostokino	Europe	55.8333	37.6667
moscow	Sokol’niki	Europe	55.8020	37.6716
moscow	Taganskiy	Europe	55.7333	37.6667
moscow	Zamoskvorech’ye	Europe	55.7333	37.6333
mostoles	Alcorcón	Europe	40.3458	-3.8249
mostoles	Villaviciosa de Odón	Europe	40.3581	-3.9043
mulhouse	Illzach	Europe	47.7742	7.3518
mulhouse	Wittenheim	Europe	47.8109	7.3276
munich	Bogenhausen	Europe	48.1522	11.6159
munich	Ottobrunn bei München	Europe	48.0649	11.6633
munich	Taufkirchen	Europe	48.0486	11.6170
munich	Unterhaching	Europe	48.0660	11.6156
murcia	Santomera	Europe	38.0615	-1.0488
myslowice	Lędziny	Europe	50.1426	19.1315
mytishchi	Babushkin	Europe	55.8693	37.7297
mytishchi	Bogorodskoye	Europe	55.8140	37.7212
mytishchi	Vatutino	Europe	55.8844	37.6906
mytishchi	Yaroslavskiy	Europe	55.8833	37.7167
nakhabino	Dedovsk	Europe	55.8686	37.1222
nalchik	Chegem	Europe	43.5672	43.5853
namur	Jambes	Europe	50.4564	4.8717
nancy	Laxou	Europe	48.6837	6.1493
nancy	Vandœuvre-lès-Nancy	Europe	48.6611	6.1711
nancy	Villers-lès-Nancy	Europe	48.6733	6.1528
nanterre	Bezons	Europe	48.9243	2.2128
nanterre	Chatou	Europe	48.8898	2.1586
nanterre	Courbevoie	Europe	48.8967	2.2567
nanterre	Garches	Europe	48.8423	2.1823
nanterre	Houilles	Europe	48.9216	2.1926
nanterre	La Defense	Europe	48.8920	2.2388
nanterre	La Garenne-Colombes	Europe	48.9047	2.2469
nanterre	Puteaux	Europe	48.8834	2.2389
nanterre	Rueil-Malmaison	Europe	48.8765	2.1897
nanterre	Suresnes	Europe	48.8714	2.2293
nantes	Carquefou	Europe	47.2972	-1.4921
nantes	Rezé	Europe	47.1906	-1.5689
nantes	Saint-Sébastien-sur-Loire	Europe	47.2077	-1.5033
nantes	Vertou	Europe	47.1688	-1.4729
naples	Avvocata	Europe	40.8543	14.2432
naples	Miano	Europe	40.8882	14.2534
naples	Montecalvario	Europe	40.8444	14.2455
naples	Pendino	Europe	40.8471	14.2632
naples	Poggioreale	Europe	40.8654	14.2888
naples	Ponticelli	Europe	40.8542	14.3304
naples	San Carlo All'Arena	Europe	40.8651	14.2629
naples	San Ferdinando	Europe	40.8334	14.2475
naples	San Giovanni a Teduccio	Europe	40.8381	14.3061
naples	Stella	Europe	40.8603	14.2522
naples	Vicaria	Europe	40.8615	14.2733
nardo	Copertino	Europe	40.2682	18.0543
nazran	Ekazhevo	Europe	43.2122	44.8231
neath	Briton Ferry	Europe	51.6311	-3.8190
nesttun	Ytrebygda	Europe	60.3050	5.2824
nettetal	Brüggen	Europe	51.2405	6.1838
nettetal	Grefrath	Europe	51.3363	6.3407
nettuno	Anzio	Europe	41.4526	12.6216
neunkirchen	Bexbach	Europe	49.3462	7.2553
neunkirchen	Schiffweiler	Europe	49.3667	7.1333
neuwied	Andernach	Europe	50.4311	7.4043
newburn	Blaydon-on-Tyne	Europe	54.9646	-1.7139
newbury	Thatcham	Europe	51.4037	-1.2605
newcastle-upon-tyne	Felling	Europe	54.9530	-1.5715
newcastle-upon-tyne	Gateshead	Europe	54.9621	-1.6017
newcastle-upon-tyne	Gosforth	Europe	55.0000	-1.6167
newcastle-upon-tyne	Wallsend	Europe	54.9911	-1.5340
newcastle-upon-tyne	Whickham	Europe	54.9456	-1.6764
nice	Saint-Roch	Europe	43.7149	7.2919
nicosia	Aglantziá	Europe	35.1542	33.3964
niederkassel	Porz am Rhein	Europe	50.8864	7.0583
niederkassel	Wesseling	Europe	50.8271	6.9747
nieuwegein	De Meern	Europe	52.0817	5.0361
nieuwegein	IJsselstein	Europe	52.0200	5.0431
nieuwegein	Leidsche Rijn	Europe	52.0950	5.0461
nieuwegein	Vianen	Europe	51.9925	5.0917
nijmegen	Elst	Europe	51.9192	5.8417
nijmegen	Groesbeek	Europe	51.7767	5.9361
noisy-le-grand	Bry-sur-Marne	Europe	48.8381	2.5249
noisy-le-grand	Champs-sur-Marne	Europe	48.8500	2.6000
noisy-le-grand	Chelles	Europe	48.8811	2.5930
noisy-le-grand	Chennevières-sur-Marne	Europe	48.7970	2.5405
noisy-le-grand	Clichy-sous-Bois	Europe	48.9102	2.5532
noisy-le-grand	Gagny	Europe	48.8833	2.5333
noisy-le-grand	Le Plessis-Trévise	Europe	48.8107	2.5736
noisy-le-grand	Montfermeil	Europe	48.8982	2.5791
noisy-le-grand	Neuilly-Plaisance	Europe	48.8634	2.5060
noisy-le-grand	Neuilly-sur-Marne	Europe	48.8537	2.5490
noisy-le-grand	Villeparisis	Europe	48.9421	2.6146
noisy-le-grand	Villiers-sur-Marne	Europe	48.8310	2.5484
norderstedt	Hummelsbüttel	Europe	53.6477	10.0415
norderstedt	Langenhorn	Europe	53.6667	10.0167
norderstedt	Poppenbüttel	Europe	53.6592	10.0847
norderstedt	Quickborn	Europe	53.7282	9.9108
norderstedt	Schnelsen	Europe	53.6374	9.9197
norwich	Bowthorpe	Europe	52.6388	1.2188
nottingham	Arnold	Europe	53.0000	-1.1333
nottingham	Basford	Europe	52.9667	-1.1833
nottingham	West Bridgford	Europe	52.9298	-1.1254
novara	Galliate	Europe	45.4794	8.6982
novelda	Aspe	Europe	38.3451	-0.7672
novomoskovsk	Donskoy	Europe	53.9680	38.3315
novosibirsk	Krasnoobsk	Europe	54.9198	82.9909
nuneaton	Bedworth	Europe	52.4791	-1.4691
nurmijarvi	Klaukkala	Europe	60.3824	24.7510
nurtingen	Wendlingen am Neckar	Europe	48.6712	9.3763
oberhausen	Mülheim	Europe	51.4322	6.8797
odesa	Cheremushky	Europe	46.4325	30.7115
odintsovo	Moskovskiy	Europe	55.5991	37.3552
odintsovo	Novo-Peredelkino	Europe	55.6453	37.3358
odintsovo	Vnukovo	Europe	55.6119	37.2961
offenbach	Mühlheim am Main	Europe	50.1167	8.8333
olawa	Jelcz	Europe	51.0210	17.3209
olawa	Jelcz Laskowice	Europe	51.0213	17.3165
oldenburg	Wardenburg	Europe	53.0594	8.1967
oldham	Chadderton	Europe	53.5448	-2.1398
oldham	Failsworth	Europe	53.5048	-2.1657
oldham	Royton	Europe	53.5651	-2.1227
olhao	Quelfes	Europe	37.0600	-7.8216
oosterhout	Dongen	Europe	51.6267	4.9389
oosterhout	Geertruidenberg	Europe	51.7017	4.8569
oosterhout	Rijen	Europe	51.5908	4.9194
oranienburg	Hohen Neuendorf	Europe	52.6774	13.2789
orihuela	Callosa de Segura	Europe	38.1250	-0.8782
orleans-(fr)	Fleury-les-Aubrais	Europe	47.9333	1.9181
orleans-(fr)	Olivet	Europe	47.8622	1.8991
orleans-(fr)	Saint-Jean-de-Braye	Europe	47.9130	1.9770
orleans-(fr)	Saint-Jean-de-la-Ruelle	Europe	47.9113	1.8648
orlova	Bohumín	Europe	49.9041	18.3575
orvault	La Chapelle-sur-Erdre	Europe	47.2996	-1.5524
ostrava	Starý Bohumín	Europe	49.9169	18.3362
otwock	Józefów	Europe	52.1371	21.2359
oudenaarde	Bevere	Europe	50.8496	3.5873
overath	Lindlar	Europe	51.0196	7.3776
oxford	Cowley	Europe	51.7321	-1.2063
pabianice	Konstantynów Łódzki	Europe	51.7478	19.3256
paderborn	Bad Lippspringe	Europe	51.7833	8.8168
paderno-dugnano	Bollate	Europe	45.5465	9.1205
paderno-dugnano	Bovisio-Masciago	Europe	45.6102	9.1530
paderno-dugnano	Bresso	Europe	45.5379	9.1892
paderno-dugnano	Cinisello Balsamo	Europe	45.5582	9.2149
paderno-dugnano	Cormano	Europe	45.5492	9.1596
paderno-dugnano	Cusano	Europe	45.5519	9.1837
paderno-dugnano	Limbiate	Europe	45.5995	9.1251
paderno-dugnano	Nova Milanese	Europe	45.5888	9.1979
paderno-dugnano	Novate Milanese	Europe	45.5305	9.1395
paderno-dugnano	Quarto Oggiaro	Europe	45.5131	9.1434
paderno-dugnano	Senago	Europe	45.5756	9.1262
padua	Abano Terme	Europe	45.3575	11.7873
padua	Albignasego	Europe	45.3471	11.8678
padua	Arcella	Europe	45.4218	11.8875
pagani	Nocera Inferiore	Europe	40.7454	14.6454
paignton	Brixham	Europe	50.3943	-3.5158
paignton	Torquay	Europe	50.4620	-3.5252
paisley	Barrhead	Europe	55.7992	-4.3929
paisley	Erskine	Europe	55.9005	-4.4503
paisley	Johnstone	Europe	55.8291	-4.5160
paisley	Renfrew	Europe	55.8720	-4.3925
palermo	Monreale	Europe	38.0812	13.2895
palma	Sant Agustí	Europe	39.5506	2.5974
palma	Son Rapinya	Europe	39.5893	2.6190
pamplona	Barañáin	Europe	42.8057	-1.6773
pamplona	Burlata	Europe	42.8256	-1.6167
pamplona	Ermitagaña	Europe	42.8108	-1.6641
pamplona	Iturrama	Europe	42.8085	-1.6583
pamplona	Primer Ensanche	Europe	42.8148	-1.6490
pamplona	Segundo Ensanche	Europe	42.8139	-1.6429
papenburg	Weener	Europe	53.1654	7.3497
parabiago	Legnano	Europe	45.5979	8.9151
parabiago	Nerviano	Europe	45.5534	8.9792
pardubice	Chrudim	Europe	49.9511	15.7956
paris	Paris 10 Entrepôt	Europe	48.8709	2.3561
paris	Paris 10e Arrondissement	Europe	48.8767	2.3590
paris	Paris 11 Popincourt	Europe	48.8574	2.3795
paris	Paris 11e Arrondissement	Europe	48.8583	2.3795
paris	Paris 12 Reuilly	Europe	48.8412	2.3876
paris	Paris 13 Gobelins	Europe	48.8322	2.3561
paris	Paris 13e Arrondissement	Europe	48.8262	2.3599
paris	Paris 14 Observatoire	Europe	48.8331	2.3264
paris	Paris 15 Vaugirard	Europe	48.8412	2.3003
paris	Paris 17 Batignolles-Monceau	Europe	48.8835	2.3219
paris	Paris 18 Buttes-Montmartre	Europe	48.8925	2.3444
paris	Paris 19 Buttes-Chaumont	Europe	48.8817	2.3822
partille	Mölnlycke	Europe	57.6589	12.1179
pervouralsk	Talitsa	Europe	56.8804	60.0213
pescara	Francavilla al Mare	Europe	42.4216	14.2822
petrosani	Petrila	Europe	45.4500	23.4167
pfungstadt	Seeheim-Jugenheim	Europe	49.7650	8.6519
pineda-de-mar	Calella	Europe	41.6138	2.6542
pineda-de-mar	Malgrat de Mar	Europe	41.6466	2.7414
pinneberg	Halstenbek	Europe	53.6330	9.8394
pinneberg	Lurup	Europe	53.5927	9.8770
pinneberg	Osdorf	Europe	53.5798	9.8583
piraeus	Agios Ioannis Rentis	Europe	37.9649	23.6651
piraeus	Agía Varvára	Europe	37.9894	23.6601
piraeus	Keratsíni	Europe	37.9625	23.6197
piraeus	Korydallós	Europe	37.9847	23.6471
piraeus	Moskháton	Europe	37.9479	23.6788
piraeus	Níkaia	Europe	37.9667	23.6500
piraeus	Palaió Fáliro	Europe	37.9281	23.7010
pirna	Heidenau	Europe	50.9722	13.8674
plaisir	Les Clayes-sous-Bois	Europe	48.8221	1.9868
plaisir	Maurepas	Europe	48.7649	1.9292
plaisir	Élancourt	Europe	48.7842	1.9552
plettenberg	Attendorn	Europe	51.1264	7.9033
plymouth	Plymstock	Europe	50.3600	-4.0905
plymouth	Saltash	Europe	50.4096	-4.2251
poltava	Podil	Europe	49.6039	34.5944
poltava	Shevchenko	Europe	49.5645	34.5387
pontevedra	Marín	Europe	42.3914	-8.7014
pontevedra	Poio	Europe	42.4477	-8.6859
poole	Wimborne Minster	Europe	50.7833	-1.9833
pordenone	Cordenons	Europe	45.9836	12.7004
portishead	Clevedon	Europe	51.4423	-2.8579
portishead	Nailsea	Europe	51.4324	-2.7585
porto	Afurada de Baixo	Europe	41.1439	-8.6464
porto	Bomfim	Europe	41.1542	-8.5869
porto	Campanhã	Europe	41.1571	-8.5747
porto	Canidelo	Europe	41.1231	-8.6465
porto	Lordelo do Ouro	Europe	41.1506	-8.6485
porto	Oliveira do Douro	Europe	41.1247	-8.5846
porto	Paranhos	Europe	41.1729	-8.5993
porto	Santo Ovídio	Europe	41.1138	-8.6023
porto	São Mamede de Infesta	Europe	41.1918	-8.6111
porto	Valadares	Europe	41.0929	-8.6322
porto	Vila Nova de Gaia	Europe	41.1240	-8.6124
porto	Vilar de Andorinho	Europe	41.1057	-8.5862
portsmouth	Gosport	Europe	50.7951	-1.1290
portsmouth	Ryde	Europe	50.7300	-1.1621
portsmouth	Southsea	Europe	50.7835	-1.0907
potsdam	Kladow	Europe	52.4542	13.1445
povazska-bystrica	Púchov	Europe	49.1249	18.3260
povoa-de-santa-iria	Santa Iria da Azóia	Europe	38.8411	-9.0991
povoa-de-santa-iria	São João da Talha	Europe	38.8238	-9.0972
povoa-de-santa-iria	Vialonga	Europe	38.8721	-9.0780
povoa-de-santa-iria	Vila Franca de Xira	Europe	38.9552	-8.9897
povoa-de-varzim	Pedroso	Europe	41.4110	-8.7490
povoa-de-varzim	Vila do Conde	Europe	41.3533	-8.7452
pozuelo-de-alarcon	Aravaca	Europe	40.4577	-3.7828
pozuelo-de-alarcon	Boadilla del Monte	Europe	40.4050	-3.8784
pozuelo-de-alarcon	Campamento	Europe	40.3864	-3.7982
pozuelo-de-alarcon	Las Águilas	Europe	40.3818	-3.7711
pozzuoli	Bacoli	Europe	40.7967	14.0735
pozzuoli	Monterusciello	Europe	40.8687	14.0828
pozzuoli	Quarto	Europe	40.8782	14.1435
prague	Chodov	Europe	50.0367	14.5044
prague	Holešovice	Europe	50.1047	14.4495
prague	Královské Vinohrady	Europe	50.0744	14.4437
prague	Krč	Europe	50.0416	14.4457
prague	Libeň	Europe	50.1082	14.4746
prague	Modřany	Europe	50.0112	14.4096
prague	Nusle	Europe	50.0646	14.4399
prague	Smíchov	Europe	50.0720	14.4041
prague	Staré Strašnice	Europe	50.0765	14.5104
prague	Vršovice	Europe	50.0673	14.4603
prague	Záběhlice	Europe	50.0573	14.5038
prague	Žižkov	Europe	50.0833	14.4500
prato	Campi Bisenzio	Europe	43.8245	11.1303
prato	Fornacelle	Europe	43.9238	11.0352
prato	Montemurlo	Europe	43.9269	11.0372
premia-de-mar	El Masnou	Europe	41.4798	2.3188
premia-de-mar	Vilassar de Mar	Europe	41.5051	2.3923
pristina	Kosovo Polje	Europe	42.6639	21.0961
pruszkow	Piastów	Europe	52.1844	20.8395
pudsey	Horsforth	Europe	53.8426	-1.6375
puerto-del-carmen	Tías	Europe	28.9611	-13.6450
puerto-del-carmen	Yaiza	Europe	28.9568	-13.7653
pushkin	Kommunar	Europe	59.6206	30.3900
pushkin	Shushary	Europe	59.8092	30.3817
pushkino	Zavety Il’icha	Europe	56.0428	37.8515
pyatigorsk	Goryachevodskiy	Europe	44.0236	43.0922
pyatigorsk	Inozemtsevo	Europe	44.0926	43.0911
pyatigorsk	Lermontov	Europe	44.1072	42.9780
pyatigorsk	Svobody	Europe	44.0256	43.0503
pyatigorsk	Zheleznovodsk	Europe	44.1432	43.0048
quartu-sant'elena	Sinnai	Europe	39.3029	9.2028
quinta-do-conde	Azeitão	Europe	38.5192	-9.0139
radebeul	Coswig	Europe	51.1320	13.5831
rapperswil	Einsiedeln	Europe	47.1285	8.7474
rapperswil	Jona	Europe	47.2298	8.8388
ravensburg	Weingarten	Europe	47.8101	9.6386
reading	Lower Earley	Europe	51.4271	-0.9198
recklinghausen	Herten	Europe	51.5964	7.1439
recklinghausen	Oer-Erkenschwick	Europe	51.6420	7.2645
redcar	Guisborough	Europe	54.5348	-1.0561
redhill	Caterham	Europe	51.2823	-0.0789
redhill	Reigate	Europe	51.2374	-0.2058
redruth	Camborne	Europe	50.2131	-5.2973
reinbek	Bergedorf	Europe	53.4846	10.2290
reinbek	Glinde	Europe	53.5405	10.2130
remscheid	Wermelskirchen	Europe	51.1397	7.2158
rennes	Cesson-Sévigné	Europe	48.1212	-1.6030
reutlingen	Metzingen	Europe	48.5369	9.2833
reutlingen	Pfullingen	Europe	48.4646	9.2280
reykjavik	Kópavogur	Europe	64.1123	-21.9130
rheinfelden	Schopfheim	Europe	47.6510	7.8209
rho	Arese	Europe	45.5505	9.0774
rho	Bareggio	Europe	45.4793	8.9979
rho	Cornaredo	Europe	45.5013	9.0268
rho	Garbagnate Milanese	Europe	45.5744	9.0754
rho	Lainate	Europe	45.5718	9.0268
rhondda	Aberdare	Europe	51.7144	-3.4492
rhondda	Tonypandy	Europe	51.6220	-3.4554
rhyl	Prestatyn	Europe	53.3375	-3.4078
ribeira	A Estrada	Europe	42.6891	-8.4884
riccione	Cattolica	Europe	43.9618	12.7363
rickmansworth	Chalfont Saint Peter	Europe	51.6088	-0.5562
ridderkerk	Barendrecht	Europe	51.8567	4.5347
ridderkerk	Groot IJsselmonde	Europe	51.8826	4.5494
ridderkerk	Hendrik-Ido-Ambacht	Europe	51.8442	4.6389
rietberg	Verl	Europe	51.8833	8.5167
riga	Dārzciems	Europe	56.9456	24.1746
riga	Mārupe	Europe	56.9054	24.0511
rijssen	Nijverdal	Europe	52.3600	6.4681
rimini	Bellaria-Igea Marina	Europe	44.1425	12.4715
rinteln	Bückeburg	Europe	52.2606	9.0494
rivne	Zdolbuniv	Europe	50.5221	26.2482
rivoli	Alpignano	Europe	45.0935	7.5239
rivoli	Collegno	Europe	45.0787	7.5674
rivoli	Grugliasco	Europe	45.0652	7.5795
rivoli	Orbassano	Europe	45.0055	7.5381
rivoli	Piossasco	Europe	44.9880	7.4601
rochdale	Heywood	Europe	53.5924	-2.2194
rochdale	Middleton	Europe	53.5500	-2.2000
rodgau	Babenhausen	Europe	49.9652	8.9513
rodgau	Obertshausen	Europe	50.0714	8.8512
rodgau	Seligenstadt	Europe	50.0432	8.9739
rome	Casal Bertone	Europe	41.8982	12.5341
rome	Casal de' Pazzi	Europe	41.9288	12.5658
rome	Esquilino	Europe	41.8993	12.5139
roquetas-de-mar	Vícar	Europe	36.8316	-2.6427
rosenheim	Kolbermoor	Europe	47.8496	12.0670
rosignano-marittimo	Rosignano Solvay-Castiglioncello	Europe	43.3895	10.4361
rosrath	Lohmar	Europe	50.8387	7.2140
rossendale	Haslingden	Europe	53.7033	-2.3238
rossendale	Rawtenstall	Europe	53.7008	-2.2844
rostock	Kröpeliner-Tor-Vorstadt	Europe	54.0885	12.1154
rotherham	Mexborough	Europe	53.4939	-1.2924
rotherham	Rawmarsh	Europe	53.4606	-1.3444
rotherham	Wath upon Dearne	Europe	53.5029	-1.3458
rotterdam	Schiebroek	Europe	51.9584	4.4712
rottweil	Trossingen	Europe	48.0767	8.6441
roubaix	Croix	Europe	50.6785	3.1493
roubaix	Tourcoing	Europe	50.7239	3.1612
roubaix	Wasquehal	Europe	50.6704	3.1338
roubaix	Wattrelos	Europe	50.7012	3.2181
rouen	Canteleu	Europe	49.4406	1.0246
rouen	Le Petit-Quevilly	Europe	49.4134	1.0615
rouen	Mont-Saint-Aignan	Europe	49.4631	1.0936
rouen	Sotteville-lès-Rouen	Europe	49.4097	1.0900
royal-leamington-spa	Kenilworth	Europe	52.3496	-1.5828
royal-tunbridge-wells	Crowborough	Europe	51.0610	0.1634
rozzano	Cesano Boscone	Europe	45.4421	9.0945
rozzano	Corsico	Europe	45.4310	9.1109
rozzano	Romano Banco	Europe	45.4231	9.1071
rozzano	Trezzano sul Naviglio	Europe	45.4221	9.0634
ruislip	Pinner	Europe	51.5938	-0.3822
ruislip	South Ruislip	Europe	51.5552	-0.4087
ruislip	Uxbridge	Europe	51.5489	-0.4821
rumia	Reda	Europe	54.6053	18.3472
ruse	Giurgiu	Europe	43.8866	25.9627
russelsheim-am-main	Flörsheim	Europe	50.0131	8.4278
russelsheim-am-main	Groß-Gerau	Europe	49.9214	8.4825
russelsheim-am-main	Hochheim am Main	Europe	50.0144	8.3522
saalfeld	Rudolstadt	Europe	50.7204	11.3405
saarlouis	Dillingen	Europe	49.3556	6.7278
saarlouis	Wadgassen	Europe	49.2667	6.7833
sabadell	Barberà del Vallès	Europe	41.5159	2.1246
sabadell	Castellar del Vallès	Europe	41.6167	2.0833
sabadell	Ripollet	Europe	41.4969	2.1574
sabadell	Sant Quirze del Vallès	Europe	41.5333	2.0833
sagunto	Grao de Murviedro	Europe	39.6417	-0.2389
sagunto	Puçol	Europe	39.6167	-0.3000
saint-denis-(fr)	Aubervilliers	Europe	48.9167	2.3833
saint-denis-(fr)	Clichy	Europe	48.9002	2.3095
saint-denis-(fr)	Deuil-la-Barre	Europe	48.9767	2.3272
saint-denis-(fr)	Gennevilliers	Europe	48.9333	2.3000
saint-denis-(fr)	La Courneuve	Europe	48.9280	2.3963
saint-denis-(fr)	Pierrefitte-sur-Seine	Europe	48.9669	2.3610
saint-denis-(fr)	Saint-Ouen	Europe	48.9065	2.3334
saint-denis-(fr)	Stains	Europe	48.9500	2.3833
saint-denis-(fr)	Villeneuve-la-Garenne	Europe	48.9393	2.3148
saint-denis-(fr)	Épinay-sur-Seine	Europe	48.9535	2.3151
saint-etienne-du-rouvray	Le Grand-Quevilly	Europe	49.4008	1.0458
saint-germain-en-laye	Achères	Europe	48.9612	2.0688
saint-germain-en-laye	Carrières-sous-Poissy	Europe	48.9495	2.0407
saint-germain-en-laye	Le Pecq	Europe	48.8932	2.1037
saint-germain-en-laye	Le Vésinet	Europe	48.8928	2.1331
saint-germain-en-laye	Maisons-Laffitte	Europe	48.9526	2.1452
saint-germain-en-laye	Marly-le-Roi	Europe	48.8667	2.0833
saint-germain-en-laye	Montesson	Europe	48.9092	2.1375
saint-germain-en-laye	Poissy	Europe	48.9290	2.0495
saint-herblain	Bouguenais	Europe	47.1794	-1.6247
saint-herblain	Couëron	Europe	47.2147	-1.7245
saint-medard-en-jalles	Blanquefort	Europe	44.9106	-0.6376
saint-medard-en-jalles	Eysines	Europe	44.8844	-0.6514
saint-peters	Broadstairs	Europe	51.3584	1.4419
saint-peters	Ramsgate	Europe	51.3357	1.4180
saint-petersburg	Admiralteisky	Europe	59.9230	30.3000
saint-petersburg	Akademicheskoe	Europe	60.0138	30.3947
saint-petersburg	Centralniy	Europe	59.9311	30.3607
saint-petersburg	Chernaya Rechka	Europe	59.9859	30.3034
saint-petersburg	Finlyandskiy	Europe	59.9682	30.3641
saint-petersburg	Grazhdanka	Europe	60.0170	30.4170
saint-petersburg	Kalininskiy	Europe	59.9967	30.3899
saint-petersburg	Komendantsky aerodrom	Europe	60.0045	30.2752
saint-petersburg	Kupchino	Europe	59.8590	30.3880
saint-petersburg	Petrogradka	Europe	59.9657	30.3115
saint-petersburg	Sosnovka	Europe	60.0167	30.3500
saint-petersburg	Svetlanovskiy	Europe	60.0028	30.3305
saint-quentin-en-yvelines	Guyancourt	Europe	48.7733	2.0739
saint-quentin-en-yvelines	Montigny-le-Bretonneux	Europe	48.7664	2.0341
saint-quentin-en-yvelines	Saint-Cyr-l'École	Europe	48.7987	2.0681
saint-quentin-en-yvelines	Trappes	Europe	48.7741	2.0178
sale	Altrincham	Europe	53.3875	-2.3485
sale	Hale	Europe	53.3783	-2.3327
sale	Old Trafford	Europe	53.4576	-2.2882
sale	Stretford	Europe	53.4500	-2.3167
sale	Urmston	Europe	53.4485	-2.3542
salou	La Pineda	Europe	41.0770	1.1789
salou	Vila-seca	Europe	41.1112	1.1476
salzburg	Freilassing	Europe	47.8409	12.9811
sama	La Felguera	Europe	43.3075	-5.6909
san-giuliano-milanese	Melegnano	Europe	45.3578	9.3236
san-giuliano-milanese	San Donato Milanese	Europe	45.4105	9.2684
san-giuseppe-vesuviano	Ottaviano	Europe	40.8519	14.4783
san-giuseppe-vesuviano	Terzigno	Europe	40.8040	14.4931
san-javier-(es)	Los Alcázares	Europe	37.7443	-0.8504
san-javier-(es)	Pilar de la Horadada	Europe	37.8659	-0.7926
san-javier-(es)	San Pedro del Pinatar	Europe	37.8357	-0.7910
san-miniato-basso	San Miniato	Europe	43.6795	10.8498
san-pawl-il-baar	Mosta	Europe	35.9094	14.4257
san-severo	Torremaggiore	Europe	41.6889	15.2941
sandnes	Sola	Europe	58.8885	5.6528
sankt-gallen	Herisau	Europe	47.3862	9.2792
sankt-ingbert	Illingen	Europe	49.3736	7.0476
sankt-ingbert	Sulzbach	Europe	49.2988	7.0570
sanlucar-de-barrameda	Chipiona	Europe	36.7366	-6.4370
sant-cugat-del-valles	Cerdanyola del Vallès	Europe	41.4911	2.1408
sant-cugat-del-valles	Rubí	Europe	41.4923	2.0330
sant-vicenc-dels-horts	Molins de Rei	Europe	41.4167	2.0167
sant-vicenc-dels-horts	Sant Boi de Llobregat	Europe	41.3436	2.0366
sant-vicenc-dels-horts	Sant Feliu de Llobregat	Europe	41.3833	2.0500
santa-lucia	San Bartolomé de Tirajana	Europe	27.9248	-15.5733
santa-maria-capua-vetere	Capua	Europe	41.1052	14.2127
santiago-de-compostela	Teo	Europe	42.7950	-8.5480
sao-domingos-de-rana	Carcavelos	Europe	38.6910	-9.3222
sao-domingos-de-rana	Parede	Europe	38.6928	-9.3541
sao-domingos-de-rana	Paço de Arcos	Europe	38.6957	-9.2914
sarcelles	Domont	Europe	49.0278	2.3264
sarcelles	Garges-lès-Gonesse	Europe	48.9679	2.3978
sarcelles	Montmorency	Europe	48.9883	2.3434
sarcelles	Villiers-le-Bel	Europe	49.0087	2.3982
saronno	Caronno Pertusella	Europe	45.5978	9.0463
sassari	Monte Rosello	Europe	40.7354	8.5677
sassuolo	Fiorano	Europe	44.5389	10.8117
sassuolo	Formigine	Europe	44.5727	10.8474
savigny-sur-orge	Athis-Mons	Europe	48.7052	2.3915
savigny-sur-orge	Brétigny-sur-Orge	Europe	48.6114	2.3059
savigny-sur-orge	Grigny	Europe	48.6541	2.3934
savigny-sur-orge	Longjumeau	Europe	48.6931	2.2943
savigny-sur-orge	Morsang-sur-Orge	Europe	48.6618	2.3534
savigny-sur-orge	Saint-Michel-sur-Orge	Europe	48.6348	2.3083
savigny-sur-orge	Sainte-Geneviève-des-Bois	Europe	48.6468	2.3197
savigny-sur-orge	Viry-Châtillon	Europe	48.6721	2.3932
scafati	Angri	Europe	40.7381	14.5707
scafati	Poggiomarino	Europe	40.8011	14.5407
scafati	Pompei	Europe	40.7457	14.4970
scafati	Sant'Antonio Abate	Europe	40.7215	14.5402
schiedam	Rhoon	Europe	51.8575	4.4222
schiedam	Vlaardingen	Europe	51.9125	4.3417
schio	Valdagno	Europe	45.6450	11.2989
schorndorf	Ebersbach an der Fils	Europe	48.7160	9.5236
schwerte	Aplerbeck	Europe	51.4833	7.5500
seevetal	Eißendorf	Europe	53.4522	9.9514
seevetal	Harburg	Europe	53.4606	9.9839
seevetal	Hausbruch	Europe	53.4742	9.8829
selm	Lüdinghausen	Europe	51.7683	7.4438
semiluki	Pridonskoy	Europe	51.6826	39.0676
seraing	Flémalle-Haute	Europe	50.5999	5.4447
seregno	Cesano Maderno	Europe	45.6292	9.1519
seregno	Desio	Europe	45.6183	9.2025
seregno	Meda	Europe	45.6612	9.1534
seregno	Seveso	Europe	45.6467	9.1430
sestroretsk	Kurortnyy	Europe	60.1656	29.9080
sete	Frontignan	Europe	43.4477	3.7552
settimo-torinese	San Mauro Torinese	Europe	45.1036	7.7680
setubal	Palmela	Europe	38.5690	-8.9013
sevastopol	Balaklava	Europe	44.5112	33.5994
severodvinsk	Yagry	Europe	64.5942	39.8103
seville	Camas	Europe	37.4020	-6.0331
shchyolkovo	Fryazino	Europe	55.9613	38.0464
shchyolkovo	Ivanteyevka	Europe	55.9711	37.9208
shebekino	Gorod Shebekino	Europe	50.4167	36.9167
sheffield	Burngreave	Europe	53.3930	-1.4579
sheffield	Chapeltown	Europe	53.4651	-1.4722
sheffield	Fulwood	Europe	53.3500	-1.5500
sheffield	Nether Edge	Europe	53.3593	-1.4876
shepherds-bush	Acton	Europe	51.5090	-0.2762
shepherds-bush	Barnes	Europe	51.4735	-0.2484
shepherds-bush	Bayswater	Europe	51.5112	-0.1843
shepherds-bush	Chiswick	Europe	51.4927	-0.2580
shepherds-bush	Ealing Common	Europe	51.5069	-0.2955
shepherds-bush	Earlsfield	Europe	51.4439	-0.1854
shepherds-bush	Fulham	Europe	51.4803	-0.1993
shepherds-bush	Notting Hill	Europe	51.5115	-0.2059
shepherds-bush	Putney	Europe	51.4607	-0.2181
shepherds-bush	Roehampton	Europe	51.4517	-0.2439
sheptytskyi	Sokal	Europe	50.4745	24.2809
sibiu	Cisnădie	Europe	45.7167	24.1500
siegen	Netphen	Europe	50.9167	8.1000
siegen	Wilnsdorf	Europe	50.8167	8.1000
sindelfingen	Böblingen	Europe	48.6821	9.0117
sint-niklaas	Bornem	Europe	51.0972	4.2436
sint-niklaas	Hamme	Europe	51.0982	4.1371
sint-niklaas	Sint-Gillis-Waas	Europe	51.2191	4.1237
sint-niklaas	Temse	Europe	51.1279	4.2137
sintra	Algueirão	Europe	38.7976	-9.3437
sitges	Sant Pere de Ribes	Europe	41.2604	1.7739
sittard	Geleen	Europe	50.9742	5.8292
siverskodonetsk	Lysychansk	Europe	48.9121	38.4209
six-fours-les-plages	Sanary-sur-Mer	Europe	43.1198	5.8015
skopje	Butel	Europe	42.0308	21.4467
skopje	Gjorče Petro	Europe	42.0078	21.3531
skopje	Saraj	Europe	42.0000	21.3278
skopje	Čair	Europe	42.0153	21.4411
skopje	Šuto Orizare	Europe	42.0400	21.4250
slavgorod	Yarovoye	Europe	52.9266	78.5751
slough	Gerrards Cross	Europe	51.5861	-0.5554
sochi	Dagomys	Europe	43.6697	39.6686
soest-(nl)	Baarn	Europe	52.2117	5.2875
solihull	Acocks Green	Europe	52.4500	-1.8167
solingen	Burscheid	Europe	51.0847	7.1139
solingen	Haan	Europe	51.1938	7.0133
sollentuna	Bromma	Europe	59.3400	17.9400
sollentuna	Rinkeby	Europe	59.3871	17.9275
sollentuna	Råsunda	Europe	59.3659	17.9957
sollentuna	Sundbyberg	Europe	59.3613	17.9711
sollentuna	Tensta	Europe	59.3939	17.9011
somma-vesuviana	Sant'Anastasia	Europe	40.8684	14.4020
sopot	Osowa	Europe	54.4311	18.4673
sopot	Przymorze Wielkie	Europe	54.4117	18.5984
sorokyne	Otamanivka	Europe	48.3459	39.6523
sorokyne	Sukhodilsk	Europe	48.3508	39.7257
sosnowiec	Będzin	Europe	50.3261	19.1257
sosnowiec	Czeladź	Europe	50.3154	19.0782
south-benfleet	Canvey Island	Europe	51.5220	0.5809
south-benfleet	Hadleigh	Europe	51.5527	0.6098
south-benfleet	Rayleigh	Europe	51.5857	0.6046
south-benfleet	Wickford	Europe	51.6110	0.5233
south-shields	Jarrow	Europe	54.9804	-1.4842
south-shields	North Shields	Europe	55.0165	-1.4492
south-shields	Tynemouth	Europe	55.0179	-1.4256
south-shields	Whitley Bay	Europe	55.0397	-1.4471
southampton	Hythe	Europe	50.8600	-1.4016
southend-on-sea	Rochford	Europe	51.5820	0.7067
southport	Formby	Europe	53.5584	-3.0700
speyer	Schifferstadt	Europe	49.3842	8.3775
speyer	Waghäusel	Europe	49.2499	8.5126
spijkenisse	Hoogvliet	Europe	51.8633	4.3625
spijkenisse	Oud-Beijerland	Europe	51.8242	4.4125
split	Solin	Europe	43.5432	16.4931
springe	Bad Münder am Deister	Europe	52.1955	9.4642
st-helens	Haydock	Europe	53.4672	-2.6817
staines	Chertsey	Europe	51.3881	-0.5078
staines	Egham	Europe	51.4316	-0.5524
staines	Weybridge	Europe	51.3718	-0.4597
stalowa-wola	Nisko	Europe	50.5199	22.1397
staryy-malgobek	Malgobek	Europe	43.5112	44.5905
stockholm	Kungsholmen	Europe	59.3318	18.0412
stockholm	Lidingö	Europe	59.3667	18.1333
stockholm	Nacka	Europe	59.3105	18.1637
stockholm	Solna	Europe	59.3600	18.0009
stockholm	Södermalm	Europe	59.3128	18.0758
stockholm	Vasastaden	Europe	59.3500	18.0333
stockholm	Årsta	Europe	59.2978	18.0514
stockholm	Östermalm	Europe	59.3388	18.0849
stockport	Bramhall	Europe	53.3580	-2.1654
stockport	Bredbury	Europe	53.4167	-2.1167
stockport	Cheadle Hulme	Europe	53.3761	-2.1897
stockport	Hazel Grove	Europe	53.3833	-2.1167
stodulky	Košíře	Europe	50.0671	14.3633
stodulky	Řepy	Europe	50.0706	14.3005
stoke-on-trent	Longton	Europe	52.9833	-2.1333
stoke-on-trent	Newcastle under Lyme	Europe	53.0000	-2.2333
stolberg	Eschweiler	Europe	50.8185	6.2718
strasbourg	Bischheim	Europe	48.6161	7.7534
strasbourg	Kehl	Europe	48.5730	7.8152
strasbourg	Schiltigheim	Europe	48.6075	7.7493
stratford	Bethnal Green	Europe	51.5272	-0.0611
stratford	Blackwall	Europe	51.5097	-0.0016
stratford	Bow	Europe	51.5261	-0.0167
stratford	Brockley	Europe	51.4637	-0.0365
stratford	Canary Wharf	Europe	51.5052	-0.0209
stratford	Canning Town	Europe	51.5136	0.0195
stratford	Greenwich	Europe	51.4778	-0.0118
stratford	Limehouse	Europe	51.5141	-0.0328
stratford	New Cross	Europe	51.4753	-0.0384
stratford	Shadwell	Europe	51.5114	-0.0566
stratford	Stepney	Europe	51.5175	-0.0429
stratford	West Ham	Europe	51.5333	0.0167
stuttgart	Korntal	Europe	48.8322	9.1214
stuttgart	Stuttgart Feuerbach	Europe	48.8087	9.1572
stuttgart	Stuttgart-Ost	Europe	48.7836	9.2103
sueca	Cullera	Europe	39.1667	-0.2500
sumy	Kovpakivskyi	Europe	50.9251	34.7948
sumy	Zarichnyi	Europe	50.9038	34.8093
sunderland	Seaham	Europe	54.8390	-1.3458
sunzha	Nesterovskaya	Europe	43.2386	45.0503
sunzha	Troitskaya	Europe	43.3066	44.9840
sutton	Banstead	Europe	51.3223	-0.2069
sutton	Carshalton	Europe	51.3683	-0.1676
sutton	Coulsdon	Europe	51.3200	-0.1409
sutton	Ewell	Europe	51.3495	-0.2494
sutton	Mitcham	Europe	51.4032	-0.1683
sutton	Morden	Europe	51.3982	-0.1984
sutton	New Malden	Europe	51.4006	-0.2617
sutton	Wallington	Europe	51.3640	-0.1537
sutton	Wimbledon	Europe	51.4221	-0.2081
sutton	Worcester Park	Europe	51.3799	-0.2445
sutton-coldfield	Washwood Heath	Europe	52.5005	-1.8266
svishtov	Zimnicea	Europe	43.6564	25.3645
swansea	Clydach	Europe	51.6833	-3.9000
swansea	Gorseinon	Europe	51.6693	-4.0416
swiecie	Chełmno	Europe	53.3486	18.4251
swords	Donaghmede	Europe	53.3984	-6.1618
swords	Malahide	Europe	53.4508	-6.1544
szczecin	Drzetowo-Grabowo	Europe	53.4489	14.5792
szczecin	Świerczewo	Europe	53.4273	14.5130
szeged	Újszeged	Europe	46.2475	20.1657
taastrup	Albertslund	Europe	55.6569	12.3638
taastrup	Vallensbæk	Europe	55.6220	12.3851
taby	Danderyd	Europe	59.4040	18.0238
tallaght	Lucan	Europe	53.3574	-6.4486
tallaght	South Dublin	Europe	53.2903	-6.3415
tallaght	Templeogue	Europe	53.2953	-6.3089
tallinn	Kesklinn	Europe	59.4355	24.7575
tallinn	Kristiine	Europe	59.4150	24.7092
tallinn	Mustamäe	Europe	59.4048	24.6812
tallinn	Nõmme	Europe	59.3776	24.6859
tallinn	Pirita	Europe	59.4690	24.8380
tallinn	Põhja-Tallinn	Europe	59.4490	24.6981
tampere	Hervanta	Europe	61.4479	23.8530
tampere	Pohjois-Hervanta	Europe	61.4535	23.8474
taranto	Paolo VI	Europe	40.5222	17.2740
targowek	Marki	Europe	52.3207	21.1047
targowek	Praga Południe	Europe	52.2442	21.0855
targowek	Ząbki	Europe	52.2927	21.1054
tatabanya	Tata	Europe	47.6529	18.3184
taverny	Herblay-sur-Seine	Europe	48.9899	2.1699
taverny	Montigny-lès-Cormeilles	Europe	48.9820	2.2003
taverny	Saint-Leu-la-Forêt	Europe	49.0167	2.2500
telford	Ryton	Europe	52.6167	-2.3500
terlizzi	Ruvo di Puglia	Europe	41.1176	16.4842
terneuzen	Borssele	Europe	51.4233	3.7347
tetovo	Bogovinje	Europe	41.9224	20.9153
tetovo	Brvenica	Europe	41.9671	20.9809
tetovo	Kamenjane	Europe	41.9457	20.9289
the-hague	Scheveningen	Europe	52.1046	4.2756
the-hague	Voorburg	Europe	52.0742	4.3597
thessaloniki	Efkarpía	Europe	40.6880	22.9535
thessaloniki	Elefthério - Kordelió	Europe	40.6639	22.8969
thessaloniki	Neapoli	Europe	40.6532	22.9416
thessaloniki	Oraiókastro	Europe	40.7308	22.9172
thessaloniki	Políchni	Europe	40.6667	22.9488
thessaloniki	Stavroúpoli	Europe	40.6694	22.9381
thessaloniki	Sykiés	Europe	40.6494	22.9508
thessaloniki	Évosmos	Europe	40.6706	22.9083
thionville	Hayange	Europe	49.3288	6.0628
thionville	Yutz	Europe	49.3557	6.1926
thornton-cleveleys	Poulton-le-Fylde	Europe	53.8333	-2.9833
thun	Steffisburg	Europe	46.7781	7.6325
tilburg	Goirle	Europe	51.5208	5.0667
torre-annunziata	Boscoreale	Europe	40.7727	14.4812
torre-del-greco	Cercola	Europe	40.8604	14.3573
torre-del-greco	Ercolano	Europe	40.8078	14.3501
torre-del-greco	Portici	Europe	40.8156	14.3372
torre-del-greco	San Giorgio a Cremano	Europe	40.8326	14.3416
torrejon-de-ardoz	Mejorada del Campo	Europe	40.3928	-3.4819
torrent	Alaquàs	Europe	39.4557	-0.4610
totana	Alhama de Murcia	Europe	37.8510	-1.4251
totton	Romsey	Europe	50.9891	-1.4999
toulon	La Seyne-sur-Mer	Europe	43.1032	5.8782
toulouse	Balma	Europe	43.6111	1.4994
tours	Joué-lès-Tours	Europe	47.3491	0.6651
tours	Saint-Avertin	Europe	47.3636	0.7399
tours	Saint-Cyr-sur-Loire	Europe	47.4000	0.6667
tours	Saint-Pierre-des-Corps	Europe	47.3862	0.7485
trapani	Casa Santa	Europe	38.0251	12.5484
traun	Ansfelden	Europe	48.2097	14.2900
tres-cantos	El Goloso	Europe	40.5534	-3.6997
treviso	Lancenigo-Villorba	Europe	45.7129	12.2570
trier	Konz	Europe	49.7004	6.5765
triggiano	Adelfia	Europe	41.0033	16.8721
triggiano	Noicattaro	Europe	41.0345	16.9896
triggiano	Rutigliano	Europe	41.0100	17.0056
triggiano	Valenzano	Europe	41.0438	16.8849
troisdorf	Sankt Augustin	Europe	50.7754	7.1970
troisdorf	Siegburg	Europe	50.8002	7.2077
trollhattan	Vänersborg	Europe	58.3807	12.3234
tromso	Tromsdalen	Europe	69.6500	19.0167
trowbridge	Melksham	Europe	51.3728	-2.1400
trowbridge	Westbury	Europe	51.2600	-2.1875
tula	Kosaya Gora	Europe	54.1190	37.5446
tumba	Tullinge	Europe	59.2000	17.9000
turin	Barriera di Milano	Europe	45.0923	7.6940
turin	Borgo San Paolo	Europe	45.0602	7.6445
turin	Cenisia	Europe	45.0688	7.6505
turin	Circoiscrizione I	Europe	45.0664	7.6868
turin	Circoiscrizione II	Europe	45.0501	7.6405
turin	Circoiscrizione III	Europe	45.0628	7.6307
turin	Circoiscrizione VI	Europe	45.1022	7.7003
turin	Circoiscrizione VII	Europe	45.0782	7.6972
turin	Circoiscrizione VIII	Europe	45.0379	7.6717
turin	Mirafiori Nord	Europe	45.0425	7.6276
turin	San Donato	Europe	45.0820	7.6649
turin	San Salvario	Europe	45.0529	7.6798
turku	Raisio	Europe	60.4859	22.1689
turnhout	Beerse	Europe	51.3193	4.8530
tychy	Mikołów	Europe	50.1710	18.9041
uden	Veghel	Europe	51.6167	5.5486
uithoorn	Aalsmeer	Europe	52.2592	4.7597
uithoorn	Mijdrecht	Europe	52.2067	4.8625
ulm	Eselsberg	Europe	48.4098	9.9514
ulm	Klingenstein	Europe	48.4185	9.9081
ulm	Neu-Ulm	Europe	48.3928	10.0111
ulm	Senden	Europe	48.3244	10.0444
unna	Holzwickede	Europe	51.5000	7.6333
unna	Wickede	Europe	51.5337	7.6164
unterschleissheim	Garching	Europe	48.2490	11.6510
unterschleissheim	Neufahrn bei Freising	Europe	48.3159	11.6632
upplands-vasby	Jakobsberg	Europe	59.4227	17.8351
uppsala	Gamla Uppsala	Europe	59.8982	17.6339
ursynow	Kabaty	Europe	52.1301	21.0815
ursynow	Konstancin-Jeziorna	Europe	52.0938	21.1176
uster	Wetzikon	Europe	47.3264	8.7978
utrecht	Maarssen	Europe	52.1392	5.0417
vaasa	Korsholm	Europe	63.1142	21.6822
valdemoro	Ciempozuelos	Europe	40.1591	-3.6210
valdemoro	Seseña	Europe	40.1047	-3.6979
valence	Bourg-lès-Valence	Europe	44.9470	4.8946
valencia-(es)	Alboraya	Europe	39.5000	-0.3500
valencia-(es)	Burjassot	Europe	39.5098	-0.4133
valencia-(es)	Massamagrell	Europe	39.5667	-0.3333
valencia-(es)	Mislata	Europe	39.4752	-0.4183
valencia-(es)	Moncada	Europe	39.5455	-0.3955
valenciennes	Saint-Amand-les-Eaux	Europe	50.4472	3.4308
valladolid	Laguna de Duero	Europe	41.5815	-4.7233
valletta	Birkirkara	Europe	35.8971	14.4611
valletta	Qormi	Europe	35.8760	14.4720
valletta	Sliema	Europe	35.9125	14.5017
valletta	Żabbar	Europe	35.8769	14.5359
vantaa	East Helsinki	Europe	60.2104	25.0829
vantaa	Herttoniemi	Europe	60.1947	25.0354
vantaa	Mellunkylä	Europe	60.2336	25.0995
vantaa	Suurmetsä	Europe	60.2696	25.0540
vantaa	Suutarila	Europe	60.2800	25.0176
vantaa	Vartiokylä	Europe	60.2180	25.0957
vantaa	Viikki	Europe	60.2218	25.0239
varazdin	Čakovec	Europe	46.3844	16.4339
varese	Malnate	Europe	45.7938	8.8810
varna	Asparuhovo	Europe	43.1807	27.8882
vasto	San Salvo	Europe	42.0441	14.7333
vaulx-en-velin	Décines-Charpieu	Europe	45.7687	4.9588
vaulx-en-velin	Rillieux-la-Pape	Europe	45.8167	4.9000
veenendaal	Rhenen	Europe	51.9592	5.5681
velbert	Heiligenhaus	Europe	51.3266	6.9711
velbert	Wülfrath	Europe	51.2820	7.0382
velez-malaga	Torre del Mar	Europe	36.7420	-4.0929
velsen-zuid	Beverwijk	Europe	52.4833	4.6569
velsen-zuid	IJmuiden	Europe	52.4603	4.6105
velsen-zuid	Velserbroek	Europe	52.4328	4.6616
venaria-reale	Barriera di Lanzo	Europe	45.1098	7.6513
venaria-reale	Circoiscrizione IV	Europe	45.0812	7.6319
venaria-reale	Circoiscrizione V	Europe	45.1015	7.6554
venaria-reale	Lucento	Europe	45.1059	7.6556
venaria-reale	Madonna di Campagna	Europe	45.1031	7.6638
venaria-reale	Parella	Europe	45.0801	7.6257
venaria-reale	Pozzo Strada	Europe	45.0684	7.6250
venice	Lido	Europe	45.4105	12.3665
venissieux	Bron	Europe	45.7386	4.9130
venissieux	Lyon 08	Europe	45.7363	4.8687
venissieux	Saint-Fons	Europe	45.7088	4.8533
venissieux	Saint-Priest	Europe	45.6965	4.9439
venlo	Blerick	Europe	51.3717	6.1486
venlo	Tegelen	Europe	51.3442	6.1361
verbania	Pallanza-Intra-Suna	Europe	45.9378	8.5709
verona	San Giovanni Lupatoto	Europe	45.3819	11.0447
versailles	Chaville	Europe	48.8056	2.1886
versailles	La Celle-Saint-Cloud	Europe	48.8503	2.1452
versailles	Le Chesnay	Europe	48.8222	2.1221
versailles	Viroflay	Europe	48.8008	2.1618
versailles	Vélizy-Villacoublay	Europe	48.7820	2.1940
verviers	Herve	Europe	50.6408	5.7935
verviers	Heusy	Europe	50.5746	5.8662
vic	Manlleu	Europe	42.0023	2.2848
vidin	Calafat	Europe	43.9907	22.9333
vidnoye	Biryulëvo	Europe	55.5864	37.6778
vidnoye	Biryulëvo Zapadnoye	Europe	55.5873	37.6458
vidnoye	Brateyevo	Europe	55.6375	37.7644
vidnoye	Kapotnya	Europe	55.6381	37.7931
vidnoye	Mar’ino	Europe	55.6500	37.7167
vidnoye	Orekhovo-Borisovo	Europe	55.6125	37.7264
vidnoye	Orekhovo-Borisovo Severnoye	Europe	55.6167	37.6833
vidnoye	Petrovskaya	Europe	55.5500	37.7833
vidnoye	Tsaritsyno	Europe	55.6254	37.6503
vidnoye	Zagor’ye	Europe	55.5766	37.6671
vidnoye	Zyablikovo	Europe	55.6167	37.7667
vienna	Brigittenau	Europe	48.2428	16.3755
vienna	Donaustadt	Europe	48.2333	16.4600
vienna	Döbling	Europe	48.2500	16.3333
vienna	Favoriten	Europe	48.1612	16.3823
vienna	Floridsdorf	Europe	48.2500	16.4000
vienna	Fünfhaus	Europe	48.1960	16.3183
vienna	Hernals	Europe	48.2254	16.3087
vienna	Landstraße	Europe	48.2019	16.3879
vienna	Margareten	Europe	48.1855	16.3537
vienna	Meidling	Europe	48.1667	16.3333
vienna	Ottakring	Europe	48.2167	16.3000
vienna	Simmering	Europe	48.1833	16.4333
vigo	Cangas do Morrazo	Europe	42.2641	-8.7846
vigo	Moaña	Europe	42.2781	-8.7392
vigo	Nigrán	Europe	42.1415	-8.8066
villenave-d'ornon	Bègles	Europe	44.8076	-0.5514
villenave-d'ornon	Gradignan	Europe	44.7736	-0.6139
villeneuve-d'ascq	Hem	Europe	50.6526	3.1868
villeneuve-d'ascq	Mons-en-Barœul	Europe	50.6333	3.1167
villeneuve-saint-georges	Brunoy	Europe	48.6942	2.4922
villeneuve-saint-georges	Choisy-le-Roi	Europe	48.7685	2.4187
villeneuve-saint-georges	Limeil-Brévannes	Europe	48.7448	2.4870
villeneuve-saint-georges	Montgeron	Europe	48.7054	2.4504
villeneuve-saint-georges	Orly	Europe	48.7479	2.3925
villeneuve-saint-georges	Thiais	Europe	48.7650	2.3961
villeneuve-saint-georges	Vigneux-sur-Seine	Europe	48.7029	2.4136
villeneuve-saint-georges	Villeneuve-le-Roi	Europe	48.7368	2.4008
villeneuve-saint-georges	Yerres	Europe	48.7178	2.4934
vilnius	Antakalnis	Europe	54.7078	25.3171
vilnius	Fabijoniškės	Europe	54.7333	25.2417
vilnius	Justiniškės	Europe	54.7166	25.2174
vilnius	Karoliniškės	Europe	54.6903	25.2190
vilnius	Lazdynai	Europe	54.6681	25.2068
vilnius	Naujamiestis	Europe	54.6795	25.2686
vilnius	Naujininkai	Europe	54.6643	25.2842
vilnius	Pašilaičiai	Europe	54.7343	25.2191
vilnius	Pilaitė	Europe	54.6998	25.1839
vilnius	Vilkpėdė	Europe	54.6697	25.2477
vilnius	Šeškinė	Europe	54.7097	25.2505
vitrolles	Marignane	Europe	43.4173	5.2146
volgograd	Gorodishche	Europe	48.8026	44.4749
volklingen	Forbach	Europe	49.1885	6.8925
volklingen	Heusweiler	Europe	49.3363	6.9304
volklingen	Püttlingen	Europe	49.2855	6.8872
volklingen	Riegelsberg	Europe	49.3000	6.9333
volklingen	Schwalbach	Europe	49.3000	6.8167
voluntari	Pantelimon	Europe	44.4500	26.2000
vostochnoe-degunino	Altuf’yevskiy	Europe	55.8833	37.5833
vostochnoe-degunino	Bibirevo	Europe	55.8833	37.6000
vostochnoe-degunino	Khoroshëvo-Mnevniki	Europe	55.7836	37.4714
vostochnoe-degunino	Kozeyevo	Europe	55.8667	37.6167
vostochnoe-degunino	Leonovo	Europe	55.8500	37.6500
vostochnoe-degunino	Lianozovo	Europe	55.8978	37.5868
vostochnoe-degunino	Likhobory	Europe	55.8500	37.5667
vostochnoe-degunino	Novokhovrino	Europe	55.8667	37.5000
vostochnoe-degunino	Novovladykino	Europe	55.8500	37.5833
vostochnoe-degunino	Severnyy	Europe	55.9358	37.5489
vostochnoe-degunino	Sviblovo	Europe	55.8500	37.6333
vostochnoe-degunino	Vagonoremont	Europe	55.9000	37.5500
vyshhorod	Minskyi Masyv	Europe	50.5181	30.4624
vyshhorod	Mostytskyi Masyv	Europe	50.5023	30.4412
vyshhorod	Priorka	Europe	50.5098	30.4577
vyshhorod	Vitryani Hory	Europe	50.5114	30.4366
vyshhorod	Vyshhorodskyi Masyv	Europe	50.5098	30.4535
vyshneve	Borshchahivka	Europe	50.4316	30.3899
vyshneve	Karavayevi Dachi	Europe	50.4304	30.4366
vyshneve	Mykilska Borshchahivka	Europe	50.4264	30.3744
vyshneve	Pivdenna Borshchahivka	Europe	50.4106	30.4040
vyshneve	Sofiivska Borschahivka	Europe	50.4093	30.3591
vyshneve	Svyatopetrivske	Europe	50.3821	30.3228
vyshneve	Teremky	Europe	50.3705	30.4588
vyshneve	Teremky-II	Europe	50.3807	30.4525
vyshneve	Vidradnyi	Europe	50.4319	30.4223
waalwijk	Loon op Zand	Europe	51.6275	5.0750
wageningen	Bennekom	Europe	51.9983	5.6764
waiblingen	Fellbach	Europe	48.8091	9.2770
waiblingen	Remseck am Neckar	Europe	48.8721	9.2733
waiblingen	Weinstadt-Endersbach	Europe	48.8131	9.3639
wakefield	Lofthouse	Europe	53.7295	-1.4970
walbrzych	Boguszów-Gorce	Europe	50.7551	16.2049
walbrzych	Świebodzice	Europe	50.8597	16.3197
wallasey	Bootle	Europe	53.4667	-3.0167
wallasey	Moreton	Europe	53.4000	-3.1167
walsall	Aldridge	Europe	52.6055	-1.9171
walsall	Bloxwich	Europe	52.6181	-2.0043
walthamstow	Chingford	Europe	51.6303	0.0005
walthamstow	Leytonstone	Europe	51.5686	0.0077
walthamstow	Stamford Hill	Europe	51.5687	-0.0733
walthamstow	Tottenham	Europe	51.6037	-0.0679
walthamstow	Tottenham Hale	Europe	51.5937	-0.0596
walthamstow	Woodford Green	Europe	51.6094	0.0233
warrington	Great Sankey	Europe	53.3923	-2.6399
warrington	Newton-le-Willows	Europe	53.4500	-2.6000
warszawa	Mokotów	Europe	52.1934	21.0349
warszawa	Ochota	Europe	52.2210	20.9853
warszawa	Praga Północ	Europe	52.2544	21.0347
warszawa	Warsaw	Europe	52.2298	21.0118
warszawa	Wola	Europe	52.2348	20.9600
warszawa	Śródmieście	Europe	52.2290	21.0164
warszawa	Żoliborz	Europe	52.2690	20.9864
washington-(gb)	Chester-le-Street	Europe	54.8586	-1.5741
washington-(gb)	Hebburn	Europe	54.9730	-1.5155
wassenaar	Katwijk aan Zee	Europe	52.2033	4.3986
wassenaar	Voorschoten	Europe	52.1275	4.4486
waterlooville	Emsworth	Europe	50.8478	-0.9370
waterlooville	Havant	Europe	50.8567	-0.9856
waterlooville	Hayling Island	Europe	50.7838	-0.9687
waterlooville	South Hayling	Europe	50.7877	-0.9770
watford	Bushey	Europe	51.6432	-0.3605
watford	North Watford	Europe	51.6807	-0.3945
wavre	Louvain-la-Neuve	Europe	50.6683	4.6144
wavre	Overijse	Europe	50.7744	4.5346
wavre	Rixensart	Europe	50.7123	4.5253
wawer	Rembertów	Europe	52.2606	21.1636
wawer	Wesoła	Europe	52.2545	21.2241
wedel	Rissen	Europe	53.5831	9.7571
wegberg	Niederkrüchten	Europe	51.2000	6.2167
wegberg	Schwalmtal	Europe	51.2167	6.2667
welwyn-garden-city	Hatfield	Europe	51.7634	-0.2242
west-bromwich	Smethwick	Europe	52.4927	-1.9674
west-bromwich	Wednesbury	Europe	52.5514	-2.0236
westhoughton	Horwich	Europe	53.6013	-2.5497
widnes	Runcorn	Europe	53.3417	-2.7312
wiehl	Nümbrecht	Europe	50.9043	7.5406
wiehl	Waldbröl	Europe	50.8758	7.6169
wiesbaden	Biebrich	Europe	50.0415	8.2488
wiesbaden	Dotzheim	Europe	50.0744	8.1950
wigan	Ashton in Makerfield	Europe	53.4833	-2.6500
wigan	Golborne	Europe	53.4769	-2.5965
wigan	Hindley	Europe	53.5333	-2.5833
wigston-magna	Evington	Europe	52.6000	-1.0667
wigston-magna	Oadby	Europe	52.6062	-1.0835
wilrijk	Berchem	Europe	51.1902	4.4326
wilrijk	Boom	Europe	51.0924	4.3717
wilrijk	Edegem	Europe	51.1566	4.4450
wilrijk	Kontich	Europe	51.1321	4.4471
wilrijk	Mortsel	Europe	51.1670	4.4513
winterthur	Oberwinterthur (Kreis 2)	Europe	47.5169	8.7686
winterthur	Seen (Kreis 3)	Europe	47.4765	8.7700
winterthur	Stadt Winterthur (Kreis 1)	Europe	47.4949	8.7195
wishaw	Dalserf	Europe	55.7333	-3.9167
wishaw	Larkhall	Europe	55.7333	-3.9667
witham	Maldon	Europe	51.7311	0.6746
witten	Bochum-Werne	Europe	51.4880	7.3122
witten	Langendreer	Europe	51.4602	7.3258
witten	Lütgendortmund	Europe	51.4988	7.3481
witten	Wetter	Europe	51.3875	7.3928
wlochy	Ursus	Europe	52.1952	20.8842
wodzislaw-slaski	Radlin	Europe	50.0502	18.4763
wodzislaw-slaski	Rydułtowy	Europe	50.0586	18.4170
wokingham	Crowthorne	Europe	51.3703	-0.7922
wokingham	Yateley	Europe	51.3430	-0.8298
wolomin	Kobyłka	Europe	52.3395	21.1959
wolomin	Sulejówek	Europe	52.2522	21.2690
wolomin	Zielonka	Europe	52.3038	21.1602
wolverhampton	Wednesfield	Europe	52.5963	-2.0851
wolverhampton	Willenhall	Europe	52.5851	-2.0593
worcester-(gb)	Droitwich	Europe	52.2667	-2.1500
worksop	Dinnington	Europe	53.3667	-1.2000
worthing	Lancing	Europe	50.8288	-0.3225
wrexham	Brymbo	Europe	53.0667	-3.0667
wrexham	Rhosllannerchrugog	Europe	53.0097	-3.0581
wroclaw	Gajowice	Europe	51.0963	17.0020
wroclaw	Gądów-Popowice Południowe	Europe	51.1272	16.9703
wroclaw	Karłowice-Różanka	Europe	51.1367	17.0432
wroclaw	Krzyki-Partynice	Europe	51.0641	17.0019
wroclaw	Nadodrze	Europe	51.1254	17.0307
wroclaw	Osiedle Powstańców Śląskich	Europe	51.0929	17.0206
wroclaw	Ołbin	Europe	51.1213	17.0530
wroclaw	Pilczyce-Kozanów-Popowice Północne	Europe	51.1309	16.9765
wroclaw	Psie Pole	Europe	51.1459	17.0352
wroclaw	Psie Pole Zawidawie	Europe	51.1476	17.1144
wroclaw	Rejon placu Grunwaldzkiego	Europe	51.1167	17.0613
wroclaw	Rejon placu Świętego Macieja	Europe	51.1206	17.0376
yablonovskiy	Enem	Europe	44.9264	38.9058
yeadon	Guiseley	Europe	53.8756	-1.7123
yessentuki	Yessentukskaya	Europe	44.0258	42.8749
ylojarvi	Pirkkala	Europe	61.4612	23.6323
yoshkar-ola	Medvedevo	Europe	56.6340	47.8035
zaanstad	Assendelft	Europe	52.4683	4.7431
zaanstad	Zaandam	Europe	52.4385	4.8264
zagreb	Centar	Europe	45.8131	15.9775
zaragoza	Almozara	Europe	41.6612	-0.9017
zaragoza	Delicias	Europe	41.6493	-0.9076
zaragoza	Montecanal	Europe	41.6296	-0.9387
zaragoza	Oliver-Valdefierro	Europe	41.6445	-0.9335
zaventem	Kortenberg	Europe	50.8898	4.5435
zaventem	Tervuren	Europe	50.8237	4.5142
zavolzh'ye	Gorodets	Europe	56.6550	43.4727
zeist	Bilthoven	Europe	52.1300	5.2014
zeist	Driebergen-Rijsenburg	Europe	52.0533	5.2806
zelino	Tearce	Europe	42.0759	21.0518
zevenaar	Didam	Europe	51.9408	6.1319
zevenaar	Duiven	Europe	51.9467	6.0139
zheleznodorozhnyy	Malakhovka	Europe	55.6478	38.0249
zheleznodorozhnyy	Zarya	Europe	55.7553	38.0958
zhytomyr	Bohuniya	Europe	50.2769	28.6096
zhytomyr	Korolyov	Europe	50.2449	28.7001
zoetermeer	Benthuizen	Europe	52.0775	4.5444
zoetermeer	Bergschenhoek	Europe	51.9900	4.4986
zoetermeer	Berkel en Rodenrijs	Europe	51.9931	4.4787
zoetermeer	Pijnacker	Europe	52.0195	4.4295
zug	Baar	Europe	47.1962	8.5295
zug	Cham	Europe	47.1821	8.4636
zug	Horgen	Europe	47.2598	8.5978
zurich	Opfikon	Europe	47.4317	8.5759
zurich	Zürich (Kreis 10)	Europe	47.4077	8.5005
zurich	Zürich (Kreis 11)	Europe	47.4233	8.5217
zurich	Zürich (Kreis 12)	Europe	47.4037	8.5761
zurich	Zürich (Kreis 2)	Europe	47.3376	8.5211
zurich	Zürich (Kreis 3)	Europe	47.3578	8.5030
zurich	Zürich (Kreis 3) / Sihlfeld	Europe	47.3738	8.5116
zurich	Zürich (Kreis 4) / Aussersihl	Europe	47.3775	8.5213
zurich	Zürich (Kreis 6)	Europe	47.3922	8.5438
zurich	Zürich (Kreis 7)	Europe	47.3733	8.5804
zurich	Zürich (Kreis 9)	Europe	47.3824	8.4799
zurich	Zürich (Kreis 9) / Altstetten	Europe	47.3895	8.4853
zutphen	Brummen	Europe	52.0900	6.1556
zwickau	Crimmitschau	Europe	50.8164	12.3904
zwickau	Glauchau	Europe	50.8199	12.5449
'ajlun	Judita	Middle East	32.4079	35.7080
'ajlun	‘Anjarah	Middle East	32.3067	35.7544
'akra	‘Aqrah	Middle East	36.7604	43.8943
acre	Judeida Makr	Middle East	32.9282	35.1570
adiyaman	Altınşehir	Middle East	37.7412	38.2290
ahvaz	‘Eyn-e Do	Middle East	31.3456	48.6006
ajman	Al Jurf	Middle East	25.4181	55.5079
ajman	Al Ḩamīdīyah	Middle East	25.4000	55.5292
ajman	Ar Rumaylah	Middle East	25.4034	55.4334
al-ahmadi	Al Faḩāḩīl	Middle East	29.0825	48.1303
al-ahmadi	Al Manqaf	Middle East	29.0961	48.1328
al-bab	Tādif	Middle East	36.3481	37.5309
al-farwaniyah	Ar Rābiyah	Middle East	29.2950	47.9331
al-farwaniyah	Janūb as Surrah	Middle East	29.2692	47.9781
al-hufuf	Al Baţţālīyah	Middle East	25.4333	49.6333
al-hufuf	Al Mubarraz	Middle East	25.4077	49.5903
al-hufuf	Al Munayzilah	Middle East	25.3833	49.6667
al-qamishli	Nusaybin	Middle East	37.0703	41.2146
al-qatif	Al ‘Awwāmīyah	Middle East	26.5914	49.9795
al-qatif	Tārūt	Middle East	26.5733	50.0403
al-qatif	‘Inak	Middle East	26.5196	50.0271
alanya	Cikcilli	Middle East	36.5540	32.0296
alanya	Mahmutlar	Middle East	36.4946	32.0909
alanya	Oba	Middle East	36.5501	32.0596
amman	Ḩayy al Quwaysimah	Middle East	31.9104	35.9498
ankara	Etlik	Middle East	39.9821	32.8246
ankara	Çankaya	Middle East	39.9179	32.8627
ankara	İncirli	Middle East	39.9843	32.8432
antakya	Hıdırbey	Middle East	36.2080	36.1279
antakya	Narlıca	Middle East	36.2353	36.2146
ar-rayyan	Farīj al Amīr	Middle East	25.2873	51.4714
ar-rayyan	Madīnat Khalīfah	Middle East	25.3205	51.4779
ar-rayyan	Mu‘aydhir Rawḑat Rāshid	Middle East	25.2617	51.3968
ar-rayyan	Umm Lakhbā	Middle East	25.3416	51.4706
ar-riqqah	Al Finţās	Middle East	29.1739	48.1211
ar-riqqah	Al Mahbūlah	Middle East	29.1450	48.1303
arak	Karahrūd	Middle East	34.0609	49.6446
arakli	Sürmene	Middle East	40.9059	40.1279
ashdod	Gan Yavne	Middle East	31.7874	34.7066
babol	Amīr Kolā	Middle East	36.5967	52.6658
bagcilar	Bahçelievler	Middle East	41.0023	28.8598
bagcilar	Esenler	Middle East	41.0435	28.8762
bagcilar	Güngören Merter	Middle East	41.0071	28.8880
bagcilar	Merter Keresteciler	Middle East	41.0129	28.8859
bagcilar	Zeytinburnu	Middle East	40.9944	28.9042
baghestan	Sa‘īdābād	Middle East	35.6677	51.1858
bam	Baravāt	Middle East	29.0663	58.4046
bandar-e-lengeh	Bandar-e Kong	Middle East	26.5978	54.9369
baqershahr	Shahrak-e ‘Alā’īn	Middle East	35.5823	51.4556
basrah	Al Hārithah	Middle East	30.5848	47.7611
bat-yam	H̱olon	Middle East	32.0103	34.7792
bat-yam	Jaffa	Middle East	32.0504	34.7522
batabo	Ad Dānā	Middle East	36.2125	36.7700
battir	Surif City	Middle East	31.6508	35.0644
bayt-hanina	Ar Rām wa Ḑāḩiyat al Barīd	Middle East	31.8495	35.2342
bayt-hanina	Shu‘fāţ	Middle East	31.8165	35.2274
bayt-hanun	Bayt Lāhyā	Middle East	31.5464	34.4951
beersheba	Tel Sheva‘	Middle East	31.2486	34.8601
beirut	Ra’s Bayrūt	Middle East	33.9000	35.4833
bethlehem-(ps)	Bayt Jālā	Middle East	31.7155	35.1879
buyukcekmece	Gürpınar	Middle East	40.9926	28.6143
buyukcekmece	Mimarsinan	Middle East	41.0149	28.5608
buyukcekmece	Tepecik	Middle East	41.0293	28.5498
chahar-dangeh	Morteẕá Gerd	Middle East	35.6025	51.3496
cigli	Balatçık	Middle East	38.5163	27.0475
cigli	Bostanlı	Middle East	38.4592	27.0973
cigli	Küçükçiğli	Middle East	38.5080	27.0554
cigli	Şemikler	Middle East	38.4750	27.0959
dammam	Sayhāt	Middle East	26.4835	50.0485
darayya	Muadamiyat al-Sham	Middle East	33.4647	36.2017
darayya	Şaḩnāyā	Middle East	33.4253	36.2255
dayr-al-balah	Al Burayj	Middle East	31.4394	34.4031
dayr-al-balah	Al Qarārah	Middle East	31.3739	34.3409
dayr-al-balah	An Nuşayrāt	Middle East	31.4486	34.3925
dayr-al-balah	Az Zuwāydah	Middle East	31.4395	34.3805
denizli	Merkezefendi	Middle East	37.8054	29.0424
derince	Gölcük	Middle East	40.7150	29.8182
derince	Körfez	Middle East	40.7670	29.7828
dibba-al-fujairah	Dibba Al-Hisn	Middle East	25.6196	56.2729
dimona	‘Ar‘ara BaNegev	Middle East	31.1605	35.0227
doha	Al Ghānim	Middle East	25.2799	51.5404
doha	Al Hilāl al Gharbīyah	Middle East	25.2586	51.5310
doha	Al Maţār al ‘Atīq	Middle East	25.2514	51.5557
doha	Al ‘Unayzah	Middle East	25.3376	51.5095
doha	An Najmah	Middle East	25.2670	51.5432
doha	As Sadd	Middle East	25.2862	51.5007
doha	As Sulţah al Jadīdah	Middle East	25.2604	51.5140
doha	Ath Thumāmah Khamsūn	Middle East	25.2196	51.5532
doha	Ath Thumāmah Sab‘ah wa Arba‘ūn	Middle East	25.2390	51.5633
doha	Ath Thumāmah Sittah wa Arba‘ūn	Middle East	25.2340	51.5405
doha	Farīj Kulayb	Middle East	25.3131	51.4929
doha	Nu‘ayjah	Middle East	25.2462	51.5323
dorcheh-piaz	Abrīsham	Middle East	32.5561	51.5733
dowlatabad	Dastgerd	Middle East	32.8021	51.6636
dowlatabad	Gaz-e Borkhar	Middle East	32.8048	51.6209
dowlatabad	Khowrzūq	Middle East	32.7780	51.6469
dubai	Al Bada'a	Middle East	25.2246	55.2689
dubai	Al Karama	Middle East	25.2400	55.3011
dubai	Al Murar al Qadīm	Middle East	25.2758	55.3074
dubai	Al Muteena	Middle East	25.2737	55.3227
dubai	Al Wasl	Middle East	25.1988	55.2557
dubai	As Saţwah	Middle East	25.2219	55.2746
dubai	Business Bay	Middle East	25.1854	55.2697
dubai	Dayrah	Middle East	25.2714	55.3021
dubai	Dubai International Financial Centre	Middle East	25.2106	55.2779
dubai	Jumayrā	Middle East	25.2080	55.2497
dubai	Mankhūl	Middle East	25.2461	55.2922
dubai	Nāyf	Middle East	25.2714	55.3032
duma	Ḩarastā	Middle East	33.5587	36.3651
duma	‘Irbīn	Middle East	33.5372	36.3663
eqbaliyeh	Maḩmūdābād Nemūneh	Middle East	36.2897	49.9014
esenyurt	Beylikdüzü	Middle East	40.9820	28.6399
esenyurt	Yakuplu	Middle East	40.9889	28.6758
eslamshahr	Ṣāleḥīeh	Middle East	35.5053	51.1914
falavarjan	Kelīshād va Sūdarjān	Middle East	32.5512	51.5276
ferdowsiyeh	Shāhedshahr	Middle East	35.5729	51.0850
gaza	Jabālyā	Middle East	31.5272	34.4835
goldasht	Qahderījān	Middle East	32.5773	51.4537
hafar-al-batin	King Faisal Military City	Middle East	28.4500	45.9667
haifa	Nesher	Middle East	32.7662	35.0442
harir	Khalīfān	Middle East	36.6087	44.4048
hebron	Banī Na‘īm	Middle East	31.5159	35.1642
hebron	Dūrā	Middle East	31.5078	35.0293
hebron	Sa‘īr	Middle East	31.5785	35.1402
hebron	Ḩalḩūl	Middle East	31.5803	35.1018
herzliya	Ramat HaSharon	Middle East	32.1461	34.8394
irbid	Aydūn	Middle East	32.5053	35.8581
iskenderun	Denizciler	Middle East	36.6411	36.2142
istanbul	Eminönü	Middle East	41.0175	28.9710
istanbul	Fatih	Middle East	41.0225	28.9408
istanbul	Üsküdar	Middle East	41.0227	29.0137
istgah-e-rah-ahan-e-garmsar	Garmsār	Middle East	35.2182	52.3409
izmir	Karabağlar	Middle East	38.3820	27.1320
izmir	Karşıyaka	Middle East	38.4577	27.1142
izmir	Konak	Middle East	38.4000	27.1000
jamjamal	Shūrash	Middle East	35.5156	44.8427
janin	Al Yāmūn	Middle East	32.4856	35.2301
janin	Qabāţīyah	Middle East	32.4104	35.2809
jaramana	Babīlā	Middle East	33.4710	36.3308
jaramana	al-Yarmūk	Middle East	33.4699	36.3018
jebel-ali	Al Furjan	Middle East	25.0265	55.1457
jebel-ali	Dubai Investments Park	Middle East	25.0083	55.1568
jerusalem	East Jerusalem	Middle East	31.7834	35.2339
jerusalem	Giv`at H̱ananya	Middle East	31.7667	35.2333
jerusalem	Mevasseret Tsiyyon	Middle East	31.8019	35.1507
jerusalem	Old City	Middle East	31.7767	35.2342
jerusalem	Qiryat HaYovel	Middle East	31.7667	35.1667
jerusalem	West Jerusalem	Middle East	31.7820	35.2196
kalba	Ţarīf Kalbā	Middle East	25.0695	56.3312
kamalshahr	Chahārbāgh	Middle East	35.8389	50.8481
kamalshahr	Malekābād	Middle East	35.8164	50.8228
karabuk	Safranbolu	Middle East	41.2508	32.6942
karasu-mahallesi	Kocaali	Middle East	41.0534	30.8528
karmi'el	Majd el Kurūm	Middle East	32.9209	35.2544
karmi'el	Sakhnīn	Middle East	32.8651	35.2977
karmi'el	Yirkā	Middle East	32.9543	35.2120
kayseri	Hacılar	Middle East	38.6463	35.4494
kestel	Gürsu	Middle East	40.2188	29.1949
kfar-saba	Hod HaSharon	Middle East	32.1593	34.8932
kfar-saba	Ra'anana	Middle East	32.1836	34.8739
khalis	Habhab	Middle East	33.7841	44.5066
khan-shaykhun	Kafr Zaytā	Middle East	35.3743	36.6033
khan-yunis	Banī Suhaylā	Middle East	31.3434	34.3234
khan-yunis	‘Abasān al Kabīrah	Middle East	31.3191	34.3400
khobar	Thuqbah	Middle East	26.2602	50.2049
kumru	Korgan	Middle East	40.8247	37.3467
kuwait-city	Ad Dasmah	Middle East	29.3650	48.0014
kuwait-city	Ḩawallī	Middle East	29.3328	48.0286
langarud	Amlash	Middle East	37.0966	50.1871
lod	Ramla	Middle East	31.9262	34.8635
lod	Shoham	Middle East	31.9987	34.9456
ma'ale-adummim	Al ‘Ayzarīyah	Middle East	31.7708	35.2692
madinah	Sulţānah	Middle East	24.4926	39.5857
madinat-'isa	Ar Rifā‘	Middle East	26.1300	50.5550
madinat-hamad	Dār Kulayb	Middle East	26.0686	50.5039
mahdasht	Ṣafādasht	Middle East	35.6924	50.8483
malatya	Yakınca	Middle East	38.3053	38.2383
manama	Al Muharraq	Middle East	26.2572	50.6119
manama	Jidd Ḩafş	Middle East	26.2186	50.5478
marj-al-hamam	Umm as Summāq	Middle East	31.8854	35.8543
mashhad	Gorjī-ye Soflá	Middle East	36.3564	59.6600
minudasht	Gālīkesh	Middle East	37.2726	55.4339
mobarakeh	Dīzīcheh	Middle East	32.3875	51.5102
modi'in-makkabbim-re'ut	Modiin Ilit	Middle East	31.9322	35.0442
mohammad-shahr	Meshkīn Dasht	Middle East	35.7499	50.9438
mohammad-shahr	Shahrak-e Mohandesī-ye Zerā‘ī	Middle East	35.7720	50.9560
mohammadiyeh	Bīdestān	Middle East	36.2310	50.1236
mosul	Al Mawşil al Jadīdah	Middle East	36.3327	43.1056
muscat	Bawshar	Middle East	23.5777	58.3998
nabatiye-et-tahta	Habboûch	Middle East	33.4075	35.4818
nablus	Balāţah	Middle East	32.2121	35.2856
nasimshahr	Golestān	Middle East	35.5183	51.1819
nasimshahr	Khabarābād	Middle East	35.5426	51.1481
nasimshahr	Nasir Abaad	Middle East	35.6102	51.1611
nasimshahr	Nasīm Shahr	Middle East	35.5650	51.1633
nasimshahr	Ovrīn	Middle East	35.5477	51.1282
nasimshahr	Şabbāshahr	Middle East	35.5803	51.1139
nazareth	Ar Rayna	Middle East	32.7222	35.3156
nazareth	Kafr Kannā	Middle East	32.7466	35.3424
nazareth	Migdal Ha‘Emeq	Middle East	32.6779	35.2416
nazareth	Naẕerat ‘Illit	Middle East	32.7082	35.3247
nazareth	Yāfā	Middle East	32.6892	35.2783
netanya	Kadima Zoran	Middle East	32.2778	34.9194
netanya	Kfar Yona	Middle East	32.3167	34.9351
or-yehuda	Kiryat Ono	Middle East	32.0612	34.8562
or-yehuda	Yehud	Middle East	32.0332	34.8909
or-yehuda	Yehud-Monosson	Middle East	32.0284	34.8796
pakdasht	Ferūnābād	Middle East	35.5156	51.6232
pakdasht	Mojtame‘-e Maskūnī-ye Nāmjū	Middle East	35.4723	51.7240
pakdasht	Qīāmdasht	Middle East	35.5237	51.6505
pardes-hanna-karkur	Binyamina-Giv'at Ada	Middle East	32.5182	34.9540
pardes-hanna-karkur	Binyamina-Giv‘at ‘Ada	Middle East	32.5230	34.9449
pardes-hanna-karkur	Kafr Qari‘	Middle East	32.5053	35.0521
pardes-hanna-karkur	Or Akiva	Middle East	32.5064	34.9209
pardes-hanna-karkur	Zikhron Ya‘aqov	Middle East	32.5688	34.9543
petah-tiqva	Ganei Tikva	Middle East	32.0597	34.8732
petah-tiqva	Giv'at Shmuel	Middle East	32.0782	34.8486
qalqilyah	Eṭ Ṭīra	Middle East	32.2341	34.9502
qiryat-ata	Qiryat Bialik	Middle East	32.8275	35.0858
qiryat-ata	Qiryat Motsqin	Middle East	32.8371	35.0776
qiryat-ata	Qiryat Tiv‘on	Middle East	32.7122	35.1251
qiryat-ata	Qiryat Yam	Middle East	32.8497	35.0697
qods	Garmdarreh	Middle East	35.7480	51.0686
ramallah	Al Bīrah	Middle East	31.9100	35.2165
ramallah	‘Aţārūt	Middle East	31.8667	35.2167
ramsar	Katālem va Sādāt Shahr	Middle East	36.8888	50.6964
ras-tanura	Raḩīmah	Middle East	26.7079	50.0619
rehovot	Be’er Ya‘aqov	Middle East	31.9386	34.8375
rehovot	Ness Ziona	Middle East	31.9293	34.7987
riyad-al-khabra'	Al Khabrā’	Middle East	26.0718	43.6250
riyadh	‘Irqah	Middle East	24.6803	46.6111
robat-karim	Nasirshahr	Middle East	35.4921	51.1384
rosh-ha'ayin	El‘ad	Middle East	32.0498	34.9538
rosh-ha'ayin	Kafr Qāsim	Middle East	32.1141	34.9762
rudehen	Būmahen	Middle East	35.7297	51.8688
sabah-as-salim	Ar Rumaythīyah	Middle East	29.3117	48.0742
sabah-as-salim	As Sālimīyah	Middle East	29.3339	48.0761
sabah-as-salim	Salwá	Middle East	29.2958	48.0786
safed	Maghār	Middle East	32.8889	35.4083
sahand	Khosrowshahr	Middle East	37.9497	46.0528
sahand	Oskū	Middle East	37.9150	46.1226
salqin	Kafr Takhārīm	Middle East	36.1168	36.5152
sancaktepe	Sultanbeyli	Middle East	40.9607	29.2707
sarakhs	Sarahs	Middle East	36.5238	61.2148
shahr-e-kord	Hafshejān	Middle East	32.2266	50.7931
shahriar	Shahre Jadide Andisheh	Middle East	35.6803	51.0193
sharjah	Abū Hayl	Middle East	25.2841	55.3315
sharjah	Al Majaz	Middle East	25.3235	55.3877
sharjah	Al Qusais 1	Middle East	25.2793	55.3700
sharjah	Al Waheda	Middle East	25.2917	55.3382
sharjah	Hawr al ‘Anz	Middle East	25.2774	55.3368
sheyban	Veys	Middle East	31.4859	48.8751
sidon	Ghazieh	Middle East	33.5175	35.3689
silifke	Taşucu	Middle East	36.3214	33.8817
sirjan	Najafshahr	Middle East	29.3858	55.7176
sisli	Tarabya	Middle East	41.1336	29.0464
sisli	İstinye	Middle East	41.1101	29.0509
soma	Kırkağaç	Middle East	39.1064	27.6693
soran	Ṟuwandiz	Middle East	36.6114	44.5219
sumayl	Simele	Middle East	36.8583	42.8501
suran	Ţayyibat al Imām	Middle East	35.2659	36.7122
suwaylih	Al Jubayhah	Middle East	32.0107	35.8980
suwaylih	Ḩayy Khildā	Middle East	31.9920	35.8400
tajrish	Shahrak-e Qods	Middle East	35.7594	51.3760
tamra	Kafr Mandā	Middle East	32.8109	35.2607
tamra	Shefar‘am	Middle East	32.8058	35.1690
tel-aviv	Bnei Brak	Middle East	32.0807	34.8338
tel-aviv	Givatayim	Middle East	32.0722	34.8125
tel-aviv	Ramat Gan	Middle East	32.0823	34.8107
the-palm-jumeirah	Dubai Internet City	Middle East	25.0954	55.1617
the-palm-jumeirah	Dubai Marina	Middle East	25.0852	55.1465
tirat-karmel	Daliyat al Karmel	Middle East	32.6938	35.0469
tulkarm	Eṭ Ṭaiyiba	Middle East	32.2662	35.0089
tulkarm	Qalansuwa	Middle East	32.2849	34.9811
turayf	Turaif	Middle East	31.6725	38.6637
umm-el-fahm	‘Ara-‘Ar‘ara	Middle East	32.4956	35.0926
umraniye	Ataşehir	Middle East	40.9833	29.1167
umraniye	Çubuklu	Middle East	41.1042	29.0833
vakfikebir	Beşikdüzü	Middle East	41.0520	39.2329
wadi-as-sir	Al Fuḩayş	Middle East	32.0047	35.7809
wadi-as-sir	Māḩiş	Middle East	31.9865	35.7699
warisan	Al Mizhar First	Middle East	25.2480	55.4413
warisan	Al Warqaa	Middle East	25.1927	55.4201
warisan	Ar Rāshidīyah	Middle East	25.2250	55.3895
warisan	Dubai Festival City	Middle East	25.2218	55.3573
warisan	Dubai Silicon Oasis	Middle East	25.1198	55.3872
warisan	International City	Middle East	25.1638	55.4099
warisan	Mirdif	Middle East	25.2244	55.4141
yasuj	Mādavān	Middle East	30.7153	51.5413
yatta	As Samū‘	Middle East	31.3967	35.0661
zarrin-shahr	Chamgordān	Middle East	32.3933	51.3394
zarrin-shahr	Sedeh Lanjān	Middle East	32.3787	51.3160
zarrin-shahr	Varnāmkhvāst	Middle East	32.3564	51.3787
abington	East Mount Airy	North America	40.0645	-75.1875
abington	Fox Chase	North America	40.0812	-75.0802
abington	Oxford Circle	North America	40.0501	-75.0718
abington	Rhawnhurst	North America	40.0618	-75.0557
abington	West Oak Lane	North America	40.0693	-75.1663
abington	Willow Grove	North America	40.1440	-75.1157
acatzingo	Los Reyes de Juárez	North America	18.9492	-97.8038
ajalpan	Altepexi	North America	18.3703	-97.2997
ajalpan	Zinacatepec	North America	18.3352	-97.2462
alabaster	Pelham	North America	33.2857	-86.8100
alajuela	Mercedes Norte	North America	10.0061	-84.1302
albany	West Albany	North America	42.6831	-73.7785
alexandria-(us)	Fort Hunt	North America	38.7329	-77.0580
alexandria-(us)	Fort Washington	North America	38.7073	-77.0230
alexandria-(us)	Hybla Valley	North America	38.7476	-77.0830
alexandria-(us)	Rose Hill	North America	38.7887	-77.1128
alhambra	Monterey Park	North America	34.0625	-118.1228
alhambra	San Gabriel	North America	34.0961	-118.1058
alhambra	South Pasadena	North America	34.1161	-118.1504
aliamanu-salt-lakes-foster-village	Airport	North America	21.3399	-157.9284
aliamanu-salt-lakes-foster-village	Joint Base Pearl Harbor Hickam	North America	21.3491	-157.9471
allentown	Whitehall Township	North America	40.6668	-75.4999
altamonte-springs	Wekiwa Springs	North America	28.6986	-81.4256
amecameca	Ozumba de Alzate	North America	19.0369	-98.7952
amherst	Eggertsville	North America	42.9634	-78.8039
amherst-(us)	Amherst Center	North America	42.3754	-72.5192
amozoc-de-mota	Acajete	North America	19.1115	-97.9523
amozoc-de-mota	Casa Blanca	North America	19.0422	-98.1189
amozoc-de-mota	Tepatlaxco de Hidalgo	North America	19.0807	-97.9734
anaheim	Fullerton	North America	33.8703	-117.9253
anaheim	Placentia	North America	33.8722	-117.8703
andover-(us)	Ham Lake	North America	45.2502	-93.2499
annandale	Franconia	North America	38.7821	-77.1464
annandale	Lincolnia	North America	38.8184	-77.1433
annandale	Merrifield	North America	38.8743	-77.2269
annandale	West Falls Church	North America	38.8648	-77.1879
annapolis	Parole	North America	38.9810	-76.5450
antigua-guatemala	Alotenango	North America	14.4858	-90.8044
antigua-guatemala	Ciudad Vieja	North America	14.5240	-90.7631
antigua-guatemala	Jocotenango	North America	14.5781	-90.7380
antigua-guatemala	Santa María de Jesús	North America	14.4945	-90.7104
apizaco	Tetla	North America	19.4420	-98.1033
arcadia	Duarte	North America	34.1394	-117.9773
arcadia	Temple City	North America	34.1072	-118.0579
arden-arcade	Rosemont	North America	38.5519	-121.3647
arlington-(us)	Baileys Crossroads	North America	38.8504	-77.1297
arlington-heights	Mount Prospect	North America	42.0664	-87.9373
arlington-heights	Palatine	North America	42.1103	-88.0342
arlington-heights	Prospect Heights	North America	42.0953	-87.9376
arlington-heights	Rolling Meadows	North America	42.0842	-88.0131
arroyo-naranjo	Balcón de la Lisa	North America	23.0535	-82.4476
arroyo-naranjo	Boyeros	North America	23.0072	-82.4017
arroyo-naranjo	Fontanar	North America	23.0239	-82.4080
arroyo-naranjo	Mantilla	North America	23.0679	-82.3414
arroyo-naranjo	Marianao	North America	23.0739	-82.4297
aserri	San Juan de Dios	North America	9.8781	-84.0844
aserri	San Rafael Arriba	North America	9.8765	-84.0748
ashburn	Sterling	North America	39.0062	-77.4286
aspen-hill	Cloverly	North America	39.1082	-76.9977
attleboro	North Attleborough Center	North America	41.9726	-71.3247
augusta	North Augusta	North America	33.5018	-81.9651
aurora-(us)	North Aurora	North America	41.8061	-88.3273
austin	University of Texas	North America	30.2860	-97.7389
aventura	Hallandale Beach	North America	25.9812	-80.1484
aventura	Ives Estates	North America	25.9623	-80.1767
aventura	North Miami Beach	North America	25.9332	-80.1625
aventura	Ojus	North America	25.9484	-80.1506
aventura	Sunny Isles Beach	North America	25.9506	-80.1228
avondale	Goodyear	North America	33.4353	-112.3582
azcapotzalco	Miguel Hidalgo	North America	19.4341	-99.2002
azcapotzalco	Polanco	North America	19.4333	-99.1992
baie-mahault	Petit-Bourg	North America	16.1916	-61.5914
bakersfield	Oildale	North America	35.4197	-119.0195
bartlett	Ellendale	North America	35.2306	-89.8259
bartlett-(us)	Hanover Park	North America	41.9995	-88.1451
bartlett-(us)	Streamwood	North America	42.0256	-88.1784
bay-shore	Islip	North America	40.7298	-73.2104
bayamon	Guaynabo	North America	18.3575	-66.1110
bayonne	Emerson Hill	North America	40.6087	-74.0960
bayonne	Graniteville	North America	40.6248	-74.1485
bayonne	Mariners Harbor	North America	40.6368	-74.1587
beaverton	Aloha	North America	45.4943	-122.8671
beaverton	Bethany	North America	45.5579	-122.8676
bedford-(us)	Colleyville	North America	32.8810	-97.1550
bedford-(us)	Hurst	North America	32.8235	-97.1706
bel-air-south	Bel Air North	North America	39.5543	-76.3731
bel-air-south	North Bel Air	North America	39.5398	-76.3550
bel-air-south	South Bel Air	North America	39.5332	-76.3375
belleville-(us)	Fairview Heights	North America	38.5889	-89.9904
bellevue	Mercer Island	North America	47.5707	-122.2221
bensalem	Bustleton	North America	40.0826	-75.0316
bensalem	Holmesburg	North America	40.0415	-75.0280
bensalem	Parkwood Manor	North America	40.0934	-74.9680
bensalem	Somerton	North America	40.1234	-75.0149
benton	Bryant	North America	34.5959	-92.4891
berkeley	Orinda	North America	37.8772	-122.1797
bessemer	Hueytown	North America	33.4512	-86.9967
beverly-cove	Beverly	North America	42.5584	-70.8800
beverly-cove	Marblehead	North America	42.5001	-70.8578
biloxi	Ocean Springs	North America	30.4113	-88.8278
birmingham-(us)	Homewood	North America	33.4718	-86.8008
birmingham-(us)	Mountain Brook	North America	33.5009	-86.7522
blacksburg	Christiansburg	North America	37.1298	-80.4089
bloomfield	East Orange	North America	40.7673	-74.2049
bloomfield	North Arlington	North America	40.7884	-74.1332
bloomfield	Nutley	North America	40.8223	-74.1599
bloomfield	West Orange	North America	40.7987	-74.2390
bloomington	Richfield	North America	44.8833	-93.2830
boca-raton	Boca Del Mar	North America	26.3451	-80.1467
boca-raton	Deerfield Beach	North America	26.3184	-80.0998
boisbriand	Sainte-Thérèse	North America	45.6392	-73.8276
bolingbrook	Lemont	North America	41.6736	-88.0017
bolingbrook	Woodridge	North America	41.7470	-88.0503
boston	Allston	North America	42.3584	-71.1259
boston	Back Bay	North America	42.3501	-71.0870
boston	Charlestown	North America	42.3779	-71.0620
boston	East Boston	North America	42.3751	-71.0392
boston	Fenway/Kenmore	North America	42.3449	-71.1002
boston	Orient Heights	North America	42.3876	-71.0037
boston	Somerville	North America	42.3876	-71.0995
boston	South Boston	North America	42.3334	-71.0495
boston	Winthrop	North America	42.3751	-70.9828
bothell	Bothell West	North America	47.8053	-122.2406
bothell	Kenmore	North America	47.7573	-122.2440
bountiful	North Salt Lake	North America	40.8486	-111.9069
bradenton	Bayshore Gardens	North America	27.4253	-82.5904
bradenton	South Bradenton	North America	27.4631	-82.5818
brandon	Bloomingdale	North America	27.8936	-82.2404
brandon	Valrico	North America	27.9379	-82.2364
branford	East Haven	North America	41.2762	-72.8684
bremerton	Silverdale	North America	47.6445	-122.6949
brentwood	Central Islip	North America	40.7906	-73.2018
brentwood	North Bay Shore	North America	40.7530	-73.2602
brick	Point Pleasant	North America	40.0832	-74.0682
brookhaven	Chamblee	North America	33.8920	-84.2988
brookhaven	North Decatur	North America	33.7904	-84.3060
brookhaven	North Druid Hills	North America	33.8168	-84.3133
brooklyn	Bensonhurst	North America	40.6018	-73.9940
brooklyn	Borough Park	North America	40.6340	-73.9968
brooklyn	Bushwick	North America	40.6943	-73.9188
brooklyn	Canarsie	North America	40.6437	-73.9007
brooklyn	East Flatbush	North America	40.6537	-73.9304
brooklyn	Flatbush	North America	40.6521	-73.9590
brooklyn	Flatlands	North America	40.6212	-73.9349
brooklyn	Gravesend	North America	40.5976	-73.9651
brooklyn	Park Slope	North America	40.6701	-73.9860
brooklyn	Ridgewood	North America	40.7001	-73.9057
brooklyn	Sheepshead Bay	North America	40.5912	-73.9446
brooklyn	Sunset Park	North America	40.6455	-74.0124
brooklyn-park	Brooklyn Center	North America	45.0761	-93.3327
brooklyn-park	Crystal	North America	45.0327	-93.3602
brooklyn-park	New Hope	North America	45.0380	-93.3866
brossard	La Prairie	North America	45.4168	-73.4992
buena-park	La Mirada	North America	33.9172	-118.0120
buenaventura-lakes	Meadow Woods	North America	28.3856	-81.3665
buenaventura-lakes	Southchase	North America	28.3931	-81.3834
buffalo	Fort Erie	North America	42.9001	-78.9329
burlington	Waterdown	North America	43.3334	-79.8829
burnaby	Hastings-Sunrise	North America	49.2833	-123.0333
burnaby	Metrotown	North America	49.2250	-123.0000
burnaby	Renfrew Heights	North America	49.2545	-123.0316
burnaby	Renfrew-Collingwood	North America	49.2450	-123.0376
burnsville	Savage	North America	44.7791	-93.3363
cabo-san-lucas	Colonia del Sol	North America	22.9127	-109.9266
cadereyta-jimenez	Cadereyta	North America	25.5833	-99.9833
calgary	Beltline	North America	51.0395	-114.0709
calgary	Centre City	North America	51.0451	-114.0743
calgary	Edgemont	North America	51.1256	-114.1488
cambridge-(ca)	Christopher-Champlain	North America	43.3473	-80.3019
cambridge-(ca)	Fiddlesticks	North America	43.3948	-80.2874
cambridge-(ca)	Hespeler	North America	43.4334	-80.3164
canton	Romulus	North America	42.2223	-83.3966
canton-(us)	North Canton	North America	40.8759	-81.4023
cape-coral	Iona	North America	26.5204	-81.9640
carney	Parkville	North America	39.3773	-76.5397
carney	Perry Hall	North America	39.4126	-76.4636
carolina	Trujillo Alto	North America	18.3547	-66.0074
carrollton	Farmers Branch	North America	32.9265	-96.8961
carrollwood-village	Carrollwood	North America	28.0500	-82.4929
carrollwood-village	Citrus Park	North America	28.0784	-82.5698
carrollwood-village	Egypt Lake-Leto	North America	28.0177	-82.5062
carrollwood-village	Greater Northdale	North America	28.1055	-82.5259
carrollwood-village	Northdale	North America	28.0939	-82.5056
cary	Morrisville	North America	35.8235	-78.8256
casas-adobes	Flowing Wells	North America	32.2940	-111.0098
cativa	Sabanitas	North America	9.3452	-79.8054
catonsville	Arbutus	North America	39.2546	-76.7000
cedar-park	Jollyville	North America	30.4427	-97.7750
centennial	Castlewood	North America	39.5847	-104.9011
centereach	East Setauket	North America	40.9415	-73.1059
centereach	Holbrook	North America	40.8123	-73.0784
centereach	Lake Ronkonkoma	North America	40.8351	-73.1312
centereach	Ronkonkoma	North America	40.8210	-73.1430
centereach	Setauket-East Setauket	North America	40.9306	-73.1018
centreville	Chantilly	North America	38.8943	-77.4311
centreville	South Riding	North America	38.9209	-77.5039
centro-familiar-la-soledad	La Ermita	North America	21.1519	-101.7331
cerritos	Artesia	North America	33.8659	-118.0831
cerritos	La Palma	North America	33.8464	-118.0467
chalco	San Mateo Huitzilzingo	North America	19.2291	-98.9250
champaign	Urbana	North America	40.1106	-88.2073
chandler	Gilbert	North America	33.3528	-111.7890
channelview	Cloverleaf	North America	29.7783	-95.1719
chapel-hill	Carrboro	North America	35.9101	-79.0753
chattanooga	East Chattanooga	North America	35.0654	-85.2491
chattanooga	East Ridge	North America	35.0142	-85.2519
cheektowaga	Depew	North America	42.9040	-78.6923
cherry-hill	Frankford	North America	40.0138	-75.0786
cherry-hill	Maple Shade	North America	39.9526	-74.9924
cherry-hill	Pennsauken	North America	39.9562	-75.0580
cherry-hill	Tacony	North America	40.0312	-75.0443
cherry-hill	Wissinoming	North America	40.0223	-75.0632
chiapa-de-corzo	Suchiapa	North America	16.6247	-93.0989
chicago	Chicago Loop	North America	41.8841	-87.6333
chicago	Grand Boulevard	North America	41.8139	-87.6173
chicago	Kenwood	North America	41.8092	-87.5975
chicago	Logan Square	North America	41.9234	-87.6992
chicago	Lower West Side	North America	41.8542	-87.6656
chicago	McKinley Park	North America	41.8317	-87.6737
chicago	Near North Side	North America	41.9000	-87.6345
chicago	Near South Side	North America	41.8567	-87.6248
chicago	West Town	North America	41.8938	-87.6749
chicago-heights	Matteson	North America	41.5039	-87.7131
chicago-heights	Park Forest	North America	41.4914	-87.6745
chicoloapan	San Miguel Coatlinchán	North America	19.4500	-98.8727
chicoloapan	Santa María Chimalhuacán	North America	19.4215	-98.9504
chilibre	Alcalde Díaz	North America	9.1227	-79.5567
chilliwack	Chilliwack-Downtown	North America	49.1643	-121.9591
chilliwack	Vedder Crossing	North America	49.1000	-121.9667
chimaltenango	El Tejar	North America	14.6468	-90.7912
chimaltenango	San Andrés Itzapa	North America	14.6222	-90.8431
chinandega	El Viejo	North America	12.6635	-87.1666
cholula	Cuautlancingo	North America	19.0900	-98.2732
cholula	San Andrés Cholula	North America	19.0514	-98.2953
cholula	San Bernardino Tlaxcalancingo	North America	19.0287	-98.2770
cholula	Sanctorum	North America	19.0992	-98.2542
cholula	Santiago Momoxpan	North America	19.0736	-98.2669
chula-vista	National City	North America	32.6781	-117.0992
cicero	Belmont Cragin	North America	41.9317	-87.7687
cicero	Berwyn	North America	41.8506	-87.7937
cicero	Brighton Park	North America	41.8189	-87.6989
cicero	East Garfield Park	North America	41.8809	-87.7028
cicero	Gage Park	North America	41.7950	-87.6962
cicero	North Lawndale	North America	41.8600	-87.7184
cicero	Oak Park	North America	41.8850	-87.7845
cicero	South Lawndale	North America	41.8436	-87.7125
cicero	West Elsdon	North America	41.7939	-87.7245
cicero	West Englewood	North America	41.7781	-87.6667
cicero	West Garfield Park	North America	41.8806	-87.7292
cincinnati	Covington	North America	39.0837	-84.5085
cincinnati	Fort Thomas	North America	39.0751	-84.4472
cincinnati	White Oak	North America	39.2131	-84.5994
city-of-sammamish	Union Hill-Novelty Hill	North America	47.6789	-122.0283
city-of-sammamish	West Lake Sammamish	North America	47.5776	-122.1012
ciudad-acuna	Del Rio	North America	29.3627	-100.8968
ciudad-delicias	Pedro Meoqui	North America	28.2685	-105.4805
ciudad-juarez	El Paso	North America	31.7587	-106.4869
ciudad-melchor-muzquiz	Palaú	North America	27.8924	-101.4235
ciudad-sahagun	Tepeapulco	North America	19.7884	-98.5527
cleveland	Clark-Fulton	North America	41.4640	-81.7098
cleveland	Detroit-Shoreway	North America	41.4777	-81.7299
cleveland	Hough	North America	41.5120	-81.6365
cleveland-heights	Collinwood	North America	41.5584	-81.5693
cleveland-heights	East Cleveland	North America	41.5331	-81.5790
cleveland-heights	Mayfield Heights	North America	41.5192	-81.4579
cleveland-heights	Shaker Heights	North America	41.4739	-81.5371
cleveland-heights	South Euclid	North America	41.5231	-81.5185
clifton	Garfield	North America	40.8815	-74.1132
clifton	Lyndhurst	North America	40.8120	-74.1243
clifton	Passaic	North America	40.8568	-74.1285
clifton	Rutherford	North America	40.8265	-74.1068
clinton	Camp Springs	North America	38.8040	-76.9066
clinton-township	Mount Clemens	North America	42.5973	-82.8780
coatzacoalcos	Allende	North America	18.1540	-94.3942
coban	San Pedro Carchá	North America	15.4774	-90.3110
colima	Ciudad de Villa de Álvarez	North America	19.2672	-103.7378
college-park	Adelphi	North America	39.0032	-76.9719
college-park	Beltsville	North America	39.0348	-76.9075
college-park	Calverton	North America	39.0576	-76.9358
college-park	East Riverdale	North America	38.9580	-76.9110
college-park	Fairland	North America	39.0762	-76.9578
college-park	Greenbelt	North America	39.0046	-76.8755
college-park	Hyattsville	North America	38.9559	-76.9455
college-park	Landover	North America	38.9340	-76.8966
college-park	Lanham-Seabrook	North America	38.9684	-76.8511
college-park	Seabrook	North America	38.9740	-76.8490
college-station	Bryan	North America	30.6744	-96.3700
columbia	Saint Andrews	North America	34.0430	-81.1010
columbia	West Columbia	North America	33.9935	-81.0740
columbus	Upper Arlington	North America	39.9945	-83.0624
columbus-(us)	Phenix City	North America	32.4710	-85.0008
commack	Dix Hills	North America	40.8048	-73.3362
commack	East Northport	North America	40.8768	-73.3246
commack	Kings Park	North America	40.8862	-73.2573
compton	East Rancho Dominguez	North America	33.8981	-118.1954
compton	Willowbrook	North America	33.9170	-118.2551
contla	Santa Ana Chiautempan	North America	19.3066	-98.1877
coquitlam	Central Coquitlam	North America	49.2603	-122.8381
coquitlam	Coquitlam Town Centre	North America	49.2770	-122.7967
coquitlam	Port Coquitlam	North America	49.2664	-122.7693
coquitlam	Port Moody	North America	49.2812	-122.8246
coquitlam	Westwood Plateau	North America	49.3046	-122.7934
coral-springs	Sandalfoot Cove	North America	26.3386	-80.1869
coram	Farmingville	North America	40.8312	-73.0296
coram	Holtsville	North America	40.8154	-73.0451
coram	Selden	North America	40.8665	-73.0357
cordoba-(mx)	Fortín de las Flores	North America	18.9081	-97.0000
cortazar	Villagrán	North America	20.5136	-100.9964
cosamaloapan	Carlos A. Carrillo	North America	18.3748	-95.7544
costa-mesa	Newport Beach	North America	33.6189	-117.9290
cote-saint-luc	Mont-Royal	North America	45.5168	-73.6492
cote-saint-luc	Notre-Dame-de-Grâce	North America	45.4768	-73.6143
cote-saint-luc	Saint-Laurent	North America	45.5001	-73.6659
cote-saint-luc	Snowdon	North America	45.4859	-73.6310
cottonwood-heights	Holladay	North America	40.6688	-111.8247
cottonwood-heights	Sandy Hills	North America	40.5811	-111.8508
country-club	Miami Lakes	North America	25.9087	-80.3087
coyoacan	Benito Juárez	North America	19.3727	-99.1564
coyoacan	Colonia Nativitas	North America	19.3812	-99.1368
coyoacan	Colonia del Valle	North America	19.3861	-99.1620
coyoacan	Magdalena Contreras	North America	19.3321	-99.2112
coyoacan	Álvaro Obregón	North America	19.3587	-99.2033
cuautitlan-izcalli	Cuautitlán	North America	19.6705	-99.1799
cuautitlan-izcalli	Huilango	North America	19.6806	-99.2564
cuautitlan-izcalli	Tultitlán de Mariano Escobedo	North America	19.6466	-99.1679
cuautla	Yecapixtla	North America	18.8833	-98.8650
curridabat	Ipís	North America	9.9655	-84.0182
curridabat	Patarrá	North America	9.8806	-84.0355
curridabat	Purral	North America	9.9569	-84.0321
curridabat	San Vicente de Moravia	North America	9.9616	-84.0488
cutler-bay	Cutler	North America	25.6151	-80.3106
cutler-bay	Cutler Ridge	North America	25.5807	-80.3467
cutler-bay	Palmetto Bay	North America	25.6218	-80.3248
cutler-bay	South Miami Heights	North America	25.5976	-80.3806
cuyahoga-falls	Stow	North America	41.1595	-81.4404
cuyahoga-falls	Tallmadge	North America	41.1014	-81.4418
dakota-ridge	Ken Caryl	North America	39.5758	-105.1122
daly-city	Parkside	North America	37.7420	-122.4863
daly-city	Visitacion Valley	North America	37.7171	-122.4043
davenport	Bettendorf	North America	41.5245	-90.5157
davenport	Moline	North America	41.5067	-90.5151
davenport	Rock Island	North America	41.5095	-90.5787
davie	Cooper City	North America	26.0573	-80.2717
davis	Dixon	North America	38.4455	-121.8233
dearborn-heights	Inkster	North America	42.2942	-83.3099
dearborn-heights	Redford	North America	42.3834	-83.2966
dekalb	Sycamore	North America	41.9889	-88.6868
delegacion-cuajimalpa-de-morelos	Jesús del Monte	North America	19.3750	-99.2944
delta	Ladner	North America	49.0894	-123.0824
delta	Tsawwassen	North America	49.0167	-123.0833
deltona	DeBary	North America	28.8831	-81.3087
denton	Corinth	North America	33.1540	-97.0647
des-moines-(us)	SeaTac	North America	47.4485	-122.2922
detroit	Hamtramck	North America	42.3928	-83.0496
diriamba	Jinotepe	North America	11.8483	-86.1992
dorchester	Ashmont	North America	42.2834	-71.0689
dorchester	Brookline	North America	42.3318	-71.1212
dorchester	Mattapan	North America	42.2723	-71.0870
dorchester	Mission Hill	North America	42.3344	-71.1085
dorchester	Roxbury Crossing	North America	42.3306	-71.0912
downers-grove	Darien	North America	41.7520	-87.9740
downers-grove	Hinsdale	North America	41.8009	-87.9370
downers-grove	Lisle	North America	41.8011	-88.0748
downey	Bell Gardens	North America	33.9653	-118.1515
downey	Santa Fe Springs	North America	33.9472	-118.0854
dunedin-(us)	Safety Harbor	North America	27.9908	-82.6932
eagan	Rosemount	North America	44.7394	-93.1258
east-brunswick	Old Bridge	North America	40.4148	-74.3654
east-brunswick	Sayreville	North America	40.4593	-74.3610
east-brunswick	South Old Bridge	North America	40.4082	-74.3543
east-brunswick	South River	North America	40.4465	-74.3860
east-hampton	Hampton	North America	37.0299	-76.3452
east-honolulu	Hawai‘i Kai	North America	21.2964	-157.7018
east-honolulu	Kuliouou - Kalani Iki	North America	21.2971	-157.7450
east-honolulu	Niu Valley	North America	21.2843	-157.7371
east-lake	Holiday	North America	28.1878	-82.7395
east-lake	Keystone	North America	28.1559	-82.6212
east-lansing	Haslett	North America	42.7470	-84.4011
east-lansing	Okemos	North America	42.7223	-84.4275
east-los-angeles	Boyle Heights	North America	34.0339	-118.2053
east-los-angeles	Maywood	North America	33.9867	-118.1853
east-pensacola-heights	Pensacola	North America	30.4213	-87.2169
east-pensacola-heights	West Pensacola	North America	30.4266	-87.2797
east-point	Forest Park	North America	33.6221	-84.3691
eastvale	Glen Avon	North America	34.0117	-117.4848
eastvale	Jurupa Valley	North America	33.9925	-117.5164
eastvale	Norco	North America	33.9311	-117.5487
edison	Piscataway	North America	40.4993	-74.3990
edmonds	Lynnwood	North America	47.8209	-122.3151
edmonds	Picnic Point-North Lynnwood	North America	47.8628	-122.2950
edmonton	Wîhkwêntôwin	North America	53.5431	-113.5222
el-cajon	Bostonia	North America	32.8075	-116.9364
el-cajon	Casa de Oro-Mount Helix	North America	32.7640	-116.9688
el-cajon	Rancho San Diego	North America	32.7473	-116.9353
el-cajon	Santee	North America	32.8384	-116.9739
el-cajon	Winter Gardens	North America	32.8312	-116.9334
el-dorado-hills	Cameron Park	North America	38.6688	-120.9872
el-monte	Rosemead	North America	34.0806	-118.0729
el-monte	South El Monte	North America	34.0519	-118.0467
elgin	South Elgin	North America	41.9942	-88.2923
elk-grove	Vineyard	North America	38.4645	-121.3469
ellicott-city	Ilchester	North America	39.2509	-76.7647
elmhurst	Bensenville	North America	41.9550	-87.9401
essex	Middle River	North America	39.3343	-76.4394
estero	San Carlos Park	North America	26.4673	-81.8015
etobicoke	Brookhaven-Amesbury	North America	43.7013	-79.4856
etobicoke	Edenbridge-Humber Valley	North America	43.6709	-79.5225
etobicoke	Eringate-Centennial-West Deane	North America	43.6580	-79.5804
etobicoke	Islington-City Centre West	North America	43.6335	-79.5433
etobicoke	Kingsview Village-The Westway	North America	43.6990	-79.5479
etobicoke	Mimico	North America	43.6162	-79.5127
etobicoke	Rockcliffe-Smythe	North America	43.6748	-79.4944
etobicoke	Stonegate-Queensway	North America	43.6355	-79.5011
etobicoke	West Humber-Clairville	North America	43.7162	-79.5964
etobicoke	Willowridge-Martingrove-Richview	North America	43.6836	-79.5542
euclid	Eastlake	North America	41.6539	-81.4504
eureka	Arcata	North America	40.8665	-124.0828
evanston	Albany Park	North America	41.9684	-87.7234
evanston	Edgewater	North America	41.9834	-87.6639
evanston	Lincoln Square	North America	41.9759	-87.6892
evanston	North Center	North America	41.9539	-87.6790
evanston	Rogers Park	North America	42.0086	-87.6667
evanston	Skokie	North America	42.0334	-87.7334
evanston	Uptown	North America	41.9659	-87.6526
evanston	West Ridge	North America	41.9997	-87.6928
evanston	Wilmette	North America	42.0722	-87.7228
fairfield	Suisun	North America	38.2383	-122.0402
fargo	Moorhead	North America	46.8739	-96.7695
fayetteville	Hope Mills	North America	34.9704	-78.9453
ferry-pass	Ensley	North America	30.5188	-87.2728
ferry-pass	Myrtle Grove	North America	30.4210	-87.3075
ferry-pass	Pace	North America	30.5994	-87.1611
flagami	Coral Gables	North America	25.7215	-80.2684
flagami	Coral Terrace	North America	25.7459	-80.3045
flagami	Fountainebleau	North America	25.7729	-80.3478
flagami	Westchester	North America	25.7548	-80.3273
fleetwood	Fraser Heights	North America	49.2000	-122.7833
fleetwood	Surrey City Centre	North America	49.1854	-122.8466
florence-(us)	East Florence	North America	34.8095	-87.6495
florissant	Ferguson	North America	38.7442	-90.3054
florissant	Hazelwood	North America	38.7714	-90.3709
florissant	Old Jamestown	North America	38.8349	-90.2851
folsom	Granite Bay	North America	38.7632	-121.1638
folsom	Orangevale	North America	38.6785	-121.2258
fort-lauderdale	Sunrise	North America	26.1340	-80.1131
fort-lee	Cliffside Park	North America	40.8215	-73.9876
fort-lee	Morris Heights	North America	40.8498	-73.9199
fort-lee	Palisades Park	North America	40.8482	-73.9976
fort-lee	Washington Heights	North America	40.8501	-73.9354
fort-myers	North Fort Myers	North America	26.6673	-81.8801
fort-smith	Van Buren	North America	35.4368	-94.3483
fraccionamiento-real-palmas	Ciénega de Flores	North America	25.9545	-100.1662
framingham	Framingham Center	North America	42.2973	-71.4370
framingham	Natick	North America	42.2834	-71.3495
franklin	Brentwood Estates	North America	36.0251	-86.7792
frederick	Ballenger Creek	North America	39.3726	-77.4353
fredericton	Fredericton Northside	North America	45.9759	-66.6412
fremont	Union City	North America	37.5958	-122.0191
fridley	Coon Rapids	North America	45.1200	-93.2877
frisco	Prosper	North America	33.2362	-96.8011
frisco	The Trails of Frisco	North America	33.1609	-96.8718
fruit-cove	St. Johns	North America	30.0815	-81.5477
gahanna	Whitehall	North America	39.9667	-82.8855
gaithersburg	Montgomery Village	North America	39.1768	-77.1953
gaithersburg	Redland	North America	39.1454	-77.1441
garden-grove	Fountain Valley	North America	33.7092	-117.9537
gardena	Lawndale	North America	33.8872	-118.3526
gardena	Westmont	North America	33.9414	-118.3023
garfield-heights	Maple Heights	North America	41.4153	-81.5660
george-town-(ky)	West Bay	North America	19.3820	-81.3928
glastonbury	Wethersfield	North America	41.7143	-72.6526
glen-cove	Port Washington	North America	40.8257	-73.6982
glendale	Maryvale	North America	33.5020	-112.1776
glendale-(us)	Atwater Village	North America	34.1164	-118.2565
glendale-(us)	Burbank	North America	34.1808	-118.3090
glendale-(us)	La Crescenta-Montrose	North America	34.2322	-118.2353
glendale-(us)	Universal City	North America	34.1389	-118.3534
glendora	Azusa	North America	34.1336	-117.9076
glendora	Covina	North America	34.0900	-117.8903
glendora	San Dimas	North America	34.1067	-117.8067
glenview	Morton Grove	North America	42.0406	-87.7826
gloucester	Alta Vista	North America	45.3864	-75.6581
goleta	Isla Vista	North America	34.4133	-119.8610
gomez-palacio	Lerdo	North America	25.5361	-103.5249
goose-creek	Hanahan	North America	32.9185	-80.0220
grand-rapids	Walker	North America	43.0014	-85.7681
grandview	Belton	North America	38.8120	-94.5319
grandview	Raymore	North America	38.8019	-94.4527
granite-city	Spanish Lake	North America	38.7878	-90.2159
grapevine	Southlake	North America	32.9412	-97.1342
green-bay	Ashwaubenon	North America	44.4822	-88.0701
green-bay	De Pere	North America	44.4489	-88.0604
green-bay	Howard	North America	44.5436	-88.0882
greenville-(us)	Wade Hampton	North America	34.9037	-82.3332
greer	Taylors	North America	34.9204	-82.2962
gresham	Happy Valley	North America	45.4468	-122.5304
gresham	Troutdale	North America	45.5393	-122.3873
gresham	Washougal	North America	45.5826	-122.3534
gros-islet	Castries	North America	13.9957	-61.0061
guaimaro	Colombia	North America	20.9855	-77.4256
guanabacoa	Alamar	North America	23.1579	-82.2784
guanabacoa	Ciudad Camilo Cienfuegos	North America	23.1608	-82.3280
guanabacoa	Cojímar	North America	23.1648	-82.3012
guanabacoa	Regla	North America	23.1258	-82.3306
guanabacoa	San Miguel del Padrón	North America	23.0954	-82.3267
guanabacoa	Vedado del Cotorro	North America	23.0500	-82.2500
guanajuato	Marfil	North America	20.9975	-101.2855
guira-de-melena	Alquízar	North America	22.8047	-82.5838
gulfport	West Gulfport	North America	30.4041	-89.0942
gustavo-adolfo-madero	Colonia Lindavista	North America	19.4916	-99.1248
gwynn-oak	Lochearn	North America	39.3407	-76.7222
gwynn-oak	Pikesville	North America	39.3743	-76.7225
gwynn-oak	Woodlawn	North America	39.3229	-76.7280
hacienda-heights	Avocado Heights	North America	34.0361	-117.9912
hacienda-heights	La Puente	North America	34.0200	-117.9495
hacienda-santa-fe	San Sebastián el Grande	North America	20.5328	-103.4294
hacienda-santa-fe	Santa Anita	North America	20.5500	-103.4435
hackensack	Bergenfield	North America	40.9276	-73.9974
hackensack	Dumont	North America	40.9406	-73.9968
hackensack	New Milford	North America	40.9351	-74.0190
hackensack	Teaneck	North America	40.8976	-74.0160
halifax	Armdale	North America	44.6359	-63.6264
halifax	Clayton Park West	North America	44.6576	-63.6689
halifax	Dartmouth	North America	44.6713	-63.5772
halifax	Downtown Halifax	North America	44.6483	-63.5776
halifax	Halifax South End	North America	44.6293	-63.5765
halifax	Halifax West End	North America	44.6486	-63.6195
hamden	North Haven	North America	41.3909	-72.8595
hammond	Calumet City	North America	41.6156	-87.5295
hanover	Elkridge	North America	39.2126	-76.7136
hanover	West Elkridge	North America	39.2071	-76.7269
hartford	West Hartford	North America	41.7620	-72.7420
harvey	Blue Island	North America	41.6573	-87.6800
harvey	Dolton	North America	41.6389	-87.6073
harvey	Morgan Park	North America	41.6903	-87.6667
harvey	South Holland	North America	41.6009	-87.6070
havana	Almendares	North America	23.1101	-82.4232
havana	Centro Habana	North America	23.1349	-82.3689
havana	Cerro	North America	23.1079	-82.3836
havana	Diez de Octubre	North America	23.0881	-82.3597
havana	La Habana Vieja	North America	23.1303	-82.3531
havana	Plaza de la Revolución	North America	23.1194	-82.3920
havana	Vedado	North America	23.1377	-82.3934
havana	Víbora	North America	23.0939	-82.3719
havana	Víbora Park	North America	23.0811	-82.3545
havertown	Cobbs Creek	North America	39.9476	-75.2402
havertown	Drexel Hill	North America	39.9471	-75.2921
havertown	Haddington	North America	39.9658	-75.2376
havertown	Overbrook	North America	39.9893	-75.2432
hayward	Ashland	North America	37.6947	-122.1138
hayward	Castro Valley	North America	37.6941	-122.0863
hemet	East Hemet	North America	33.7400	-116.9389
hemet	San Jacinto	North America	33.7839	-116.9586
hempstead	Mineola	North America	40.7493	-73.6407
hempstead	Roosevelt	North America	40.6787	-73.5890
hempstead	Uniondale	North America	40.7004	-73.5929
hempstead	West Hempstead	North America	40.7048	-73.6501
hendersonville	Goodlettsville	North America	36.3231	-86.7133
hercules	Pinole	North America	38.0044	-122.2989
heroica-matamoros	Brownsville	North America	25.9017	-97.4975
hialeah	Hialeah Gardens	North America	25.8651	-80.3245
hialeah	West Little River	North America	25.8570	-80.2370
highland-park	Deerfield	North America	42.1711	-87.8445
highlands-ranch	Southglenn	North America	39.5872	-104.9528
hilton-head-island	Hilton Head	North America	32.2163	-80.7526
holly-springs	Fuquay-Varina	North America	35.5843	-78.8000
hollywood	Dania Beach	North America	26.0523	-80.1439
hollywood	West Hollywood	North America	26.0206	-80.1839
honolulu	Ala Moana - Kakaʻako	North America	21.2965	-157.8567
honolulu	Diamond Head / Kapahulu / Saint Louis Heights	North America	21.2770	-157.8113
honolulu	Kaimukī	North America	21.2791	-157.8014
honolulu	Kalihi-Palama	North America	21.3261	-157.8759
honolulu	Liliha - Kapalama	North America	21.3374	-157.8542
honolulu	Makiki / Lower Punchbowl / Tantalus	North America	21.3176	-157.8312
honolulu	Manoa	North America	21.3161	-157.8042
honolulu	McCully - Moiliili	North America	21.2946	-157.8312
honolulu	Mō‘ili‘ili	North America	21.2947	-157.8300
honolulu	Nuuanu - Punchbowl	North America	21.3422	-157.8285
honolulu	Waikīkī	North America	21.2855	-157.8359
hoover	Vestavia Hills	North America	33.4487	-86.7878
houma	Bayou Cane	North America	29.6241	-90.7512
houston	Bellaire	North America	29.7058	-95.4588
houston	West University Place	North America	29.7180	-95.4338
huatusco	Coscomatepec de Bravo	North America	19.0727	-97.0469
huber-heights	Vandalia	North America	39.8906	-84.1988
huejotzingo	Santa Ana Xalmimilulco	North America	19.2129	-98.3821
huixquilucan	San Lorenzo Acopilco	North America	19.3300	-99.3272
independence	East Independence	North America	39.0956	-94.3552
independence-(us)	Erlanger	North America	39.0167	-84.6008
indian-trail	Matthews	North America	35.1168	-80.7237
indian-trail	Stallings	North America	35.0907	-80.6862
indianapolis	Broad Ripple	North America	39.8667	-86.1416
indio	Coachella	North America	33.6803	-116.1739
inglewood	Culver City	North America	34.0211	-118.3965
inglewood	Hawthorne	North America	33.9164	-118.3526
inglewood	Lennox	North America	33.9381	-118.3526
inglewood	Mid-City	North America	34.0413	-118.3606
inglewood	Vermont Square	North America	34.0020	-118.2990
inver-grove-heights	South Saint Paul	North America	44.8927	-93.0349
iowa-city	Coralville	North America	41.6764	-91.5804
iowa-city	North Liberty	North America	41.7492	-91.5979
irvine	El Camino Real	North America	33.6966	-117.7767
irvine	Northwood	North America	33.7137	-117.7609
irvine	Stonegate	North America	33.7053	-117.7401
irvine	Tustin Legacy	North America	33.7001	-117.8259
irvine	UC Irvine	North America	33.6397	-117.8416
irvine	Westpark	North America	33.6853	-117.8137
irvine	Woodbridge	North America	33.6772	-117.7944
ixtapa	Mezcales	North America	20.7304	-105.2830
ixtapa	San José del Valle	North America	20.7638	-105.2281
ixtapaluca	San Buenaventura	North America	19.3025	-98.8631
ixtapaluca	San Francisco Acuautla	North America	19.3456	-98.8603
ixtapaluca	San Jerónimo Cuatro Vientos	North America	19.2931	-98.8417
ixtapaluca	San Martín Cuautlalpan	North America	19.2762	-98.8317
jackson	Pearl	North America	32.2746	-90.1320
jeffersontown	Fern Creek	North America	38.1598	-85.5877
jeffersontown	Highview	North America	38.1429	-85.6241
jeffersontown	Newburg	North America	38.1601	-85.6597
jeffersontown	Saint Matthews	North America	38.2529	-85.6558
jersey-city	Secaucus	North America	40.7895	-74.0565
jiutepec	Emiliano Zapata	North America	18.8407	-99.1846
jiutepec	Temixco	North America	18.8525	-99.2254
jiutepec	Tres de Mayo	North America	18.8686	-99.2083
johnston	North Providence	North America	41.8501	-71.4662
joliet	Crest Hill	North America	41.5547	-88.0987
joliette	Saint-Charles-Borromée	North America	46.0501	-73.4659
kahului	Wailuku	North America	20.8913	-156.5060
kamloops	Brocklehurst	North America	50.7082	-120.4134
kanata	Bridlewood	North America	45.2852	-75.8569
kanata	Stittsville	North America	45.2501	-75.9161
kaneohe	Kalihi Valley	North America	21.3637	-157.8429
kankakee	Bourbonnais	North America	41.1538	-87.8875
kankakee	Bradley	North America	41.1420	-87.8611
kelowna	Okanagan Mission	North America	49.8167	-119.4833
kendale-lakes	Kendall West	North America	25.7065	-80.4388
kendale-lakes	The Crossings	North America	25.6707	-80.4012
kendale-lakes	The Hammocks	North America	25.6715	-80.4445
kendall	Coconut Grove	North America	25.7126	-80.2570
kendall	Glenvar Heights	North America	25.7076	-80.3256
kendall	Pinecrest	North America	25.6670	-80.3081
kennesaw	Acworth	North America	34.0663	-84.6784
kent	East Hill-Meridian	North America	47.4105	-122.1737
kent-(us)	Hudson	North America	41.2401	-81.4407
kent-(us)	Streetsboro	North America	41.2392	-81.3459
kettering-(us)	Centerville	North America	39.6284	-84.1594
killeen	Fort Cavazos	North America	31.1349	-97.7756
kingston	Half Way Tree	North America	18.0125	-76.7993
kingston	New Kingston	North America	18.0075	-76.7832
kirkland	Inglewood-Finn Hill	North America	47.7205	-122.2317
kirkwood	Affton	North America	38.5506	-90.3332
kirkwood	Webster Groves	North America	38.5926	-90.3573
kitchener	Forest Heights	North America	43.4194	-80.5233
la-crosse	North La Crosse	North America	43.8464	-91.2482
la-crosse	Onalaska	North America	43.8844	-91.2351
la-habra	Brea	North America	33.9167	-117.9001
la-mesa	Lemon Grove	North America	32.7426	-117.0314
lafayette-(us)	West Lafayette	North America	40.4259	-86.9081
laguna-niguel	Aliso Viejo	North America	33.5650	-117.7271
laguna-niguel	Laguna Beach	North America	33.5423	-117.7831
laguna-niguel	San Juan Capistrano	North America	33.5017	-117.6625
lake-in-the-hills	Algonquin	North America	42.1656	-88.2943
lake-oswego	Milwaukie	North America	45.4462	-122.6393
lake-oswego	Oak Grove	North America	45.4168	-122.6401
lake-ridge	Lorton	North America	38.7043	-77.2278
lake-stevens	West Lake Stevens	North America	47.9934	-122.1018
lake-worth-beach	Greenacres City	North America	26.6237	-80.1253
lake-worth-beach	Lake Worth Corridor	North America	26.6165	-80.1010
lakeside	Fleming Island	North America	30.0933	-81.7190
lakeside	Oakleaf Plantation	North America	30.1708	-81.8355
lakewood-(us)	Bellflower	North America	33.8817	-118.1170
lakewood-(us)	Paramount	North America	33.8895	-118.1598
land-o'-lakes	Lutz	North America	28.1511	-82.4615
langford	Colwood	North America	48.4329	-123.4859
langley	Cloverdale	North America	49.1080	-122.7276
langley	Willoughby	North America	49.1262	-122.6800
lansing	Holt	North America	42.6406	-84.5152
lansing	Waverly	North America	42.7392	-84.6208
largo	Seminole	North America	27.8397	-82.7912
las-guacamayas	La Orilla	North America	17.9958	-102.2269
las-pintitas	Las Pintas de Arriba	North America	20.5757	-103.3244
las-pintitas	San José del Quince	North America	20.5417	-103.2842
las-vegas	North Las Vegas	North America	36.1989	-115.1175
laurel	Maryland City	North America	39.0921	-76.8178
laurel	Scaggsville	North America	39.1451	-76.9002
laurel	South Laurel	North America	39.0698	-76.8503
laval	Ahuntsic-Cartierville	North America	45.5667	-73.6667
laval	Cartierville	North America	45.5312	-73.7036
laval	Chomedey	North America	45.5333	-73.7500
laval	Duvernay	North America	45.5833	-73.6667
laval	Laval-des-Rapides	North America	45.5564	-73.7001
laval	Val-des-Arbres	North America	45.5984	-73.6754
lawrence-(us)	Methuen	North America	42.7262	-71.1909
lawrence-(us)	North Andover	North America	42.6987	-71.1351
lawrenceville	Snellville	North America	33.8573	-84.0199
lawrenceville	Suwanee	North America	34.0515	-84.0713
layton	Kaysville	North America	41.0352	-111.9386
le-lamentin	Ducos	North America	14.5753	-60.9745
le-lamentin	Le François	North America	14.6151	-60.9031
le-lamentin	Le Robert	North America	14.6775	-60.9423
league-city	Dickinson	North America	29.4608	-95.0513
lehi	American Fork	North America	40.3769	-111.7958
les-abymes	Pointe-à-Pitre	North America	16.2364	-61.5346
levittown-(us)	Bellmore	North America	40.6687	-73.5271
levittown-(us)	East Meadow	North America	40.7140	-73.5590
levittown-(us)	Hicksville	North America	40.7684	-73.5251
levittown-(us)	Massapequa	North America	40.6807	-73.4743
levittown-(us)	Massapequa Park	North America	40.6804	-73.4551
levittown-(us)	Merrick	North America	40.6629	-73.5515
levittown-(us)	North Bellmore	North America	40.6915	-73.5335
levittown-(us)	North Massapequa	North America	40.7009	-73.4621
levittown-(us)	Wantagh	North America	40.6837	-73.5101
lewiston-(us)	Lewiston Orchards	North America	46.3804	-116.9754
lewisville	Highland Village	North America	33.0918	-97.0467
lincoln-park	Allen Park	North America	42.2575	-83.2110
lincoln-park	Southgate	North America	42.2139	-83.1938
lincoln-park	Wyandotte	North America	42.2142	-83.1499
little-rock	North Little Rock	North America	34.7695	-92.2671
littleton	Columbine	North America	39.5878	-105.0694
littleton	Englewood	North America	39.6478	-104.9878
littleton	Greenwood Village	North America	39.6172	-104.9508
livonia	Westland	North America	42.3242	-83.4002
lombard	Addison	North America	41.9317	-87.9890
lombard	Villa Park	North America	41.8897	-87.9890
long-beach	Seal Beach	North America	33.7414	-118.1048
long-branch	Asbury Park	North America	40.2204	-74.0121
longueuil	Greenfield Park	North America	45.4865	-73.4622
longueuil	Laflèche	North America	45.5001	-73.4659
longueuil	Le Vieux-Longueuil	North America	45.5372	-73.5077
longueuil	Saint-Hubert	North America	45.5001	-73.4158
los-altos	Mountain View	North America	37.3860	-122.0838
los-angeles	Echo Park	North America	34.0781	-118.2607
los-angeles	Koreatown	North America	34.0578	-118.3009
los-angeles	Silver Lake	North America	34.0867	-118.2702
los-reyes-acaquilpan	Ciudad Nezahualcoyotl	North America	19.4006	-99.0148
los-reyes-acaquilpan	Magdalena Atlicpac	North America	19.3691	-98.9493
los-reyes-de-salgado	Peribán de Ramos	North America	19.5203	-102.4153
louisville	Jeffersonville	North America	38.2776	-85.7372
louisville	Shively	North America	38.2001	-85.8227
lowell	Dracut	North America	42.6704	-71.3020
lynchburg	West Lynchburg	North America	37.4032	-79.1781
lynn	Saugus	North America	42.4648	-71.0101
mableton	Lithia Springs	North America	33.7940	-84.6605
makakilo-kapolei-honokai-hale	Kapolei	North America	21.3356	-158.0582
makakilo-kapolei-honokai-hale	Kapolei Villages	North America	21.3360	-158.0670
makakilo-kapolei-honokai-hale	Makakilo	North America	21.3524	-158.0865
makakilo-kapolei-honokai-hale	Makakilo City	North America	21.3469	-158.0858
makakilo-kapolei-honokai-hale	Makakilo-Makaīwa Hills-Kunia	North America	21.3668	-158.0733
makakilo-kapolei-honokai-hale	‘Ewa Gentry	North America	21.3400	-158.0304
malden	Melrose	North America	42.4584	-71.0662
malden	Revere	North America	42.4084	-71.0120
manassas	Buckhall	North America	38.7318	-77.4311
manassas	Manassas Park	North America	38.7840	-77.4697
manassas	Sudley	North America	38.7929	-77.4975
manhattan	Astoria	North America	40.7721	-73.9301
manhattan	East Harlem	North America	40.7947	-73.9425
manhattan	Harlem	North America	40.8079	-73.9454
manhattan	Hell's Kitchen	North America	40.7650	-73.9909
manhattan	Jackson Heights	North America	40.7557	-73.8854
manhattan	Maspeth	North America	40.7232	-73.9126
manhattan	Morningside Heights	North America	40.8100	-73.9625
manhattan	Mott Haven	North America	40.8090	-73.9229
manhattan	North Bergen	North America	40.8043	-74.0121
manhattan	Sunnyside	North America	40.7398	-73.9354
manhattan	Upper West Side	North America	40.7871	-73.9754
manhattan	West New York	North America	40.7879	-74.0143
manhattan-beach	El Segundo	North America	33.9192	-118.4165
manhattan-beach	Hermosa Beach	North America	33.8622	-118.3995
manhattan-beach	Redondo Beach	North America	33.8492	-118.3884
mansfield-city	Storrs	North America	41.8084	-72.2495
mansfield-city	Willimantic	North America	41.7107	-72.2081
mansfield-city	Windham	North America	41.6998	-72.1570
manteca	Lathrop	North America	37.8227	-121.2766
manteca	Ripon	North America	37.7416	-121.1244
maple-ridge	Haney	North America	49.2167	-122.6000
maplewood	Irvington	North America	40.7323	-74.2349
maplewood	Millburn	North America	40.7248	-74.3040
maplewood	South Orange	North America	40.7490	-74.2613
maplewood	Union	North America	40.6976	-74.2632
markham	Agincourt North	North America	43.8042	-79.2753
markham	Agincourt South-Malvern West	North America	43.7887	-79.2656
markham	Bendale	North America	43.7668	-79.2533
markham	L'Amoreaux	North America	43.7957	-79.3141
markham	Malvern	North America	43.8094	-79.2234
markham	Milliken	North America	43.8250	-79.2987
markham	Morningside	North America	43.7873	-79.2064
markham	Steeles	North America	43.8120	-79.3308
markham	Tam O'Shanter-Sullivan	North America	43.7798	-79.2950
markham	West Hill	North America	43.7674	-79.1795
marrero	Estelle	North America	29.8458	-90.1067
martinez	Benicia	North America	38.0494	-122.1586
martinez-(us)	Evans	North America	33.5337	-82.1307
martinez-de-la-torre	Villa Independencia	North America	20.0552	-97.0521
maryland-heights	Creve Coeur	North America	38.6609	-90.4226
maryland-heights	Overland	North America	38.7012	-90.3623
masaya	Masatepe	North America	11.9145	-86.1446
mauldin	Simpsonville	North America	34.7371	-82.2543
mazatenango	San Francisco Zapotitlán	North America	14.5894	-91.5214
mazatenango	San Pablo Jocopilas	North America	14.5888	-91.4519
mclean	Idylwood	North America	38.8951	-77.2117
mclean	Tysons	North America	38.9187	-77.2311
mechanicsville	Highland Springs	North America	37.5460	-77.3278
medford	Central Point	North America	42.3760	-122.9164
melrose-park	Bellwood	North America	41.8814	-87.8831
melrose-park	Elmwood Park	North America	41.9211	-87.8092
melrose-park	Franklin Park	North America	41.9353	-87.8656
melrose-park	La Grange	North America	41.8050	-87.8692
memphis	New South Memphis	North America	35.0868	-90.0568
menomonee-falls	Mequon	North America	43.2156	-88.0300
mentor	Painesville	North America	41.7245	-81.2457
meriden	Wallingford	North America	41.4570	-72.8232
meriden	Wallingford Center	North America	41.4499	-72.8189
meridian	Eagle	North America	43.6954	-116.3540
merritt-island	Cocoa	North America	28.3861	-80.7420
merritt-island	Rockledge	North America	28.3508	-80.7253
mesquite	Balch Springs	North America	32.7287	-96.6228
metairie	Metairie Terrace	North America	29.9785	-90.1640
mexico-city	Iztacalco	North America	19.3953	-99.0978
mexico-city	Venustiano Carranza	North America	19.4436	-99.1050
miami	Allapattah	North America	25.8145	-80.2239
miami	Little Havana	North America	25.7681	-80.2331
miami-gardens	Carol City	North America	25.9407	-80.2456
miami-gardens	Norland	North America	25.9490	-80.2123
miami-gardens	Opa-locka	North America	25.9023	-80.2503
middletown	Tinton Falls	North America	40.3043	-74.1004
midwest-city	Del City	North America	35.4420	-97.4409
milford	City of Milford (balance)	North America	41.2237	-73.0616
mililani-town	Mililani Mauka	North America	21.4779	-157.9945
mililani-town	Mililani Mauka / Launani Valley	North America	21.4789	-157.9880
mililani-town	Schofield Barracks	North America	21.4984	-158.0651
mililani-town	Schofield-Wheeler	North America	21.4839	-158.0468
mililani-town	Wahiawā	North America	21.5028	-158.0246
mililani-town	Wahiawā-Whitmore	North America	21.5056	-158.0335
millcreek	East Millcreek	North America	40.7000	-111.8105
millcreek	Murray	North America	40.6669	-111.8880
millcreek	South Salt Lake	North America	40.7188	-111.8883
minatitlan	Cosoleacaque	North America	17.9991	-94.6359
minneapolis	Longfellow Community	North America	44.9426	-93.2256
minnetonka	Chanhassen	North America	44.8622	-93.5308
minnetonka	Hopkins	North America	44.9250	-93.4627
minnetonka	Minnetonka Mills	North America	44.9411	-93.4419
mission-(ca)	Townline	North America	49.0621	-122.3601
mission-bend	Alief	North America	29.7111	-95.5963
mission-bend	Cinco Ranch	North America	29.7388	-95.7580
mission-bend	Pecan Grove	North America	29.6261	-95.7316
mission-viejo	Ladera Ranch	North America	33.5709	-117.6356
mission-viejo	Laguna Hills	North America	33.6125	-117.7128
mission-viejo	Laguna Woods	North America	33.6103	-117.7253
mission-viejo	Lake Forest	North America	33.6470	-117.6892
mixquiahuala-de-juarez	Progreso de Alvaro Obregon	North America	20.2493	-99.1899
mobile	Prichard	North America	30.7388	-88.0789
modesto	Riverbank	North America	37.7360	-120.9355
mon-repos	Marabella	North America	10.3062	-61.4467
monclova	Frontera	North America	26.9281	-101.4521
monroeville	McKeesport	North America	40.3479	-79.8642
monroeville	West Mifflin	North America	40.3634	-79.8664
monroeville	Wilkinsburg	North America	40.4417	-79.8820
montclair	Claremont	North America	34.0967	-117.7198
montclair	Ontario	North America	34.0633	-117.6509
montclair	Upland	North America	34.0975	-117.6484
montebello	Pico Rivera	North America	33.9831	-118.0967
montreal	Desmarchais-Crawford	North America	45.4455	-73.5816
montreal	Ile-des-Soeurs	North America	45.4603	-73.5482
montreal	Le Plateau-Mont-Royal	North America	45.5283	-73.5808
montreal	Le Sud-Ouest	North America	45.4719	-73.5899
montreal	Saint-Henri	North America	45.4676	-73.6006
montreal	Verdun	North America	45.4601	-73.5706
montreal	Ville-Marie	North America	45.4990	-73.5705
montreal	Ville-Émard	North America	45.4498	-73.6015
montreal	Westmount	North America	45.4834	-73.5992
mount-lebanon	Bethel Park	North America	40.3276	-80.0395
mount-lebanon	Upper Saint Clair	North America	40.3359	-80.0834
mundelein	Lake Zurich	North America	42.1970	-88.0934
mundelein	Libertyville	North America	42.2831	-87.9531
mundelein	Vernon Hills	North America	42.2195	-87.9795
muskegon	Norton Shores	North America	43.1689	-86.2639
nanaimo	Harewood	North America	49.1474	-123.9474
needham	Wellesley	North America	42.2965	-71.2926
neenah	Menasha	North America	44.2022	-88.4465
neufchatel-estlebourgneuf	Charlesbourg	North America	46.8990	-71.3050
neufchatel-estlebourgneuf	L'Ancienne-Lorette	North America	46.7939	-71.3519
neufchatel-estlebourgneuf	La Haute-Saint-Charles	North America	46.8903	-71.3722
new-bedford	Fairhaven	North America	41.6376	-70.9036
new-berlin	Muskego	North America	42.9059	-88.1390
new-britain	Newington	North America	41.6979	-72.7237
new-britain	Plainville	North America	41.6745	-72.8582
new-city	Monsey	North America	41.1112	-74.0685
new-city	Nanuet	North America	41.0887	-74.0135
new-city	Pearl River	North America	41.0590	-74.0218
new-haven	West Haven	North America	41.2707	-72.9471
new-lenox	Mokena	North America	41.5261	-87.8892
new-orleans	Gretna	North America	29.9147	-90.0540
new-orleans	Terrytown	North America	29.9102	-90.0326
new-rochelle	Eastchester	North America	40.9583	-73.8086
new-rochelle	Mamaroneck	North America	40.9487	-73.7326
new-westminster	Cariboo	North America	49.2500	-122.8833
new-westminster	Coquitlam West	North America	49.2570	-122.8788
new-westminster	Lougheed	North America	49.2481	-122.8924
new-westminster	Maillardville	North America	49.2384	-122.8668
new-westminster	North Delta	North America	49.1667	-122.9167
new-westminster	Whalley	North America	49.1792	-122.8667
new-york	Brooklyn Heights	North America	40.6954	-73.9938
new-york	East Village	North America	40.7293	-73.9874
new-york	Financial District	North America	40.7079	-74.0086
new-york	Gramercy Park	North America	40.7375	-73.9861
new-york	Greenpoint	North America	40.7237	-73.9510
new-york	Hoboken	North America	40.7440	-74.0324
new-york	New York City	North America	40.7143	-74.0060
new-york	West Village	North America	40.7336	-74.0092
new-york	Williamsburg	North America	40.7143	-73.9535
newark	Kearny	North America	40.7684	-74.1454
newmarket	East Gwillimbury	North America	44.1009	-79.4378
newton	Chestnut Hill	North America	42.3306	-71.1662
newton	Waltham	North America	42.3765	-71.2356
niles	Irving Park	North America	41.9534	-87.7365
niles	Park Ridge	North America	42.0111	-87.8406
niles	Portage Park	North America	41.9578	-87.7651
norfolk	Chesapeake	North America	36.8190	-76.2749
north-brunswick	New Brunswick	North America	40.4862	-74.4518
north-brunswick	Somerset	North America	40.4976	-74.4885
north-chicopee	Chicopee	North America	42.1487	-72.6079
north-chicopee	Holyoke	North America	42.2043	-72.6162
north-chicopee	South Hadley	North America	42.2584	-72.5745
north-cowichan	Duncan	North America	48.7829	-123.7027
north-creek	Eastmont	North America	47.8974	-122.1815
north-creek	Martha Lake	North America	47.8509	-122.2393
north-creek	Mill Creek	North America	47.8601	-122.2043
north-creek	Mill Creek East	North America	47.8360	-122.1877
north-creek	Silver Firs	North America	47.8660	-122.1551
north-highlands	Antelope	North America	38.7082	-121.3299
north-highlands	Foothill Farms	North America	38.6788	-121.3511
north-highlands	Rio Linda	North America	38.6910	-121.4486
north-miami	Golden Glades	North America	25.9118	-80.2003
north-miami	Pinewood	North America	25.8690	-80.2170
north-richland-hills	Haltom City	North America	32.7996	-97.2692
north-richland-hills	Watauga	North America	32.8579	-97.2547
north-ridgeville	Avon	North America	41.4517	-82.0354
north-ridgeville	Avon Center	North America	41.4598	-82.0196
north-royalton	Broadview Heights	North America	41.3139	-81.6851
north-stamford	New Canaan	North America	41.1468	-73.4948
northampton-(us)	Easthampton	North America	42.2668	-72.6690
norwalk	East Norwalk	North America	41.1056	-73.3984
norwalk	Westport	North America	41.1415	-73.3579
norwalk	Wilton	North America	41.1954	-73.4379
norwich-(us)	Ledyard	North America	41.4398	-72.0142
norwich-(us)	Montville Center	North America	41.4790	-72.1512
nuevo-laredo	Laredo	North America	27.5064	-99.5075
nuevo-mexico	San Francisco Tesistán	North America	20.7973	-103.4771
nuevo-san-carlos	El Asintal	North America	14.5963	-91.7274
o'fallon-(us)	Collinsville	North America	38.6703	-89.9845
oak-creek	Caledonia	North America	42.8078	-87.9243
oak-creek	South Milwaukee	North America	42.9106	-87.8606
oak-lawn	Alsip	North America	41.6689	-87.7387
oak-lawn	Bridgeview	North America	41.7500	-87.8042
oak-lawn	Chicago Lawn	North America	41.7750	-87.6964
oak-lawn	Evergreen Park	North America	41.7206	-87.7017
oak-lawn	Mount Greenwood	North America	41.6981	-87.7087
oak-lawn	Palos Hills	North America	41.6967	-87.8170
oak-lawn	West Lawn	North America	41.7728	-87.7223
oakland	Alameda	North America	37.7710	-122.2609
oakton	Fairfax	North America	38.8462	-77.3064
oakton	Wolf Trap	North America	38.9398	-77.2861
oakville-(us)	Lemay	North America	38.5334	-90.2793
oakville-(us)	Mehlville	North America	38.5084	-90.3229
oaxaca	San Antonio de la Cal	North America	17.0292	-96.7009
oaxaca	Santa Cruz Xoxocotlán	North America	17.0296	-96.7352
oaxaca	Santa María Atzompa	North America	17.1016	-96.7769
oceanside-(us)	Baldwin	North America	40.6565	-73.6093
oceanside-(us)	Freeport	North America	40.6576	-73.5832
oceanside-(us)	Lynbrook	North America	40.6548	-73.6718
oceanside-(us)	Rockville Centre	North America	40.6587	-73.6412
ocoee	Lake Butler	North America	28.5017	-81.5409
ocoee	Winter Garden	North America	28.5653	-81.5862
ocotlan	Jamay	North America	20.2948	-102.7094
ocoyoacac	Capulhuac de Mirafuentes	North America	19.1935	-99.4659
ocoyoacac	Xalatlaco	North America	19.1831	-99.4184
ogden	North Ogden	North America	41.3072	-111.9602
ogden	South Ogden	North America	41.1919	-111.9713
ojo-de-agua	San Martín Azcatepec	North America	19.6867	-98.9728
ojo-de-agua	Tecámac	North America	19.7129	-98.9690
ojo-de-agua	Tecámac de Felipe Villanueva	North America	19.7131	-98.9683
olympia	Tumwater	North America	47.0073	-122.9093
omaha	La Vista	North America	41.1839	-96.0311
oranjestad	Noord	North America	12.5660	-70.0320
oranjestad	Tanki Leendert	North America	12.5391	-70.0200
oregon-city	Canby	North America	45.2629	-122.6926
oregon-city	West Linn	North America	45.3657	-122.6123
orizaba	Ixtaczoquitlán	North America	18.8536	-97.0623
orland-park	Goodings Grove	North America	41.6292	-87.9309
orland-park	Homer Glen	North America	41.6000	-87.9381
orleans	Fallingbrook	North America	45.4756	-75.4840
orleans	Templeton-Est	North America	45.4939	-75.5883
oswego	Yorkville	North America	41.6411	-88.4473
ottawa	Centretown	North America	45.4153	-75.6964
ottawa	Hull	North America	45.4276	-75.7106
ottawa	Ottawa South	North America	45.3921	-75.6873
ottawa	Vanier	North America	45.4399	-75.6650
overland-park	Leawood	North America	38.9667	-94.6169
overland-park	Lenexa	North America	38.9536	-94.7336
overland-park	Prairie Village	North America	38.9917	-94.6336
oxnard	Port Hueneme	North America	34.1478	-119.1951
oxon-hill-glassmanor	Glassmanor	North America	38.8190	-76.9986
oxon-hill-glassmanor	Oxon Hill	North America	38.8034	-76.9897
pabellon-de-arteaga	San Francisco de los Romo	North America	22.0721	-102.2722
pachuca-de-soto	La Providencia Siglo XXI	North America	20.0642	-98.7172
palm-bay	West Melbourne	North America	28.0717	-80.6534
palm-desert	Rancho Mirage	North America	33.7397	-116.4128
palm-harbor	Tarpon Springs	North America	28.1461	-82.7568
palmdale	Vincent	North America	34.5005	-118.1165
palo-alto	East Palo Alto	North America	37.4688	-122.1411
palo-alto	Menlo Park	North America	37.4538	-122.1822
panama-city	Ancón	North America	8.9602	-79.5514
panama-city	Curundú	North America	8.9709	-79.5461
panama-city	El Chorrillo	North America	8.9496	-79.5472
panama-city-(us)	Lynn Haven	North America	30.2455	-85.6483
parma-(us)	Brook Park	North America	41.3984	-81.8046
parma-(us)	Parma Heights	North America	41.3901	-81.7596
parsippany	Denville	North America	40.8923	-74.4774
pasadena	South Houston	North America	29.6630	-95.2355
pasadena-(us)	Altadena	North America	34.1897	-118.1312
pasadena-(us)	La Cañada Flintridge	North America	34.1992	-118.1878
pasco	Kennewick	North America	46.2112	-119.1372
paterson	Fair Lawn	North America	40.9404	-74.1318
paterson	Wyckoff	North America	41.0095	-74.1729
patzun	Patzicía	North America	14.6319	-90.9266
pawtucket	Central Falls	North America	41.8907	-71.3923
peabody	Danvers	North America	42.5751	-70.9300
peabody	South Peabody	North America	42.5098	-70.9495
peachtree-corners	Norcross	North America	33.9412	-84.2135
pearl-city	Waiau-Pacific Palisades	North America	21.4002	-157.9545
pearl-city	Waipahu	North America	21.3867	-158.0092
pearl-city	ʻEwa Beach-Iroquois Point	North America	21.3153	-157.9913
pearl-city	ʻEwa Gentry-West Loch	North America	21.3533	-158.0284
pearl-city	‘Ewa Beach	North America	21.3156	-158.0072
pembroke-pines	West Park	North America	25.9845	-80.1989
peoria	East Peoria	North America	40.6662	-89.5801
peoria	North Peoria	North America	40.7175	-89.5843
perris	Mead Valley	North America	33.8334	-117.2961
perth-amboy	Fords	North America	40.5293	-74.3160
perth-amboy	Rossville	North America	40.5493	-74.2102
perth-amboy	Sayreville Junction	North America	40.4654	-74.3304
petersburg	Colonial Heights	North America	37.2680	-77.4073
philadelphia	Camden	North America	39.9260	-75.1196
philadelphia	Center City	North America	39.9512	-75.1592
philadelphia	Hartranft	North America	39.9848	-75.1471
philadelphia	Hunting Park	North America	40.0165	-75.1438
philadelphia	Juniata Park	North America	40.0085	-75.1088
philadelphia	Kingsessing	North America	39.9368	-75.2296
philadelphia	Nicetown-Tioga	North America	40.0099	-75.1639
philadelphia	Pennsport	North America	39.9276	-75.1505
philadelphia	Port Richmond	North America	39.9935	-75.1002
philadelphia	Rittenhouse	North America	39.9485	-75.1721
philadelphia	Wharton	North America	39.9268	-75.1571
philadelphia	Whitman	North America	39.9168	-75.1555
phoenix	Central City	North America	33.4400	-112.0580
phoenix	Encanto	North America	33.4794	-112.0782
pickering	Rouge	North America	43.8041	-79.1657
piedras-negras	Eagle Pass	North America	28.7091	-100.4995
pierrefonds-roxboro	Dollard-Des Ormeaux	North America	45.4945	-73.8242
pierrefonds-roxboro	L'Île-Bizard–Sainte-Geneviève	North America	45.4939	-73.8956
pierrefonds-roxboro	Pierrefonds	North America	45.4599	-73.8928
pinellas-park	Lealman	North America	27.8211	-82.6793
pinellas-park	West and East Lealman	North America	27.8199	-82.6894
pittsburg	Bay Point	North America	38.0291	-121.9616
plainfield	North Plainfield	North America	40.6301	-74.4274
plainfield	Scotch Plains	North America	40.6554	-74.3899
plainfield	South Plainfield	North America	40.5793	-74.4115
plainfield	Summit	North America	40.7156	-74.3647
plainview	Bethpage	North America	40.7443	-73.4821
plainview	Melville	North America	40.7934	-73.4151
plainview	Syosset	North America	40.8262	-73.5021
plantation	Lauderdale Lakes	North America	26.1665	-80.2084
plantation	Lauderhill	North America	26.1404	-80.2134
plum	Murrysville	North America	40.4284	-79.6976
plum	Penn Hills	North America	40.5012	-79.8392
pointe-claire	Beaconsfield	North America	45.4334	-73.8659
pointe-claire	Dorval	North America	45.4473	-73.7533
pomona	La Verne	North America	34.1008	-117.7678
pompano-beach	Coconut Creek	North America	26.2518	-80.1789
ponte-vedra-beach	Jacksonville Beach	North America	30.2947	-81.3931
ponte-vedra-beach	Palm Valley	North America	30.1775	-81.3876
pontiac	Auburn Hills	North America	42.6875	-83.2341
port-arthur	Groves	North America	29.9483	-93.9171
port-arthur	Nederland	North America	29.9744	-93.9924
port-au-prince	Cité Soleil	North America	18.5803	-72.3381
port-charlotte	Punta Gorda	North America	26.9298	-82.0454
port-charlotte	Punta Gorda Isles	North America	26.9176	-82.0784
port-chester	Harrison	North America	40.9690	-73.7126
port-chester	Rye	North America	40.9806	-73.6837
port-de-paix	Ti Port-de-Paix	North America	19.9333	-72.8333
port-of-spain	Laventille	North America	10.6492	-61.4989
port-saint-lucie	Stuart	North America	27.1975	-80.2528
porticos-de-san-antonio	La Joya	North America	32.4436	-117.0037
porticos-de-san-antonio	Las Delicias	North America	32.4089	-116.9436
porticos-de-san-antonio	Villa del Prado 2da Sección	North America	32.4239	-116.9717
portland-(us)	South Portland	North America	43.6415	-70.2409
portland-(us)	South Portland Gardens	North America	43.6390	-70.3153
potomac	North Potomac	North America	39.0829	-77.2650
poway	Rancho Penasquitos	North America	32.9595	-117.1153
poza-rica-de-hidalgo	Coatzintla	North America	20.4870	-97.4682
prairieville	Shenandoah	North America	30.4013	-91.0009
prattville	Millbrook	North America	32.4799	-86.3619
princeton	Leisure City	North America	25.4954	-80.4292
providence	Cranston	North America	41.7798	-71.4373
providence	East Providence	North America	41.8137	-71.3701
puerto-plata	Monte Llano	North America	19.7346	-70.5991
quebec	Beauport	North America	46.8588	-71.1920
quebec	La Cité-Limoilou	North America	46.8289	-71.2264
quebec	Les Rivières	North America	46.8185	-71.2720
quebec	Lévis	North America	46.8033	-71.1779
quebec	Sainte-Foy	North America	46.7814	-71.2922
queens	Bayside	North America	40.7684	-73.7771
queens	Briarwood	North America	40.7094	-73.8153
queens	Cypress Hills	North America	40.6771	-73.8912
queens	East New York	North America	40.6668	-73.8824
queens	Fresh Meadows	North America	40.7348	-73.7935
queens	Jamaica	North America	40.6915	-73.8057
queens	Kew Gardens Hills	North America	40.7300	-73.8234
queens	Middle Village	North America	40.7165	-73.8812
queens	Ozone Park	North America	40.6768	-73.8438
queens	Rego Park	North America	40.7265	-73.8526
queens	South Ozone Park	North America	40.6701	-73.8190
queens	Woodhaven	North America	40.6893	-73.8579
quetzaltenango	La Esperanza	North America	14.8717	-91.5614
rahway	Avenel	North America	40.5804	-74.2852
rahway	Carteret	North America	40.5773	-74.2282
rahway	Colonia	North America	40.5746	-74.3021
rahway	Cranford	North America	40.6584	-74.2996
rahway	Iselin	North America	40.5754	-74.3224
raleigh	West Raleigh	North America	35.7868	-78.6639
rancho-cordova	Carmichael	North America	38.6171	-121.3283
randallstown	Milford Mill	North America	39.3479	-76.7700
randolph	Stoughton	North America	42.1251	-71.1023
randolph-(us)	Hopatcong Hills	North America	40.9440	-74.6707
redmond	Cottage Lake	North America	47.7443	-122.0773
redmond	Sammamish	North America	47.6418	-122.0804
redwood-city	Belmont	North America	37.5202	-122.2758
reedley	Dinuba	North America	36.5433	-119.3871
reedley	Parlier	North America	36.6116	-119.5271
regina	Arcola East	North America	50.4331	-104.5360
regina	Dewdney East	North America	50.4543	-104.5467
reno	Sparks	North America	39.5349	-119.7527
reno	Sun Valley	North America	39.5963	-119.7760
renton	Bryn Mawr-Skyway	North America	47.4943	-122.2409
renton	Fairwood	North America	47.4484	-122.1573
renton	Tukwila	North America	47.4740	-122.2610
repentigny	L'Assomption	North America	45.8232	-73.4294
repentigny	Varennes	North America	45.6834	-73.4325
reston	Herndon	North America	38.9695	-77.3861
reston	Oak Hill	North America	38.9258	-77.4016
retalhuleu	San Sebastián	North America	14.5618	-91.6487
reynoldsburg	Pickerington	North America	39.8842	-82.7535
richmond-(ca)	Blundell	North America	49.1553	-123.1571
richmond-(ca)	Brighouse-City Centre	North America	49.1667	-123.1333
richmond-(ca)	Broadmoor	North America	49.1500	-123.1333
richmond-(ca)	Marpole	North America	49.2136	-123.1298
richmond-(ca)	Seafair	North America	49.1500	-123.1833
richmond-(ca)	Steveston	North America	49.1271	-123.1814
richmond-(ca)	Sunset	North America	49.2210	-123.0955
richmond-(ca)	Victoria-Fraserview	North America	49.2167	-123.0667
richmond-west	Country Walk	North America	25.6340	-80.4323
richmond-west	Three Lakes	North America	25.6421	-80.3984
rio-blanco	Ciudad Mendoza	North America	18.8065	-97.1787
rio-de-teapa	Playas del Rosario	North America	17.8529	-92.9324
rioverde	Ciudad Fernández	North America	21.9404	-100.0115
riverside	Rubidoux	North America	33.9961	-117.4056
riverton	South Jordan	North America	40.5622	-111.9297
riverton	South Jordan Heights	North America	40.5638	-111.9494
riverview	Palm River-Clair Mel	North America	27.9239	-82.3794
roanoke	Cave Spring	North America	37.2276	-80.0128
rochester	Gates-North Gates	North America	43.1655	-77.7007
rockford	Loves Park	North America	42.3200	-89.0582
rockford	Machesney Park	North America	42.3472	-89.0390
rockville	North Bethesda	North America	39.0446	-77.1189
roseville	Citrus Heights	North America	38.7071	-121.2811
roseville	Rocklin	North America	38.7907	-121.2358
round-lake-beach	Grayslake	North America	42.3445	-88.0417
round-lake-beach	Round Lake	North America	42.3534	-88.0934
round-rock	Brushy Creek	North America	30.5135	-97.7397
royal-oak	Berkley	North America	42.5031	-83.1835
royal-oak	Ferndale	North America	42.4606	-83.1346
royal-oak	Hazel Park	North America	42.4625	-83.1041
royal-oak	Madison Heights	North America	42.4859	-83.1052
saanich	Central Saanich	North America	48.5663	-123.4193
sacramento	West Sacramento	North America	38.5805	-121.5302
saginaw	Saginaw Township North	North America	43.4600	-84.0067
saguenay	Chicoutimi	North America	48.4196	-71.0637
sahuayo-de-morelos	Jiquilpan de Juárez	North America	19.9917	-102.7184
saint-clair-shores	Grosse Pointe Woods	North America	42.4436	-82.9069
saint-cloud	Sartell	North America	45.6216	-94.2069
saint-constant	Candiac	North America	45.3834	-73.5159
saint-constant	Sainte-Catherine	North America	45.4001	-73.5825
saint-eustache	Deux-Montagnes	North America	45.5346	-73.9017
saint-john	Saint John West	North America	45.2594	-66.0778
saint-louis-park	Edina	North America	44.8897	-93.3500
saint-louis-park	Golden Valley	North America	45.0097	-93.3491
saint-paul	West Saint Paul	North America	44.9161	-93.1016
sainte-julie	Saint-Basile-le-Grand	North America	45.5334	-73.2825
sainte-julie	Saint-Bruno-de-Montarville	North America	45.5334	-73.3492
salem-(us)	Hayesville	North America	44.9860	-122.9829
salem-(us)	Keizer	North America	44.9901	-123.0262
salinas	Prunedale	North America	36.7758	-121.6697
san-andres-tuxtla	Santiago Tuxtla	North America	18.4658	-95.3006
san-benito	Flores	North America	16.9226	-89.8994
san-bernardino	Colton	North America	34.0739	-117.3136
san-bernardino	Loma Linda	North America	34.0483	-117.2612
san-diego	Coronado	North America	32.6859	-117.1831
san-francisco	Bayview-Hunters Point	North America	37.7285	-122.3811
san-francisco	Chinatown	North America	37.7966	-122.4086
san-francisco	Mission District	North America	37.7599	-122.4191
san-francisco	Noe Valley	North America	37.7502	-122.4337
san-francisco-del-rincon	Purísima de Bustos	North America	21.0297	-101.8778
san-francisco-el-alto	Salcajá	North America	14.8796	-91.4570
san-francisco-el-alto	San Andrés Xecul	North America	14.9048	-91.4831
san-jose	Calle Blancos	North America	9.9453	-84.0669
san-jose	Heredia	North America	9.9987	-84.1159
san-jose-(us)	Alum Rock	North America	37.3661	-121.8272
san-jose-del-castillo	El Salto	North America	20.5185	-103.1816
san-jose-guadalupe-otzacatipan	San Andrés Cuexcontitlán	North America	19.3589	-99.6215
san-jose-guadalupe-otzacatipan	San Mateo Otzacatipan	North America	19.3327	-99.6034
san-jose-guadalupe-otzacatipan	San Pedro Totoltepec	North America	19.3111	-99.5720
san-jose-guadalupe-otzacatipan	Santa María Totoltepec	North America	19.3065	-99.5928
san-jose-guadalupe-otzacatipan	Xonacatlán	North America	19.4051	-99.5281
san-juan	Cataño	North America	18.4413	-66.1182
san-juan-(us)	Pharr	North America	26.1948	-98.1836
san-luis-potosi	Soledad de Graciano Sánchez	North America	22.1891	-100.9379
san-marcos-(gt)	San Pedro Sacatepéquez	North America	14.9681	-91.7617
san-martin-texmelucan-de-labastida	Moyotzingo	North America	19.2481	-98.4049
san-martin-texmelucan-de-labastida	San Rafael Tlanalapan	North America	19.2917	-98.4681
san-mateo-(us)	Burlingame	North America	37.5841	-122.3661
san-mateo-(us)	Foster City	North America	37.5585	-122.2711
san-mateo-atenco	Lerma de Villada	North America	19.2888	-99.5116
san-miguel-topilejo	San Pablo Oztotepec	North America	19.1865	-99.0736
san-miguelito	Juan Díaz	North America	9.0406	-79.4408
san-miguelito	La Cabima	North America	9.1180	-79.5332
san-miguelito	Las Cumbres	North America	9.0921	-79.5389
san-miguelito	Parque Lefevre	North America	9.0227	-79.4786
san-miguelito	Pedregal	North America	9.0661	-79.4258
san-miguelito	Río Abajo	North America	9.0240	-79.4936
san-pablo-de-las-salinas	Alborada Jaltenco	North America	19.6619	-99.0689
san-pablo-de-las-salinas	Ampliación San Mateo	North America	19.6164	-99.1472
san-pablo-de-las-salinas	Coacalco	North America	19.6292	-99.1069
san-pablo-de-las-salinas	Fuentes del Valle	North America	19.6325	-99.1386
san-pablo-de-las-salinas	Santiago Teyahualco	North America	19.6598	-99.1249
san-pablo-de-las-salinas	Tultepec	North America	19.6850	-99.1281
san-pedro-de-copan	Corquín	North America	14.5667	-88.8667
san-pedro-de-copan	Cucuyagua	North America	14.6478	-88.8739
san-rafael-abajo	Tejar	North America	9.7430	-84.2322
san-salvador	Ayutuxtepeque	North America	13.7354	-89.2022
san-salvador	Mejicanos	North America	13.7240	-89.1880
san-salvador-tizatlalli	Metepec	North America	19.2593	-99.6017
san-salvador-tizatlalli	San Francisco Cuaxusco	North America	19.2675	-99.6192
san-salvador-tizatlalli	San Jerónimo	North America	19.2828	-99.5929
san-salvador-tizatlalli	San Jorge Pueblo Nuevo	North America	19.2542	-99.6278
sandy-springs	Dunwoody	North America	33.9462	-84.3346
santa-ana	North Tustin	North America	33.7645	-117.7939
santa-ana	Tustin	North America	33.7458	-117.8262
santa-catarina	San Pedro Garza García	North America	25.6616	-100.4034
santa-clarita	Canyon Country	North America	34.4233	-118.4720
santa-clarita	Stevenson Ranch	North America	34.3905	-118.5737
santa-clarita	Sylmar	North America	34.3078	-118.4493
santa-cruz-(us)	Live Oak	North America	36.9836	-121.9805
santa-cruz-de-yojoa	San Francisco de Yojoa	North America	15.0144	-87.9716
santa-maria-(us)	Nipomo	North America	35.0427	-120.4760
santa-monica	Beverly Hills	North America	34.0736	-118.4004
santa-monica	Pacific Palisades	North America	34.0481	-118.5265
santa-monica	Sawtelle	North America	34.0363	-118.4495
santa-tecla	Antiguo Cuscatlán	North America	13.6649	-89.2532
santa-teresa	Tequixquiac	North America	19.9094	-99.1447
santiago-de-las-vegas	Bejucal	North America	22.9283	-82.3888
santiago-de-queretaro	El Pueblito	North America	20.5401	-100.4409
santiago-de-queretaro	San José de los Olvera	North America	20.5526	-100.4151
santiago-de-queretaro	Venceremos	North America	20.5508	-100.3981
santiago-sacatepequez	San Lucas Sacatepéquez	North America	14.6107	-90.6568
santo-domingo	Ciudad Nueva	North America	18.4671	-69.8934
santo-domingo	Cristo Rey	North America	18.5000	-69.9333
santo-domingo	Villa Consuelo	North America	18.4833	-69.9000
santo-domingo-este	Villa Francisca	North America	18.4828	-69.8891
saratoga	Los Gatos	North America	37.2266	-121.9747
sarnia	Port Huron	North America	42.9709	-82.4249
saskatoon	Confederation	North America	52.1391	-106.7036
saskatoon	Core Neighbourhoods	North America	52.1304	-106.6723
saskatoon	Lawson	North America	52.1643	-106.6388
saskatoon	Nutana Sector	North America	52.1000	-106.6371
saskatoon	Stonebridge	North America	52.0845	-106.6227
saskatoon	University Heights	North America	52.1443	-106.5787
schaumburg	Hoffman Estates	North America	42.0428	-88.0798
schaumburg	Roselle	North America	41.9847	-88.0798
schererville	Dyer	North America	41.4942	-87.5217
schererville	Griffith	North America	41.5284	-87.4236
schertz	Cibolo	North America	29.5616	-98.2270
schertz	Converse	North America	29.5180	-98.3161
seaside	Marina	North America	36.6844	-121.8022
seaside	Monterey	North America	36.6002	-121.8947
seaside	Pacific Grove	North America	36.6177	-121.9166
seattle	Columbia City	North America	47.5640	-122.2754
severna-park	Green Haven	North America	39.1395	-76.5477
severna-park	Lake Shore	North America	39.1071	-76.4850
sewell	Glassboro	North America	39.7029	-75.1118
shelton	Ansonia	North America	41.3462	-73.0790
shelton	Seymour	North America	41.3968	-73.0759
sherbrooke	Rock Forest	North America	45.3570	-71.9968
shirley	Mastic	North America	40.8020	-72.8409
shoreline	Mountlake Terrace	North America	47.7882	-122.3087
shoreview	Lino Lakes	North America	45.1602	-93.0888
shoreview	New Brighton	North America	45.0655	-93.2019
shreveport	Bossier City	North America	32.5160	-93.7321
shrewsbury-(us)	Grafton	North America	42.2070	-71.6856
sicklerville	Williamstown	North America	39.6862	-74.9952
silao-de-la-victoria	Romita	North America	20.8721	-101.5170
silver-spring	Brightwood	North America	38.9612	-77.0275
silver-spring	Chillum	North America	38.9637	-76.9908
silver-spring	Kennedy Street	North America	38.9563	-77.0180
silver-spring	Langley Park	North America	38.9887	-76.9814
silver-spring	Takoma Park	North America	38.9779	-77.0075
smithtown	Hauppauge	North America	40.8257	-73.2026
socorro-(us)	Horizon City	North America	31.6926	-106.2075
socorro-(us)	Socorro Mission Number 1 Colonia	North America	31.6362	-106.2905
sonsonate	Izalco	North America	13.7447	-89.6731
sonsonate	Sonzacate	North America	13.7342	-89.7147
south-gate	Bell	North America	33.9775	-118.1870
south-gate	Cudahy	North America	33.9606	-118.1853
south-gate	Florence-Graham	North America	33.9677	-118.2444
south-gate	Huntington Park	North America	33.9817	-118.2251
south-gate	Lynwood	North America	33.9303	-118.2115
south-gate	Walnut Park	North America	33.9681	-118.2251
south-hill	Bonney Lake	North America	47.1771	-122.1865
south-hill	Graham	North America	47.0529	-122.2943
south-hill	Puyallup	North America	47.1854	-122.2929
south-kingstown	Narragansett	North America	41.4501	-71.4495
south-san-francisco	Millbrae	North America	37.5986	-122.3872
south-san-francisco	San Bruno	North America	37.6305	-122.4111
southaven	Horn Lake	North America	34.9554	-90.0348
soyapango	Cuscatancingo	North America	13.7270	-89.1816
soyapango	Delgado	North America	13.7217	-89.1687
soyapango	Ilopango	North America	13.7017	-89.1094
spanaway	Frederickson	North America	47.0962	-122.3587
spanish-fork	Payson	North America	40.0444	-111.7322
spokane-valley	Opportunity	North America	47.6499	-117.2399
spring-valley	Summerlin South	North America	36.1171	-115.3300
springfield-(us)	Agawam	North America	42.0695	-72.6148
springfield-(us)	East Longmeadow	North America	42.0645	-72.5126
springfield-(us)	Longmeadow	North America	42.0501	-72.5829
springfield-(us)	West Springfield	North America	42.1070	-72.6204
spruce-grove	Stony Plain	North America	53.5334	-114.0020
st.-catharines	Thorold	North America	43.1168	-79.1996
st.-john's	Mount Pearl	North America	47.5166	-52.7814
st.-louis	East Saint Louis	North America	38.6245	-90.1509
staten-island	Great Kills	North America	40.5543	-74.1515
staten-island	New Springville	North America	40.5934	-74.1632
staten-island	Woodrow	North America	40.5415	-74.1911
stockbridge	McDonough	North America	33.4473	-84.1469
stonecrest	Redan	North America	33.7454	-84.1316
strongsville	Berea	North America	41.3662	-81.8543
strongsville	Middleburg Heights	North America	41.3614	-81.8129
suffolk	South Suffolk	North America	36.7171	-76.5902
sugar-land	New Territory	North America	29.5941	-95.6808
suitland-silver-hill	Hillcrest Heights	North America	38.8329	-76.9594
suitland-silver-hill	Suitland	North America	38.8487	-76.9239
sunnyvale	Cupertino	North America	37.3230	-122.0322
surprise	El Mirage	North America	33.6131	-112.3246
surprise	Sun City West	North America	33.6620	-112.3413
surrey	South Surrey	North America	49.0500	-122.7917
surrey	Strawberry Hill	North America	49.1333	-122.8833
surrey	White Rock	North America	49.0205	-122.7951
tamarac	North Lauderdale	North America	26.2173	-80.2259
tamiami	Sweetwater	North America	25.7634	-80.3731
tamiami	University Park	North America	25.7465	-80.3675
tampa	East Lake-Orient Park	North America	27.9827	-82.3788
tampico	Ciudad Madero	North America	22.2475	-97.8367
tapachula	Cacahoatán	North America	14.9920	-92.1642
tecamachalco	Palmarito Tochapan	North America	18.9014	-97.6383
tecoman	Ciudad de Armería	North America	18.9378	-103.9642
tempe	Ahwatukee Foothills	North America	33.3417	-111.9840
tempe	Tempe Junction	North America	33.4142	-111.9435
teoloyucan	Coyotepec	North America	19.7772	-99.2130
teoloyucan	Melchor Ocampo	North America	19.7019	-99.1449
teoloyucan	Tepotzotlán	North America	19.7212	-99.2239
tepexpan	Teotihuacán de Arista	North America	19.6897	-98.8608
tepexpan	Tezoyuca	North America	19.5928	-98.9108
terrebonne	Mascouche	North America	45.7497	-73.5996
texas-city	La Marque	North America	29.3686	-94.9713
texcoco-de-mora	Chiconcuac	North America	19.5594	-98.8988
texcoco-de-mora	San Salvador Atenco	North America	19.5517	-98.9187
texcoco-de-mora	Tulantongo	North America	19.5316	-98.8746
the-bronx	College Point	North America	40.7876	-73.8460
the-bronx	East Tremont	North America	40.8454	-73.8910
the-bronx	Fordham	North America	40.8593	-73.8985
the-bronx	Hunts Point	North America	40.8126	-73.8840
the-bronx	Kings Bridge	North America	40.8787	-73.9051
the-bronx	Morrisania	North America	40.8293	-73.9065
the-bronx	Parkchester	North America	40.8390	-73.8604
the-bronx	Throgs Neck	North America	40.8226	-73.8196
the-bronx	Tremont	North America	40.8495	-73.9057
the-bronx	Unionport	North America	40.8273	-73.8501
the-bronx	Van Nest	North America	40.8484	-73.8637
the-bronx	Whitestone	North America	40.7946	-73.8185
thornhill	Bayview Village	North America	43.7764	-79.3803
thornhill	Bedford Park-Nortown	North America	43.7315	-79.4202
thornhill	Don Valley Village	North America	43.7833	-79.3536
thornhill	Downsview-Roding-CFB	North America	43.7333	-79.4905
thornhill	Newtonbrook West	North America	43.7858	-79.4314
thornhill	Parkwoods-Donalda	North America	43.7550	-79.3302
thornhill	Richmond Hill	North America	43.8711	-79.4373
thornhill	St. Andrew-Windfields	North America	43.7563	-79.3790
thornhill	Westminster-Branson	North America	43.7788	-79.4524
thornhill	Willowdale	North America	43.7667	-79.3991
thornhill	Willowdale East	North America	43.7706	-79.4015
thornhill	Willowdale West	North America	43.7712	-79.4276
thornton	Northglenn	North America	39.8855	-104.9872
thousand-oaks	Agoura	North America	34.1431	-118.7379
thousand-oaks	Agoura Hills	North America	34.1364	-118.7745
tigard	Tualatin	North America	45.3840	-122.7640
tinley-park	Country Club Hills	North America	41.5681	-87.7203
tinley-park	Oak Forest	North America	41.6028	-87.7439
tizayuca	Don Antonio	North America	19.8744	-98.9347
tizayuca	Reyes Acozac	North America	19.7755	-98.9808
tizayuca	Santa María Ajoloapan	North America	19.7636	-98.9591
tlahuac	Milpa Alta	North America	19.1925	-99.0232
tlahuac	San Juan Ixtayopan	North America	19.2319	-98.9987
tlajomulco-de-zuniga	Lomas del Sur	North America	20.4925	-103.4175
tlajomulco-de-zuniga	San Agustín	North America	20.5477	-103.4671
tlaxcala	La Magdalena Tlaltelulco	North America	19.2829	-98.1961
tocumen	Nuevo Belén	North America	9.0893	-79.3918
toledo	Oregon	North America	41.6437	-83.4869
toluca	Santiago Tlacotepec	North America	19.2271	-99.6708
toms-river	Bayville	North America	39.9093	-74.1549
toronto	Annex	North America	43.6716	-79.4040
toronto	Banbury-Don Mills	North America	43.7377	-79.3497
toronto	Bay Street Corridor	North America	43.6575	-79.3857
toronto	Church-Yonge Corridor	North America	43.6596	-79.3790
toronto	Dovercourt-Wallace Emerson-Junction	North America	43.6657	-79.4385
toronto	Englemount-Lawrence	North America	43.7204	-79.4374
toronto	High Park-Swansea	North America	43.6451	-79.4679
toronto	Mount Pleasant West	North America	43.7044	-79.3934
toronto	Niagara	North America	43.6446	-79.4071
toronto	South Riverdale	North America	43.6493	-79.3357
toronto	Waterfront Communities-The Island	North America	43.6339	-79.3772
toronto	Wexford/Maryvale	North America	43.7486	-79.2986
torrance	Carson	North America	33.8314	-118.2820
torrance	Lomita	North America	33.7922	-118.3151
torrance	West Carson	North America	33.8217	-118.2926
town-'n'-country	Westchase	North America	28.0550	-82.6098
towson	Cockeysville	North America	39.4812	-76.6439
towson	Hunt Valley	North America	39.4998	-76.6411
towson	Lutherville-Timonium	North America	39.4400	-76.6110
troy-(us)	Cohoes	North America	42.7742	-73.7001
troy-(us)	Latham	North America	42.7470	-73.7590
tuckahoe	Bon Air	North America	37.5249	-77.5578
tuckahoe	Midlothian	North America	37.5060	-77.6492
tuckahoe	Short Pump	North America	37.6504	-77.6125
tucker	Belvedere Park	North America	33.7548	-84.2674
tulancingo	Cuautepec de Hinojosa	North America	20.0356	-98.3101
tulancingo	Santiago Tulantepec	North America	20.0362	-98.3556
tuscaloosa	Northport	North America	33.2290	-87.5772
tuxpam-de-rodriguez-cano	Alto Lucero	North America	20.9536	-97.4419
tuxpan	Zapotiltic	North America	19.6275	-103.4175
university	Lake Magdalene	North America	28.0742	-82.4718
university	Temple Terrace	North America	28.0353	-82.3893
university-city	Clayton	North America	38.6425	-90.3237
upper-alton	Alton	North America	38.8906	-90.1843
upper-alton	Godfrey	North America	38.9556	-90.1868
uriangato	Moroleón	North America	20.1303	-101.1908
usulutan	San Rafael Oriente	North America	13.3833	-88.3500
valencia-(us)	Castaic	North America	34.4889	-118.6229
vallejo	American Canyon	North America	38.1749	-122.2608
valley-stream	Cambria Heights	North America	40.6945	-73.7385
valley-stream	Elmont	North America	40.7009	-73.7129
valley-stream	Far Rockaway	North America	40.6054	-73.7551
valley-stream	Floral Park	North America	40.7237	-73.7048
valley-stream	Franklin Square	North America	40.7073	-73.6760
valley-stream	Laurelton	North America	40.6702	-73.7466
valley-stream	North Valley Stream	North America	40.6851	-73.7018
valley-stream	Queens Village	North America	40.7268	-73.7415
valley-stream	Rosedale	North America	40.6621	-73.7354
valley-stream	Springfield Gardens	North America	40.6631	-73.7622
valley-stream	Woodmere	North America	40.6320	-73.7126
vancouver	Downtown Vancouver	North America	49.2828	-123.1193
vancouver	East Hastings	North America	49.2717	-123.0619
vancouver	Fairview	North America	49.2630	-123.1321
vancouver	Grandview-Woodlands	North America	49.2774	-123.0708
vancouver	Kensington-Cedar Cottage	North America	49.2500	-123.0667
vancouver	Killarney	North America	49.2259	-123.0428
vancouver	Kitsilano	North America	49.2667	-123.1667
vancouver	Mt Pleasant	North America	49.2624	-123.1002
vancouver	North Vancouver	North America	49.3164	-123.0693
vancouver	South Granville	North America	49.2602	-123.1395
vancouver	West End	North America	49.2833	-123.1333
vancouver	West Vancouver	North America	49.3286	-123.1602
vancouver-(us)	Five Corners	North America	45.6846	-122.5751
vancouver-(us)	Hazel Dell	North America	45.6715	-122.6629
vancouver-(us)	Salmon Creek	North America	45.7107	-122.6490
vaughan	Black Creek	North America	43.7649	-79.5220
vaughan	Glenfield-Jane Heights	North America	43.7456	-79.5135
vaughan	Humbermede	North America	43.7525	-79.5442
vaughan	Mount Olive-Silverstone-Jamestown	North America	43.7469	-79.5873
vaughan	York University Heights	North America	43.7657	-79.4889
verrettes	Désarmes	North America	18.9934	-72.3906
victoria-(ca)	Carey	North America	48.4721	-123.3948
victoria-(ca)	Esquimalt	North America	48.4357	-123.4117
victoria-(ca)	Gordon Head	North America	48.4833	-123.3167
victoria-(ca)	Oak Bay	North America	48.4496	-123.3026
victoria-(ca)	Victoria-Downtown	North America	48.4277	-123.3610
villa-nueva	Amatitlán	North America	14.4774	-90.6349
villa-nueva	Petapa	North America	14.5019	-90.5620
villa-nueva	Villa Canales	North America	14.4828	-90.5343
villeraysaint-michelparc-extension	Mercier–Hochelaga-Maisonneuve	North America	45.5719	-73.5463
villeraysaint-michelparc-extension	Mile End	North America	45.5237	-73.5963
villeraysaint-michelparc-extension	Montréal-Nord	North America	45.6016	-73.6306
villeraysaint-michelparc-extension	Outremont	North America	45.5156	-73.6086
villeraysaint-michelparc-extension	Parc-Extension	North America	45.5295	-73.6318
villeraysaint-michelparc-extension	Rosemont–La Petite-Patrie	North America	45.5366	-73.6069
villeraysaint-michelparc-extension	Saint-Léonard	North America	45.5877	-73.5950
villeraysaint-michelparc-extension	Saint-Michel	North America	45.5676	-73.6217
vineland	South Vineland	North America	39.4460	-75.0288
walnut	Diamond Bar	North America	34.0286	-117.8103
walnut	Rowland Heights	North America	33.9761	-117.9053
walnut	South San Jose Hills	North America	34.0128	-117.9048
walnut-creek	Moraga	North America	37.8349	-122.1297
walnut-creek	Pleasant Hill	North America	37.9480	-122.0608
walnut-grove	Pitt Meadows	North America	49.2212	-122.6897
warren	Eastpointe	North America	42.4684	-82.9555
wasco	Shafter	North America	35.5005	-119.2718
washington	Capitol Riverfront	North America	38.8780	-77.0031
washington	Central 14th Street / Spring Road	North America	38.9371	-77.0327
washington	Columbia Heights	North America	38.9257	-77.0294
washington	Downtown DC	North America	38.8935	-77.0199
washington	Dupont Circle	North America	38.9084	-77.0441
washington	Foggy Bottom	North America	38.9015	-77.0622
washington	H Street NE	North America	38.9001	-76.9959
washington	Mount Vernon Triangle	North America	38.9023	-77.0169
washington	NoMa	North America	38.9037	-77.0060
washington	Northwest One	North America	38.9043	-77.0120
washington	Petworth	North America	38.9459	-77.0250
washington	Pleasant Plains	North America	38.9307	-77.0302
waterbury	Wolcott	North America	41.6023	-72.9868
waukegan	Gurnee	North America	42.3703	-87.9020
waukegan	North Chicago	North America	42.3256	-87.8412
waukegan	Zion	North America	42.4461	-87.8328
wayne-(us)	King of Prussia	North America	40.0893	-75.3960
wayne-(us)	Radnor	North America	40.0462	-75.3599
welland	Port Colborne	North America	42.9001	-79.2329
wellington-(us)	Royal Palm Beach	North America	26.7084	-80.2306
weslaco	Donna	North America	26.1703	-98.0520
west-allis	Wauwatosa	North America	43.0495	-88.0076
west-babylon	Copiague	North America	40.6815	-73.3998
west-babylon	East Massapequa	North America	40.6734	-73.4365
west-babylon	Lindenhurst	North America	40.6868	-73.3735
west-babylon	North Amityville	North America	40.6976	-73.4251
west-babylon	North Babylon	North America	40.7165	-73.3218
west-babylon	West Islip	North America	40.7062	-73.3062
west-coon-rapids	Anoka	North America	45.1977	-93.3872
west-coon-rapids	Champlin	North America	45.1889	-93.3975
west-covina	Baldwin Park	North America	34.0853	-117.9609
west-covina	Valinda	North America	34.0453	-117.9437
west-covina	West Puente Valley	North America	34.0517	-117.9684
west-des-moines	Clive	North America	41.6030	-93.7241
west-des-moines	Urbandale	North America	41.6267	-93.7122
west-jordan	Midvale	North America	40.6111	-111.8999
west-jordan	Sandy	North America	40.5916	-111.8841
west-jordan	Taylorsville	North America	40.6677	-111.9388
west-roxbury	Dedham	North America	42.2418	-71.1662
west-roxbury	Hyde Park	North America	42.2557	-71.1245
west-roxbury	Jamaica Plain	North America	42.3098	-71.1203
west-roxbury	Roslindale	North America	42.2912	-71.1245
west-scarborough	Biddeford	North America	43.4926	-70.4534
west-scarborough	Saco	North America	43.5009	-70.4428
west-seneca	Lackawanna	North America	42.8256	-78.8234
west-torrington	Torrington	North America	41.8006	-73.1212
west-valley-city	Kearns	North America	40.6600	-111.9963
westlake	Bay Village	North America	41.4848	-81.9221
westlake	North Olmsted	North America	41.4156	-81.9235
westlake	Rocky River	North America	41.4756	-81.8393
westminster	Sherrelwood	North America	39.8378	-105.0014
westminster-(us)	Stanton	North America	33.8025	-117.9931
wheat-ridge	Arvada	North America	39.8028	-105.0875
wheaton	Carol Stream	North America	41.9125	-88.1348
wheaton	Glen Ellyn	North America	41.8775	-88.0670
wheaton	Glendale Heights	North America	41.9146	-88.0649
whitby	Brooklin	North America	43.9583	-78.9597
whitchurch-stouffville	Stouffville	North America	43.9668	-79.2496
white-plains	Scarsdale	North America	41.0051	-73.7846
whittier	South Whittier	North America	33.9502	-118.0392
whittier	West Whittier-Los Nietos	North America	33.9760	-118.0691
willemstad	Bandariba	North America	12.0926	-68.8309
wilmington	Leland	North America	34.2563	-78.0447
windsor-(us)	South Windsor	North America	41.8237	-72.6212
winnipeg	St. James-Assiniboia East	North America	49.8899	-97.2265
winter-haven	Auburndale	North America	28.0653	-81.7887
winter-haven	Eloise	North America	27.9947	-81.7381
winter-springs	Casselberry	North America	28.6778	-81.3278
winter-springs	Lake Mary	North America	28.7589	-81.3178
woburn	Stoneham	North America	42.4801	-71.0995
woodbury	Oakdale	North America	44.9630	-92.9649
woonsocket	Smithfield	North America	41.9220	-71.5495
worcester	Holden	North America	42.3518	-71.8634
wylie	Murphy	North America	33.0151	-96.6131
wylie	Sachse	North America	32.9762	-96.5953
wyoming	Grandville	North America	42.9098	-85.7631
wyoming	Jenison	North America	42.9072	-85.7920
wyoming	Kentwood	North America	42.8695	-85.6448
xalapa-de-enriquez	Banderilla	North America	19.5889	-96.9373
xico	San Antonio Tecómitl	North America	19.2178	-98.9881
yuba-city	Linda	North America	39.1277	-121.5508
yuba-city	South Yuba City	North America	39.1166	-121.6391
zacatelco	Papalotla	North America	19.1686	-98.2039
zacatelco	Teolocholco	North America	19.2433	-98.1908
zacatlan	Chignahuapan	North America	19.8387	-98.0317
zamora-de-hidalgo	Jacona de Plancarte	North America	19.9563	-102.3056
zamora-de-hidalgo	Tangancícuaro de Arista	North America	19.8868	-102.2072
zinacantepec	San Antonio Acahualco	North America	19.2740	-99.7717
zinacantepec	San Francisco Tlalcilalcalpan	North America	19.2947	-99.7677
zumpango	San Juan Zitlaltepec	North America	19.8121	-99.1453
adelaide	Adelaide city centre	Oceania	-34.9287	138.6033
auckland	Mount Eden	Oceania	-36.8816	174.7620
auckland	North Shore	Oceania	-36.8000	174.7500
auckland	Remuera	Oceania	-36.8804	174.7982
avondale-(nz)	Massey	Oceania	-36.8382	174.6102
avondale-(nz)	Massey East	Oceania	-36.8282	174.6202
avondale-(nz)	New Lynn	Oceania	-36.9069	174.6870
avondale-(nz)	Te Atatu Peninsula	Oceania	-36.8410	174.6522
avondale-(nz)	Te Atatu South	Oceania	-36.8647	174.6477
avondale-(nz)	Titirangi	Oceania	-36.9375	174.6558
brisbane	Carindale	Oceania	-27.5058	153.1024
brisbane	Coorparoo	Oceania	-27.4932	153.0583
brisbane	The Gap	Oceania	-27.4419	152.9386
bunbury	Australind	Oceania	-33.2792	115.7150
central-coast	Umina Beach	Oceania	-33.5231	151.3133
dededo-village	Hagåtña	Oceania	13.4757	144.7489
dededo-village	Mangilao Village	Oceania	13.4476	144.8011
dededo-village	Tamuning	Oceania	13.4875	144.7814
dededo-village	Tamuning-Tumon-Harmon Village	Oceania	13.4877	144.7814
dededo-village	Yigo Village	Oceania	13.5360	144.8886
faaa	Papeete	Oceania	-17.5347	-149.5684
frankston-east	Carrum Downs	Oceania	-38.0997	145.1725
frankston-east	Frankston	Oceania	-38.1446	145.1229
frankston-east	Frankston South	Oceania	-38.1660	145.1364
frankston-east	Langwarrin	Oceania	-38.1667	145.1667
frankston-east	Mornington	Oceania	-38.2179	145.0388
frankston-east	Mount Eliza	Oceania	-38.1833	145.0833
frankston-east	Seaford	Oceania	-38.1000	145.1333
geelong	Corio	Oceania	-38.0833	144.3833
geelong	Highton	Oceania	-38.1706	144.3114
gold-coast	Helensvale	Oceania	-27.9183	153.3328
gold-coast	Labrador	Oceania	-27.9440	153.3981
gold-coast	Nerang	Oceania	-27.9894	153.3363
gold-coast	Robina	Oceania	-28.0707	153.3933
gold-coast	Surfers Paradise	Oceania	-28.0027	153.4300
hamilton-(nz)	Hamilton East	Oceania	-37.7882	175.2902
honiara	Kola'a	Oceania	-9.4411	159.9700
honiara	Malango	Oceania	-9.4250	160.0533
honiara	Nggosi	Oceania	-9.4306	159.9210
honiara	Panatina	Oceania	-9.4322	160.0061
honiara	Tandai	Oceania	-9.4467	159.9455
honiara	Vura	Oceania	-9.4420	159.9888
kwinana	Baldivis	Oceania	-32.3289	115.8305
kwinana	Rockingham	Oceania	-32.2768	115.7298
liverpool-(au)	Cabramatta	Oceania	-33.8974	150.9345
liverpool-(au)	Casula	Oceania	-33.9522	150.8995
liverpool-(au)	Prestons	Oceania	-33.9419	150.8717
logan-city	Calamvale	Oceania	-27.6233	153.0479
logan-city	Capalaba	Oceania	-27.5433	153.2029
logan-city	Eight Mile Plains	Oceania	-27.5833	153.1000
logan-city	Rochedale South	Oceania	-27.5952	153.1233
logan-city	Sunnybank Hills	Oceania	-27.6103	153.0539
lower-hutt	Wainuiomata	Oceania	-41.2667	174.9500
manukau-city	Mangere	Oceania	-36.9681	174.7988
manukau-city	Mangere East	Oceania	-36.9659	174.8239
manukau-city	Manurewa	Oceania	-37.0182	174.8802
manukau-city	Otahuhu	Oceania	-36.9382	174.8402
manukau-city	Otara	Oceania	-36.9482	174.8702
manukau-city	Papatoetoe	Oceania	-36.9682	174.8402
melbourne	City of Port Phillip	Oceania	-37.8338	144.9383
melbourne	Essendon	Oceania	-37.7498	144.9109
melbourne	Glenferrie	Oceania	-37.8333	145.0500
melbourne	Hawthorn	Oceania	-37.8199	145.0358
melbourne	Hawthorn South	Oceania	-37.8329	145.0367
melbourne	Kew	Oceania	-37.8064	145.0309
melbourne	Malvern East	Oceania	-37.8740	145.0425
melbourne	Melbourne City Centre	Oceania	-37.8150	144.9666
melbourne	Northcote	Oceania	-37.7667	145.0000
melbourne	Reservoir	Oceania	-37.7167	145.0000
melbourne	South Yarra	Oceania	-37.8383	144.9915
melbourne	Southbank	Oceania	-37.8228	144.9643
nelson	Stoke	Oceania	-41.3167	173.2333
papakura	Takanini	Oceania	-37.0393	174.9281
parramatta	Bankstown	Oceania	-33.9167	151.0333
parramatta	Baulkham Hills	Oceania	-33.7588	150.9929
parramatta	Blacktown	Oceania	-33.7667	150.9167
parramatta	Campsie	Oceania	-33.9125	151.1028
parramatta	Carlingford	Oceania	-33.7827	151.0489
parramatta	Castle Hill	Oceania	-33.7333	151.0000
parramatta	Epping	Oceania	-33.7727	151.0818
parramatta	Greenacre	Oceania	-33.9003	151.0556
parramatta	Greystanes	Oceania	-33.8235	150.9461
parramatta	Lidcombe	Oceania	-33.8644	151.0397
parramatta	Merrylands	Oceania	-33.8333	150.9833
parramatta	Strathfield	Oceania	-33.8810	151.0799
perth	Dianella	Oceania	-31.8882	115.8719
st-albans-(au)	Caroline Springs	Oceania	-37.7412	144.7363
st-albans-(au)	Keilor East	Oceania	-37.7326	144.8650
st-albans-(au)	Saint Albans	Oceania	-37.7333	144.8000
st-albans-(au)	Sunshine West	Oceania	-37.7912	144.8164
st-albans-(au)	Taylors Hill	Oceania	-37.7099	144.7548
st-albans-(au)	Taylors Lakes	Oceania	-37.6986	144.7863
st-albans-(au)	Truganina	Oceania	-37.8167	144.7500
sunshine-coast	Buderim	Oceania	-26.6844	153.0571
sunshine-coast	Maroochydore	Oceania	-26.6601	153.0995
suva	Lami	Oceania	-18.1109	178.4094
sydney	Ashfield	Oceania	-33.8883	151.1227
sydney	Chatswood	Oceania	-33.8000	151.1833
sydney	Earlwood	Oceania	-33.9209	151.1251
sydney	Kogarah	Oceania	-33.9681	151.1356
sydney	Manly	Oceania	-33.7980	151.2883
sydney	Maroubra	Oceania	-33.9500	151.2333
sydney	Marrickville	Oceania	-33.9074	151.1555
sydney	Mascot	Oceania	-33.9260	151.1935
sydney	Mosman	Oceania	-33.8390	151.2396
sydney	Randwick	Oceania	-33.9144	151.2490
sydney	Surry Hills	Oceania	-33.8837	151.2128
sydney	Sydney Central Business District	Oceania	-33.8648	151.2077
townsville	Kirwan	Oceania	-19.3032	146.7253
wellington	Karori	Oceania	-41.2837	174.7414
wollongong	Wollongong city centre	Oceania	-34.4279	150.8927
acarigua	Araure	South America	9.5814	-69.2385
adamantina	Lucélia	South America	-21.7203	-51.0189
agua-rasa	Itapecerica	South America	-20.4725	-45.1256
aguas-claras	Taguatinga	South America	-15.8333	-48.0551
aguas-claras	Vicente Pires	South America	-15.8101	-48.0308
alagoa-grande	Areia	South America	-6.9633	-35.6917
alem-paraiba	Carmo	South America	-21.9336	-42.6086
ambato	Pelileo	South America	-1.3306	-78.5452
americana	Nova Odessa	South America	-22.7775	-47.2958
ananindeua	Marituba	South America	-1.3553	-48.3419
anchieta	Piúma	South America	-20.8378	-40.7219
aquidauana	Anastácio	South America	-20.4836	-55.8069
aracaju	Barra dos Coqueiros	South America	-10.9089	-37.0386
aracataca	El Retén	South America	10.6113	-74.2682
aracoiaba	Capistrano	South America	-4.4700	-38.9014
ararangua	Balneário Arroio do Silva	South America	-28.9869	-49.4173
arequipa	Ciudad Satelite	South America	-16.4308	-71.5292
arequipa	Jacobo Hunter	South America	-16.4408	-71.5533
arequipa	Selva Alegre	South America	-16.3706	-71.5272
armenia	Calarcá	South America	4.5295	-75.6409
artigas	Quaraí	South America	-30.3875	-56.4514
artur-nogueira	Engenheiro Coelho	South America	-22.4912	-47.2118
aruja	Bairro Parque Nossa Senhora do Carmo	South America	-23.4060	-46.3161
aruja	Bairro da Penha	South America	-23.3684	-46.3110
atibaia	Bom Jesus dos Perdões	South America	-23.1350	-46.4653
avellaneda	Barracas	South America	-34.6497	-58.3834
avellaneda	Valentín Alsina	South America	-34.6714	-58.4090
baixo-guandu	Aimorés	South America	-19.4958	-41.0639
balneario-camboriu	Camboriú	South America	-27.0253	-48.6544
baranoa	Polonuevo	South America	10.7770	-74.8534
barinas	Alto Barinas	South America	8.5931	-70.2261
barra-bonita	Igaraçu do Tietê	South America	-22.5092	-48.5578
barra-do-garcas	Aragarças	South America	-15.8975	-52.2508
barrancabermeja	Yondó	South America	7.0062	-73.9097
barreiros	São José da Coroa Grande	South America	-8.8978	-35.1478
barreiros	Tamandaré	South America	-8.7563	-35.0999
barros-blancos	Pando	South America	-34.7172	-55.9584
barueri	Carapicuíba	South America	-23.5227	-46.8350
barueri	Jandira	South America	-23.5275	-46.9025
bauru	Piratininga	South America	-22.4128	-49.1347
bella-vista	Muñiz	South America	-34.5562	-58.7074
bezerros	Riacho das Almas	South America	-8.1339	-35.8564
bom-jardim	Orobó	South America	-7.7450	-35.6022
bonito	São Joaquim do Monte	South America	-8.4325	-35.8044
brasileia	Cobija	South America	-11.0267	-68.7692
brasileia	Epitaciolândia	South America	-11.0289	-68.7414
brasilia	Plano Piloto	South America	-15.7941	-47.8825
brasilia	Sudoeste/Octagonal	South America	-15.8015	-47.9271
brusque	Guabiruba	South America	-27.0860	-48.9676
buenos-aires	Balvanera	South America	-34.6103	-58.3977
buenos-aires	Belgrano	South America	-34.5627	-58.4583
buenos-aires	Boedo	South America	-34.6333	-58.4167
buenos-aires	Colegiales	South America	-34.5737	-58.4492
buenos-aires	Villa Ortúzar	South America	-34.5797	-58.4683
buenos-aires	Villa Santa Rita	South America	-34.6108	-58.4810
burzaco	Adrogué	South America	-34.8004	-58.3838
cabudare	Los Rastrojos	South America	10.0259	-69.2417
cachoeira	Governador Mangabeira	South America	-12.6004	-39.0418
cachoeira	Muritiba	South America	-12.6264	-38.9900
caetes	Capoeiras	South America	-8.7347	-36.6267
caieiras	Anhanguera	South America	-23.4309	-46.7929
caieiras	Brasilandia	South America	-23.4486	-46.6884
caieiras	Perus	South America	-23.4047	-46.7547
caja-seca	Nueva Bolivia	South America	9.1401	-71.0914
callao	Carmen De La Legua Reynoso	South America	-12.0535	-77.0980
camaragibe	São Lourenço da Mata	South America	-8.0022	-35.0183
campina-grande-do-sul	Quatro Barras	South America	-25.3656	-49.0769
campo-alegre	Anadia	South America	-9.6844	-36.3042
candeias	Madre de Deus	South America	-12.7408	-38.6208
caninde-de-sao-francisco	Piranhas	South America	-9.6236	-37.7567
canoinhas	Três Barras	South America	-26.1064	-50.3222
capao-da-canoa	Xangri-lá	South America	-29.8008	-50.0436
carinhanha	Malhada	South America	-14.3361	-43.7736
carmen-de-viboral	Santuario	South America	6.1383	-75.2642
carpina	Lagoa do Carro	South America	-7.8447	-35.3197
cayenne	Rémire-Montjoly	South America	4.9167	-52.2667
cerro-de-pasco	Yanacancha	South America	-10.6659	-76.2553
chia	Cota	South America	4.8094	-74.0980
chigorodo	Carepa	South America	7.7585	-76.6526
chiguayante	Hualqui	South America	-36.9727	-72.9356
chillan	Chillán Viejo	South America	-36.6230	-72.1319
chimbas	Villa Paula de Sarmiento	South America	-31.4933	-68.5384
chimbote	Coishco	South America	-9.0231	-78.6156
chinu	Sampués	South America	9.1836	-75.3817
chocope	Paiján	South America	-7.7329	-79.3015
cienaga	Puebloviejo	South America	10.9938	-74.2844
ciudad-ojeda	Tía Juana	South America	10.2593	-71.3634
colina	Chicureo	South America	-33.2838	-70.6533
colon-(ve)	Michelena	South America	7.9564	-72.2424
conceicao-do-jacuipe	Amélia Rodrigues	South America	-12.3990	-38.7552
concepcion	Hualpén	South America	-36.7891	-73.1017
concepcion	San Pedro de la Paz	South America	-36.8390	-73.1003
corumba	Ladário	South America	-19.0047	-57.6017
criciuma	Cocal do Sul	South America	-28.5991	-49.3233
cruz-das-almas	Sapeaçu	South America	-12.7275	-39.1819
cusco	Wanchaq	South America	-13.5249	-71.9653
diadema	Cidade Ademar	South America	-23.6738	-46.6568
diadema	Cidade Dutra	South America	-23.7258	-46.7024
diadema	Cursino	South America	-23.6314	-46.6207
diadema	Jabaquara	South America	-23.6505	-46.6459
dois-irmaos	Ivoti	South America	-29.5911	-51.1606
domingos-martins	Marechal Floriano	South America	-20.4128	-40.6831
don-torcuato	General Pacheco	South America	-34.4526	-58.6431
dracena	Junqueirópolis	South America	-21.5147	-51.4336
el-cerrito	Guacarí	South America	3.7638	-76.3329
el-hatillo	Baruta	South America	10.4342	-66.8756
embu-guacu	Parelheiros	South America	-23.8275	-46.7269
esperanca	Alagoa Nova	South America	-7.0708	-35.7583
esperanca	Remígio	South America	-6.9660	-35.7951
ezeiza	Tristán Suárez	South America	-34.8898	-58.5676
ferraz-de-vasconcelos	Cidade Tiradentes	South America	-23.5848	-46.4008
ferraz-de-vasconcelos	Guaianases	South America	-23.5433	-46.4108
ferraz-de-vasconcelos	Itaquera	South America	-23.5319	-46.4442
ferraz-de-vasconcelos	Poá	South America	-23.5281	-46.3447
ferraz-de-vasconcelos	São Miguel	South America	-23.4942	-46.4322
ferraz-de-vasconcelos	Vila Curuca	South America	-23.5100	-46.4157
floriano	Barão de Grajaú	South America	-6.7564	-43.0242
foz-do-iguacu	Presidente Franco	South America	-25.5638	-54.6110
francisco-morato	Franco da Rocha	South America	-23.3217	-46.7269
funza	Mosquera	South America	4.7059	-74.2302
fusagasuga	Silvania	South America	4.4037	-74.3867
gama	Novo Gama	South America	-16.0592	-48.0394
gandu	Wenceslau Guimarães	South America	-13.6860	-39.4780
garibaldi	Carlos Barbosa	South America	-29.2975	-51.5036
girardot-city	Flandes	South America	4.2900	-74.8161
girau-do-ponciano	Lagoa da Canoa	South America	-9.8297	-36.7378
gloria-do-goita	Lagoa do Itaenga	South America	-7.9361	-35.2903
goiana	Caaporã	South America	-7.5156	-34.9083
granadero-baigorria	Capitán Bermúdez	South America	-32.8226	-60.7185
guajara-mirim	Guayaramerín	South America	-10.8258	-65.3581
guara	Núcleo Bandeirante	South America	-15.8707	-47.9689
guara	Setor Complementar de Indústria e Abastecimento	South America	-15.7822	-47.9882
guaratingueta	Aparecida	South America	-22.8469	-45.2297
guaratingueta	Potim	South America	-22.8428	-45.2514
guarulhos	Artur Alvim	South America	-23.5402	-46.4858
guarulhos	Cangaiba	South America	-23.4970	-46.5204
guarulhos	Ermelino Matarazzo	South America	-23.4947	-46.4739
guarulhos	Jaçanã	South America	-23.4601	-46.5749
guarulhos	Ponte Rasa	South America	-23.5157	-46.4937
guarulhos	Tucuruvi	South America	-23.4754	-46.6061
guarulhos	Vila Galvão	South America	-23.4717	-46.5792
guarulhos	Vila Jacui	South America	-23.5026	-46.4616
guarulhos	Vila Matilde	South America	-23.5394	-46.5179
guarulhos	Vila Medeiros	South America	-23.4887	-46.5776
guaxupe	Guaranésia	South America	-21.2992	-46.8025
guayaquil	Eloy Alfaro	South America	-2.1692	-79.8399
haedo	Castelar	South America	-34.6514	-58.6407
haedo	El Palomar	South America	-34.6177	-58.6015
haedo	Santos Lugares	South America	-34.6031	-58.5407
haedo	Villa Sarmiento	South America	-34.6336	-58.5705
huacho	Hualmay	South America	-11.0964	-77.6139
huacho	Huaura	South America	-11.0700	-77.5994
huancayo	Chilca	South America	-12.0863	-75.2083
huaquillas	Zarumilla	South America	-3.5031	-80.2731
ibarra	Atuntaqui	South America	0.3276	-78.2191
icara	Morro da Fumaça	South America	-28.6508	-49.2100
icatu	Morros	South America	-2.8644	-44.0394
igarape	São Joaquim de Bicas	South America	-20.0492	-44.2739
igrejinha	Três Coroas	South America	-29.5169	-50.7778
imperatriz	João Lisboa	South America	-5.4478	-47.4008
ipiales	Pupiales	South America	0.8714	-77.6403
iquitos	Belen	South America	-3.7602	-73.2497
isidro-casanova	San Justo	South America	-34.6811	-58.5638
itabaiana	Campo do Brito	South America	-10.7333	-37.4933
itagui	Envigado	South America	6.1759	-75.5917
itagui	La Estrella	South America	6.1577	-75.6432
itambe	Pedras de Fogo	South America	-7.4019	-35.1164
itapage	Uruburetama	South America	-3.6250	-39.5083
itapecerica-da-serra	Jardim Angela	South America	-23.7164	-46.7687
itapissuma	Ilha de Itamaracá	South America	-7.7478	-34.8256
itapoa	Paranoá	South America	-15.7755	-47.7812
itaquaquecetuba	Itaim Paulista	South America	-23.5031	-46.3857
itaquaquecetuba	Jardim Helena	South America	-23.4837	-46.4131
jaguariuna	Holambra	South America	-22.6331	-47.0556
jaguariuna	Santo Antônio de Posse	South America	-22.6061	-46.9194
jaguariuna	Terra Preta	South America	-22.6333	-47.0500
jaragua-do-sul	Schroeder	South America	-26.4125	-49.0731
jesus-maria-(ar)	Colonia Caroya	South America	-31.0220	-64.0617
joacaba	Herval dOeste	South America	-27.1936	-51.4947
jose-c.-paz	Tortuguitas	South America	-34.4751	-58.7537
la-calera	Hacienda La Calera	South America	-32.7833	-71.2167
la-calera	La Cruz	South America	-32.8275	-71.2263
la-dorada	Puerto Salgar	South America	5.4630	-74.6544
la-paz	Achocalla	South America	-16.5739	-68.1511
lago-sul	Park Way	South America	-15.9085	-47.9405
lajeado	Arroio do Meio	South America	-29.4011	-51.9450
lajeado	Estrela	South America	-29.5019	-51.9664
lajedo	Jupi	South America	-8.7117	-36.4150
lambare	Villa Elisa	South America	-25.3676	-57.5927
lampa	Batuco	South America	-33.2328	-70.8092
latacunga	Pujilí	South America	-0.9576	-78.6964
leblon	Copacabana	South America	-22.9690	-43.1856
leblon	Ipanema	South America	-22.9844	-43.2028
leblon	Rocinha	South America	-22.9889	-43.2493
leblon	Vidigal	South America	-22.9948	-43.2399
lencois-paulista	Macatuba	South America	-22.5022	-48.7114
lima	Breña	South America	-12.0561	-77.0529
limeira	Cordeirópolis	South America	-22.4819	-47.4567
limoeiro	Feira Nova	South America	-7.9508	-35.3892
limoeiro-de-anadia	Cajueiro	South America	-9.7093	-36.4479
limoeiro-de-anadia	Taquarana	South America	-9.6450	-36.4972
limpio	Mariano Roque Alonso	South America	-25.2079	-57.5320
livramento-de-nossa-senhora	Livramento do Brumado	South America	-13.6515	-41.8456
lomas-de-zamora	Banfield	South America	-34.7456	-58.3937
lomas-de-zamora	Lanús	South America	-34.7076	-58.3913
lomas-de-zamora	Monte Chingolo	South America	-34.7296	-58.3542
lomas-de-zamora	Remedios de Escalada de San Martín	South America	-34.7259	-58.3966
lomas-de-zamora	Villa Lugano	South America	-34.6791	-58.4726
los-andes	San Esteban	South America	-32.7987	-70.5807
los-patios	Villa del Rosario	South America	7.8339	-72.4742
los-polvorines	Ingeniero Pablo Nogués	South America	-34.4778	-58.7065
los-polvorines	Villa de Mayo	South America	-34.5108	-58.6806
mae-do-rio	Aurora do Pará	South America	-2.1339	-47.5589
mafra	Rio Negro	South America	-26.1058	-49.7975
maiquetia	La Guaira	South America	10.6016	-66.9329
mandaguari	Jandaia do Sul	South America	-23.6031	-51.6433
manhuacu	Manhumirim	South America	-20.3578	-41.9581
manizales	Neira	South America	5.1665	-75.5200
manizales	Villamaría	South America	5.0457	-75.5147
manta	Montecristi	South America	-1.0458	-80.6589
mar-del-tuyu	Santa Teresita	South America	-36.5406	-56.6929
marataizes	Itapemirim	South America	-21.0111	-40.8339
maua	Iguatemi	South America	-23.6128	-46.4267
maua	Parque Do Carmo	South America	-23.5759	-46.4630
maua	Sao Rafael	South America	-23.6282	-46.4539
merida-(ve)	Tabay	South America	8.6317	-71.0783
merlo	San Antonio de Padua	South America	-34.6627	-58.6982
mirassol-d'oeste	São José dos Quatro Marcos	South America	-15.6214	-58.1764
monsefu	Pimentel	South America	-6.8367	-79.9342
monte-mor	Elias Fausto	South America	-23.0428	-47.3739
nossa-senhora-do-socorro	Laranjeiras	South America	-10.8064	-37.1700
nova-lima	Raposos	South America	-19.9672	-43.8042
novo-hamburgo	Estância Velha	South America	-29.6483	-51.1739
osasco	Butanta	South America	-23.5702	-46.7263
osasco	Jaguara	South America	-23.5110	-46.7471
osasco	Pirituba	South America	-23.4898	-46.7322
osasco	Rio Pequeno	South America	-23.5714	-46.7589
osasco	Sao Domingos	South America	-23.4934	-46.7476
osasco	Vila Leopoldina	South America	-23.5293	-46.7344
pacasmayo	San Pedro de Lloc	South America	-7.4289	-79.5042
palmar-de-varela	Ponedera	South America	10.6430	-74.7539
pampan	Pampanito	South America	9.4104	-70.5012
paracambi	Mendes	South America	-22.5267	-43.7328
paramaribo	Beekhuizen	South America	5.8057	-55.1737
paramaribo	Blauwgrond	South America	5.8434	-55.1193
paramaribo	Flora	South America	5.8000	-55.2000
paramaribo	Latour	South America	5.7967	-55.2086
paramaribo	Munder Buiten	South America	5.8412	-55.1825
paramaribo	Pontbuiten	South America	5.7881	-55.2090
paramaribo	Rainville	South America	5.8344	-55.1377
paramaribo	Tammenga	South America	5.8289	-55.2020
paramaribo	Weg naar Zee	South America	5.8713	-55.2149
paramaribo	Welgelegen	South America	5.8421	-55.2186
paty-do-alferes	Miguel Pereira	South America	-22.4539	-43.4689
paulista	Abreu e Lima	South America	-7.9117	-34.9028
paulo-afonso	Glória	South America	-9.3381	-38.2547
pedreiras	Trizidela do Vale	South America	-4.5719	-44.6208
peixoto-de-azevedo	Matupá	South America	-10.1693	-54.9344
penalolen	Ñuñoa	South America	-33.4474	-70.5828
penedo	Neópolis	South America	-10.3200	-36.5794
penha	Balneário Piçarras	South America	-26.7639	-48.6717
pereira	Dosquebradas	South America	4.8392	-75.6673
petare	Chacao	South America	10.4958	-66.8537
petare	El Cafetal	South America	10.4654	-66.8295
petare	La Dolorita	South America	10.4883	-66.7861
petare	Los Dos Caminos	South America	10.4939	-66.8286
petrolina	Juazeiro	South America	-9.4117	-40.4986
pirapora	Buritizeiro	South America	-17.3511	-44.9622
pombos	Chã Grande	South America	-8.2383	-35.4617
ponta-pora	Pedro Juan Caballero	South America	-22.5493	-55.7387
porto-belo	Bombinhas	South America	-27.1518	-48.4894
praia-grande	São Vicente	South America	-23.9631	-46.3919
presidente-prudente	Regente Feijó	South America	-22.2214	-51.3028
propria	Porto Real do Colégio	South America	-10.1858	-36.8400
puente-alto	La Pintana	South America	-33.5833	-70.6342
puerto-colombia	Galapa	South America	10.8969	-74.8860
puerto-varas	Llanquihue	South America	-41.2560	-73.0065
punto-fijo	Judibana	South America	11.7591	-70.1842
punto-fijo	Punta Cardón	South America	11.6581	-70.2150
quilicura	Renca	South America	-33.4019	-70.7062
quillacollo	Colcapirhua	South America	-17.3857	-66.2381
quillacollo	Vinto	South America	-17.3914	-66.3168
quilmes	Berazategui	South America	-34.7653	-58.2128
recife	Olinda	South America	-8.0089	-34.8553
redencao-(br)	Barreira	South America	-4.2869	-38.6431
repelon	San Estanislao	South America	10.3983	-75.1511
resistencia	Barranqueras	South America	-27.4813	-58.9393
riacho-fundo-ii	Recanto das Emas	South America	-15.9086	-48.0645
riacho-fundo-ii	Riacho Fundo	South America	-15.8838	-48.0163
ribeirao	Gameleira	South America	-8.5844	-35.3867
rio-branco-do-sul	Itaperuçu	South America	-25.2200	-49.3478
rio-claro	Santa Gertrudes	South America	-22.4567	-47.5303
rio-de-janeiro	Catete	South America	-22.9254	-43.1814
rio-de-janeiro	Estácio	South America	-22.9182	-43.2040
rio-grande	São José do Norte	South America	-32.0147	-52.0417
rio-grande-da-serra	Ribeirão Pires	South America	-23.7106	-46.4133
rio-largo	Messias	South America	-9.3833	-35.8417
rio-largo	Satuba	South America	-9.5633	-35.8244
rionegro	Marinilla	South America	6.1736	-75.3362
rivera	Sant'Ana do Livramento	South America	-30.8908	-55.5328
rosario-(br)	Bacabeira	South America	-2.9708	-44.3156
sabana-de-mendoza	El Dividive	South America	9.4751	-70.7349
sabanagrande	Sitionuevo	South America	10.7774	-74.7205
sabaneta	Boconoito	South America	8.8466	-69.9803
samambaia	Pôr do Sol	South America	-15.8550	-48.1243
san-antonio-de-los-altos	Carrizal	South America	10.3498	-66.9863
san-felipe	Boraure	South America	10.2475	-68.7697
san-felipe	Cocorote	South America	10.3195	-68.7830
san-felipe	Guama	South America	10.2664	-68.8199
san-fernando-de-apure	Biruaca	South America	7.8448	-67.5168
san-isidro	Barranco	South America	-12.1430	-77.0186
san-isidro	Miraflores	South America	-12.1133	-77.0327
san-isidro	San Francisco De Borja	South America	-12.0891	-76.9988
san-isidro	Santiago de Surco	South America	-12.1359	-77.0074
san-isidro-(ar)	Tigre	South America	-34.4260	-58.5796
san-lorenzo	Fernando de la Mora	South America	-25.3386	-57.5217
san-luis-de-since	Galeras	South America	9.1609	-75.0481
san-miguel-de-tucuman	Alderetes	South America	-26.8179	-65.1420
san-pablo-(co)	María la Baja	South America	9.9832	-75.3016
san-vicente-de-canete	Imperial	South America	-13.0593	-76.3527
santa-fe	Santo Tomé	South America	-31.6627	-60.7653
santa-helena	Turilândia	South America	-2.2203	-45.3064
santa-maria-da-vitoria	São Félix do Coribe	South America	-13.4006	-44.1947
santa-rita	Bayeux	South America	-7.1250	-34.9322
santa-rosa-(ar)	Toay	South America	-36.6739	-64.3798
santa-teresa-del-tuy	Lander	South America	10.1833	-66.7000
santana-de-parnaiba	Pirapora do Bom Jesus	South America	-23.3969	-47.0022
santiago	Lo Prado	South America	-33.4443	-70.7255
sao-bento	Palmeirândia	South America	-2.6453	-44.8950
sao-bernardo-do-campo	Santo André	South America	-23.6639	-46.5383
sao-caetano-do-sul	Aricanduva	South America	-23.5738	-46.5156
sao-caetano-do-sul	Carrao	South America	-23.5511	-46.5383
sao-caetano-do-sul	Cidade Lider	South America	-23.5620	-46.4913
sao-caetano-do-sul	Sacomã	South America	-23.6308	-46.5982
sao-caetano-do-sul	Sao Lucas	South America	-23.5947	-46.5436
sao-caetano-do-sul	Sapopemba	South America	-23.5956	-46.5247
sao-caetano-do-sul	Vila Formosa	South America	-23.5679	-46.5460
sao-caetano-do-sul	Vila Prudente	South America	-23.5925	-46.5728
sao-goncalo-dos-campos	Conceição da Feira	South America	-12.5058	-38.9986
sao-joao-de-meriti	Belford Roxo	South America	-22.7642	-43.3994
sao-joao-de-meriti	Nilópolis	South America	-22.8075	-43.4139
sao-jose	Palhoça	South America	-27.6453	-48.6678
sao-jose	Ribeirão da Ilha	South America	-27.6993	-48.5322
sao-jose-da-tapera	Olho d'Água das Flores	South America	-9.5361	-37.2939
sao-jose-de-mipibu	Nísia Floresta	South America	-6.0911	-35.2086
sao-jose-de-ribamar	Paço do Lumiar	South America	-2.5322	-44.1075
sao-luis-do-quitunde	Barra de Santo Antônio	South America	-9.4047	-35.5072
sao-paulo	Bosque Saúde	South America	-23.6093	-46.6230
sao-paulo	Cachoeirinha	South America	-23.4544	-46.6621
sao-paulo	Freguesia do Ó	South America	-23.4988	-46.6998
sao-paulo	Ipiranga	South America	-23.5996	-46.6160
sao-paulo	Itaim Bibi	South America	-23.5858	-46.6824
sao-paulo	Jardim Paulista	South America	-23.5667	-46.6644
sao-paulo	Limão	South America	-23.4928	-46.6692
sao-paulo	Mandaqui	South America	-23.4595	-46.6409
sao-paulo	Perdizes	South America	-23.5387	-46.6809
sao-paulo	Tatuapé	South America	-23.5373	-46.5666
sao-paulo	Vila Maria	South America	-23.5141	-46.5862
sao-paulo	Vila Mariana	South America	-23.5883	-46.6346
sao-roque	Araçariguama	South America	-23.4386	-47.0614
sao-roque	Mairinque	South America	-23.5458	-47.1833
sao-sebastiao	Jardim Botânico	South America	-15.8653	-47.8148
sao-sebastiao-(br)	Ilhabela	South America	-23.7781	-45.3581
sape	Mari	South America	-7.0600	-35.3194
sapiranga	Campo Bom	South America	-29.6789	-51.0533
sapucaia-do-sul	Esteio	South America	-29.8614	-51.1792
sarzedo	Mário Campos	South America	-20.0564	-44.1883
seropedica	Universidade Rural	South America	-22.7664	-43.6914
sirinhaem	Rio Formoso	South America	-8.6688	-35.1628
soacha	Kennedy	South America	4.6165	-74.1460
soacha	Sibaté	South America	4.4915	-74.2596
sobradinho-ii	Sobradinho	South America	-15.6471	-47.7931
sombrio	Balneário Gaivota	South America	-29.1567	-49.5794
sorocaba	Votorantim	South America	-23.5467	-47.4378
soure	Salvaterra	South America	-0.7533	-48.5167
sullana	Marcavelica	South America	-4.8778	-80.7053
sumare	Hortolândia	South America	-22.8583	-47.2200
supia	Riosucio	South America	5.4216	-75.7032
tabatinga	Leticia	South America	-4.2108	-69.9394
taboao-da-serra	Campo Limpo	South America	-23.6363	-46.7657
taboao-da-serra	Capao Redondo	South America	-23.6688	-46.7805
taboao-da-serra	Jardim Sao Luis	South America	-23.6807	-46.7394
taboao-da-serra	Raposo Tavares	South America	-23.5924	-46.7856
taboao-da-serra	Vila Andrade	South America	-23.6262	-46.7283
taquara	Parobé	South America	-29.6286	-50.8347
tartagal	General Mosconi	South America	-22.5962	-63.8110
taua	São João dos Inhamuns	South America	-6.0000	-40.2833
temuco	Padre Las Casas	South America	-38.7608	-72.5982
teresina	Timon	South America	-5.0942	-42.8367
tijucas	Governador Celso Ramos	South America	-27.3147	-48.5592
timbauba	Ferreiros	South America	-7.4475	-35.2442
tovar	Bailadores	South America	8.2535	-71.8282
tramandai	Imbé	South America	-29.9753	-50.1281
triunfo	São Jerônimo	South America	-29.9592	-51.7222
trujillo	Moche	South America	-8.1711	-79.0092
tubarao	Capivari de Baixo	South America	-28.4447	-48.9578
tulua	Andalucía	South America	4.1706	-76.1664
turmero	Cagua	South America	10.1863	-67.4594
uba	Tocantins	South America	-21.1750	-43.0178
ubajara	Ibiapina	South America	-3.9233	-40.8894
uniao-da-vitoria	Porto União	South America	-26.2381	-51.0783
urachiche	Sabana de Parra	South America	10.1211	-69.0364
uruguaiana	Paso de los Libres	South America	-29.7125	-57.0877
valdivia	Las Animas	South America	-39.8087	-73.2182
valera	Escuque	South America	9.2969	-70.6719
valinhos	Souzas	South America	-22.8792	-46.9644
valparaiso-de-goias	Cidade Ocidental	South America	-16.1097	-47.9326
varzea-paulista	Campo Limpo Paulista	South America	-23.2055	-46.7838
vera-cruz	Itaparica	South America	-12.8883	-38.6786
vespasiano	São José da Lapa	South America	-19.7003	-43.9602
viedma	Carmen de Patagones	South America	-40.8025	-62.9835
vila-velha	Vitória	South America	-20.3194	-40.3378
villa-general-san-martin	Albardón	South America	-31.4372	-68.5256
vina-del-mar	Placilla	South America	-33.1144	-71.5681
yacuiba	Profesor Salvador Mazza	South America	-22.0490	-63.6908
zipaquira	Tocancipá	South America	4.9653	-73.9130
